{
	"format_version": "1.8.0",
	"animations": {
		"jump": {
			"loop": true,
			"animation_length": 1.125,
			"bones": {
				"UpBody": {
					"rotation": [0, 0, 0]
				},
				"UpperBody": {
					"rotation": {
						"0.0": [0, 0, 0],
						"0.0417": [0.08, 0, 0],
						"0.0833": [0.19, 0, 0],
						"0.125": [0.33, 0, 0],
						"0.1667": [0.49, 0, 0],
						"0.2083": [0.64, 0, 0],
						"0.25": [0.78, 0, 0],
						"0.2917": [0.89, 0, 0],
						"0.3333": [0.97, 0, 0],
						"0.375": [1, 0, 0],
						"0.4167": [0.97, 0, 0],
						"0.4583": [0.9, 0, 0],
						"0.5": [0.78, 0, 0],
						"0.5417": [0.64, 0, 0],
						"0.5833": [0.49, 0, 0],
						"0.625": [0.34, 0, 0],
						"0.6667": [0.2, 0, 0],
						"0.7083": [0.08, 0, 0],
						"0.75": [0, 0, 0],
						"0.7917": [0.08, 0, 0],
						"0.8333": [0.19, 0, 0]
					}
				},
				"LeftArm": {
					"rotation": [-5.31524, 5.2922, -20.24804]
				},
				"LeftForeArm": {
					"rotation": {
						"0.0": [-35, 0, 0],
						"0.0417": [-35.04, 0, 0],
						"0.0833": [-35.1, 0, 0],
						"0.125": [-35.17, 0, 0],
						"0.1667": [-35.24, 0, 0],
						"0.2083": [-35.32, 0, 0],
						"0.25": [-35.39, 0, 0],
						"0.2917": [-35.45, 0, 0],
						"0.3333": [-35.49, 0, 0],
						"0.375": [-35.5, 0, 0],
						"0.4167": [-35.48, 0, 0],
						"0.4583": [-35.44, 0, 0],
						"0.5": [-35.38, 0, 0],
						"0.5417": [-35.3, 0, 0],
						"0.5833": [-35.22, 0, 0],
						"0.625": [-35.14, 0, 0],
						"0.6667": [-35.07, 0, 0],
						"0.7083": [-35.02, 0, 0],
						"0.75": [-35, 0, 0],
						"0.7917": [-35.04, 0, 0],
						"0.8333": [-35.1, 0, 0],
						"0.875": [-35.17, 0, 0],
						"0.9167": [-35.24, 0, 0],
						"0.9583": [-35.32, 0, 0],
						"1.0": [-35.39, 0, 0],
						"1.0417": [-35.45, 0, 0],
						"1.0833": [-35.49, 0, 0],
						"1.125": [-35.5, 0, 0]
					}
				},
				"RightArm": {
					"rotation": [-4.83419, -5.73475, 15.24449]
				},
				"RightForeArm": {
					"rotation": {
						"0.0": [-35, 0, 0],
						"0.0417": [-35.04, 0, 0],
						"0.0833": [-35.1, 0, 0],
						"0.125": [-35.17, 0, 0],
						"0.1667": [-35.24, 0, 0],
						"0.2083": [-35.32, 0, 0],
						"0.25": [-35.39, 0, 0],
						"0.2917": [-35.45, 0, 0],
						"0.3333": [-35.49, 0, 0],
						"0.375": [-35.5, 0, 0],
						"0.4167": [-35.48, 0, 0],
						"0.4583": [-35.44, 0, 0],
						"0.5": [-35.38, 0, 0],
						"0.5417": [-35.3, 0, 0],
						"0.5833": [-35.22, 0, 0],
						"0.625": [-35.14, 0, 0],
						"0.6667": [-35.07, 0, 0],
						"0.7083": [-35.02, 0, 0],
						"0.75": [-35, 0, 0],
						"0.7917": [-35.04, 0, 0],
						"0.8333": [-35.1, 0, 0],
						"0.875": [-35.17, 0, 0],
						"0.9167": [-35.24, 0, 0],
						"0.9583": [-35.32, 0, 0],
						"1.0": [-35.39, 0, 0],
						"1.0417": [-35.45, 0, 0],
						"1.0833": [-35.49, 0, 0],
						"1.125": [-35.5, 0, 0]
					}
				},
				"LeftLeg": {
					"rotation": [-14.03381, 4.93829, -0.78411]
				},
				"LeftLowerLeg": {
					"rotation": [32.5, 0, 0]
				},
				"LeftFoot": {
					"rotation": [43, 0, 0]
				},
				"RightLeg": {
					"rotation": [-66.42002, -4.58437, -1.99801]
				},
				"RightLowerLeg": {
					"rotation": [120.86748, -12.95254, -7.63074]
				},
				"t": {
					"rotation": [10.5, 0, 0]
				},
				"Head": {
					"rotation": [0, 0, 0]
				},
				"DownBody": {
					"rotation": [0, 0, 0]
				},
				"bone3": {
					"rotation": [0, 0, 10]
				},
				"bone4": {
					"rotation": [0, 0, -10]
				},
				"Zui2": {
					"position": [0, 0, -0.7]
				},
				"bone14": {
					"rotation": [-26, 0, 0]
				}
			}
		},
		"walk": {
			"loop": true,
			"animation_length": 1,
			"bones": {
				"UpBody": {
					"rotation": {
						"0.0": [-2.55404, -2.48791, -1.43938],
						"0.0417": [-2.03478, -2.43592, -1.75637],
						"0.0833": [-1.67356, -2.3087, -1.95696],
						"0.125": [-1.59012, -1.91916, -1.70376],
						"0.1667": [-1.69923, -1.14076, -0.84132],
						"0.2083": [-1.91033, -0.37961, -0.24383],
						"0.375": [-2.77586, 1.73487, 0.72935],
						"0.4167": [-2.8713, 2.10657, 0.92611],
						"0.4583": [-2.84486, 2.38303, 1.15151],
						"0.5": [-2.55404, 2.48791, 1.43938],
						"0.5417": [-2.03478, 2.43592, 1.75637],
						"0.5833": [-1.67356, 2.3087, 1.95696],
						"0.625": [-1.59012, 1.91916, 1.70376],
						"0.6667": [-1.69923, 1.14076, 0.84132],
						"0.7083": [-1.91033, 0.37961, 0.24383],
						"0.875": [-2.77586, -1.73487, -0.72935],
						"0.9167": [-2.8713, -2.10657, -0.92611],
						"0.9583": [-2.84486, -2.38303, -1.15151],
						"1.0": [-2.55404, -2.48791, -1.43938]
					},
					"position": [0, 0, 0]
				},
				"RightArm": {
					"rotation": {
						"0.0": [-15.49599, 14.67428, -4.27389],
						"0.0417": [-13.73997, 14.51316, -4.14798],
						"0.0833": [-10.46103, 14.19199, -3.7846],
						"0.125": [-6.16917, 13.80049, -3.28724],
						"0.1667": [-1.27208, 13.37108, -2.72257],
						"0.25": [9.02841, 12.46139, -1.55833],
						"0.2917": [13.87428, 12.00187, -1.01336],
						"0.3333": [18.18318, 11.5517, -0.5177],
						"0.375": [21.71816, 11.12229, -0.08402],
						"0.4167": [24.24401, 10.73079, 0.27808],
						"0.4583": [25.52021, 10.40962, 0.56122],
						"0.5": [25.29399, 10.2485, 0.75978],
						"0.5417": [23.61938, 10.40962, 0.83907],
						"0.5833": [20.88157, 10.73079, 0.77137],
						"0.625": [17.29793, 11.12229, 0.56332],
						"0.6667": [13.07793, 11.5517, 0.22387],
						"0.7083": [8.42933, 12.00187, -0.23507],
						"0.7917": [-1.29319, 12.92091, -1.44204],
						"0.8333": [-5.8999, 13.37108, -2.13886],
						"0.875": [-9.98153, 13.80049, -2.84663],
						"0.9167": [-13.21799, 14.19199, -3.50582],
						"0.9583": [-15.21975, 14.51316, -4.0278],
						"1.0": [-15.49599, 14.67428, -4.27389]
					},
					"position": {
						"0.0": [0, 0, 0],
						"0.5": [0, 0, 0],
						"1.0": [0, 0, 0]
					}
				},
				"RightForeArm": {
					"rotation": {
						"0.0": [-29.82648, 2.86313, 6.93488],
						"0.0417": [-28.57872, 2.80618, 7.04341],
						"0.0833": [-26.98594, 2.69265, 7.25976],
						"0.125": [-25.09431, 2.55427, 7.52348],
						"0.25": [-18.70163, 2.08094, 8.42552],
						"0.2917": [-16.85204, 1.91852, 8.73506],
						"0.3333": [-15.4033, 1.7594, 9.0383],
						"0.375": [-14.45579, 1.60761, 9.32755],
						"0.4167": [-14.05669, 1.46923, 9.59128],
						"0.4583": [-14.20918, 1.35571, 9.80762],
						"0.5": [-14.88733, 1.29876, 9.91615],
						"0.5417": [-16.00415, 1.35571, 9.80762],
						"0.5833": [-17.48843, 1.46923, 9.59128],
						"0.625": [-19.30439, 1.60761, 9.32755],
						"0.6667": [-21.3771, 1.7594, 9.0383],
						"0.75": [-25.76291, 2.08094, 8.42552],
						"0.7917": [-27.7246, 2.24337, 8.11598],
						"0.8333": [-29.29423, 2.40249, 7.81274],
						"0.875": [-30.3387, 2.55427, 7.52348],
						"0.9167": [-30.78279, 2.69265, 7.25976],
						"0.9583": [-30.60582, 2.80618, 7.04341],
						"1.0": [-29.82648, 2.86313, 6.93488]
					},
					"position": {
						"0.0": [0, 0, 0],
						"0.5": [0, 0, 0],
						"1.0": [0, 0, 0]
					}
				},
				"LeftArm": {
					"rotation": {
						"0.0": [25.29399, -10.2485, -0.75978],
						"0.0417": [23.61938, -10.40962, -0.83907],
						"0.0833": [20.88157, -10.73079, -0.77137],
						"0.125": [17.29793, -11.12229, -0.56332],
						"0.1667": [13.07793, -11.5517, -0.22387],
						"0.2083": [8.42933, -12.00187, 0.23507],
						"0.2917": [-1.29319, -12.92091, 1.44204],
						"0.3333": [-5.8999, -13.37108, 2.13886],
						"0.375": [-9.98153, -13.80049, 2.84663],
						"0.4167": [-13.21799, -14.19199, 3.50582],
						"0.4583": [-15.21975, -14.51316, 4.0278],
						"0.5": [-15.49599, -14.67428, 4.27389],
						"0.5417": [-13.73997, -14.51316, 4.14798],
						"0.5833": [-10.46103, -14.19199, 3.7846],
						"0.625": [-6.16917, -13.80049, 3.28724],
						"0.6667": [-1.27208, -13.37108, 2.72257],
						"0.75": [9.02841, -12.46139, 1.55833],
						"0.7917": [13.87428, -12.00187, 1.01336],
						"0.8333": [18.18318, -11.5517, 0.5177],
						"0.875": [21.71816, -11.12229, 0.08402],
						"0.9167": [24.24401, -10.73079, -0.27808],
						"0.9583": [25.52021, -10.40962, -0.56122],
						"1.0": [25.29399, -10.2485, -0.75978]
					},
					"position": {
						"0.0": [0, 0, 0],
						"1.0": [0, 0, 0]
					}
				},
				"LeftForeArm": {
					"rotation": {
						"0.0": [-14.88733, -1.29876, -9.91615],
						"0.0417": [-16.00415, -1.35571, -9.80762],
						"0.0833": [-17.48843, -1.46923, -9.59128],
						"0.125": [-19.30439, -1.60761, -9.32755],
						"0.1667": [-21.3771, -1.7594, -9.0383],
						"0.25": [-25.76291, -2.08094, -8.42552],
						"0.2917": [-27.7246, -2.24337, -8.11598],
						"0.3333": [-29.29423, -2.40249, -7.81274],
						"0.375": [-30.3387, -2.55427, -7.52348],
						"0.4167": [-30.78279, -2.69265, -7.25976],
						"0.4583": [-30.60582, -2.80618, -7.04341],
						"0.5": [-29.82648, -2.86313, -6.93488],
						"0.5417": [-28.57872, -2.80618, -7.04341],
						"0.5833": [-26.98594, -2.69265, -7.25976],
						"0.625": [-25.09431, -2.55427, -7.52348],
						"0.75": [-18.70163, -2.08094, -8.42552],
						"0.7917": [-16.85204, -1.91852, -8.73506],
						"0.8333": [-15.4033, -1.7594, -9.0383],
						"0.875": [-14.45579, -1.60761, -9.32755],
						"0.9167": [-14.05669, -1.46923, -9.59128],
						"0.9583": [-14.20918, -1.35571, -9.80762],
						"1.0": [-14.88733, -1.29876, -9.91615]
					},
					"position": {
						"0.0": [0, 0, 0],
						"1.0": [0, 0, 0]
					}
				},
				"RightLeg": {
					"rotation": {
						"0.0": [22.49507, 0.07303, -0.02898],
						"0.0417": [22.50267, 0.0876, -0.28071],
						"0.0833": [21.52366, 0.09837, -0.37898],
						"0.125": [18.92016, 0.12029, -0.26993],
						"0.1667": [14.99471, 0.17369, 0.0152],
						"0.2083": [10.03151, 0.32823, 0.39053],
						"0.25": [3.97397, 0.59048, 0.67433],
						"0.2917": [-2.81424, 0.82035, 0.68091],
						"0.3333": [-9.98673, 0.90794, 0.56815],
						"0.375": [-16.77555, 0.58253, 0.38857],
						"0.4167": [-22.17271, -0.24293, -0.0445],
						"0.4583": [-25.77437, -0.93312, -0.71637],
						"0.5": [-27.47911, -1.05627, -1.26603],
						"0.5417": [-27.55693, -0.89687, -1.64028],
						"0.5833": [-26.18492, -0.76592, -1.66156],
						"0.625": [-23.45979, -0.70976, -1.17327],
						"0.6667": [-19.98976, -0.73949, -0.58613],
						"0.7083": [-14.15436, -0.73097, -0.31245],
						"0.75": [-5.88559, -0.59835, -0.09125],
						"0.7917": [2.10836, -0.47075, 0.05684],
						"0.8333": [8.00334, -0.4226, 0.09368],
						"0.875": [13.00256, -0.36094, 0.10131],
						"0.9167": [18.15021, -0.1606, 0.14293],
						"0.9583": [21.39564, 0.01573, 0.13322],
						"1.0": [22.49507, 0.07303, -0.02898]
					}
				},
				"RightLowerLeg": {
					"rotation": {
						"0.0": [10, 0, 0],
						"0.0417": [14.09609, 0, 0],
						"0.0833": [19.42555, 0, 0],
						"0.125": [24.33566, 0, 0],
						"0.1667": [27.5, 0, 0],
						"0.2083": [30.12553, 0, 0],
						"0.25": [33.23371, 0, 0],
						"0.2917": [35.43106, 0, 0],
						"0.3333": [35, 0, 0],
						"0.375": [29.0815, 0, 0],
						"0.4167": [19.73675, 0, 0],
						"0.4583": [12.00834, 0, 0],
						"0.5": [10, 0, 0],
						"0.5417": [13.41296, 0, 0],
						"0.5833": [18.57232, 0, 0],
						"0.625": [23.16494, 0, 0],
						"0.6667": [25, 0, 0],
						"0.7083": [22.68505, 0, 0],
						"0.75": [17.08933, 0, 0],
						"0.7917": [11.0242, 0, 0],
						"0.8333": [7.5, 0, 0],
						"0.875": [6.46077, 0, 0],
						"0.9167": [6.43058, 0, 0],
						"0.9583": [7.59, 0, 0],
						"1.0": [10, 0, 0]
					}
				},
				"LeftLeg": {
					"rotation": {
						"0.0": [-27.47911, 1.05627, 1.26603],
						"0.0417": [-27.55693, 0.89687, 1.64028],
						"0.0833": [-26.18492, 0.76592, 1.66156],
						"0.125": [-23.45979, 0.70976, 1.17327],
						"0.1667": [-19.98976, 0.73949, 0.58613],
						"0.2083": [-14.15436, 0.73097, 0.31245],
						"0.25": [-5.88559, 0.59835, 0.09125],
						"0.2917": [2.10836, 0.47075, -0.05684],
						"0.3333": [8.00334, 0.4226, -0.09368],
						"0.375": [13.00256, 0.36094, -0.10131],
						"0.4167": [18.15021, 0.1606, -0.14293],
						"0.4583": [21.39564, -0.01573, -0.13322],
						"0.5": [22.49507, -0.07303, 0.02898],
						"0.5417": [22.50267, -0.0876, 0.28071],
						"0.5833": [21.52366, -0.09837, 0.37898],
						"0.625": [18.92016, -0.12029, 0.26993],
						"0.6667": [14.99471, -0.17369, -0.0152],
						"0.7083": [10.03151, -0.32823, -0.39053],
						"0.75": [3.97397, -0.59048, -0.67433],
						"0.7917": [-2.81424, -0.82035, -0.68091],
						"0.8333": [-9.98673, -0.90794, -0.56815],
						"0.875": [-16.77555, -0.58253, -0.38857],
						"0.9167": [-22.17271, 0.24293, 0.0445],
						"0.9583": [-25.77437, 0.93312, 0.71637],
						"1.0": [-27.47911, 1.05627, 1.26603]
					}
				},
				"LeftLowerLeg": {
					"rotation": {
						"0.0": [10, 0, 0],
						"0.0417": [13.41296, 0, 0],
						"0.0833": [18.57232, 0, 0],
						"0.125": [23.16494, 0, 0],
						"0.1667": [25, 0, 0],
						"0.2083": [22.68505, 0, 0],
						"0.25": [17.08933, 0, 0],
						"0.2917": [11.0242, 0, 0],
						"0.3333": [7.5, 0, 0],
						"0.375": [6.46077, 0, 0],
						"0.4167": [6.43058, 0, 0],
						"0.4583": [7.59, 0, 0],
						"0.5": [10, 0, 0],
						"0.5417": [14.09609, 0, 0],
						"0.5833": [19.42555, 0, 0],
						"0.625": [24.33566, 0, 0],
						"0.6667": [27.5, 0, 0],
						"0.7083": [30.12553, 0, 0],
						"0.75": [33.23371, 0, 0],
						"0.7917": [35.43106, 0, 0],
						"0.8333": [35, 0, 0],
						"0.875": [29.0815, 0, 0],
						"0.9167": [19.73675, 0, 0],
						"0.9583": [12.00834, 0, 0],
						"1.0": [10, 0, 0]
					}
				},
				"LeftFoot": {
					"rotation": {
						"0.0": [-2.5, 0, 0],
						"0.0417": [-1.57849, 0, 0],
						"0.0833": [-2.63983, 0, 0],
						"0.125": [-4.44664, 0, 0],
						"0.1667": [-5, 0, 0],
						"0.2083": [-3.2721, 0, 0],
						"0.25": [0.06873, 0, 0],
						"0.2917": [3.26027, 0, 0],
						"0.3333": [5, 0, 0],
						"0.375": [4.72674, 0, 0],
						"0.4167": [2.72931, 0, 0],
						"0.4583": [0.31505, 0, 0],
						"0.5": [0, 0, 0],
						"0.5417": [3.19702, 0, 0],
						"0.5833": [7.09531, 0, 0],
						"0.625": [10.5432, 0, 0],
						"0.6667": [12.5, 0, 0],
						"0.7083": [8.25657, 0, 0],
						"0.75": [-1.68498, 0, 0],
						"0.7917": [-12.07028, 0, 0],
						"0.8333": [-17.5, 0, 0],
						"0.875": [-15.70058, 0, 0],
						"0.9167": [-10.76614, 0, 0],
						"0.9583": [-5.71536, 0, 0],
						"1.0": [-2.5, 0, 0]
					}
				},
				"Zui2": {
					"position": [0, 0, 1]
				},
				"Root": {
					"rotation": [0, 0, 0],
					"position": {
						"0.0": [0.2, -0.55, 0],
						"0.0417": [0.15792, -0.71768, 0],
						"0.0833": [0.11678, -0.8328, 0],
						"0.125": [0.06846, -0.87724, 0],
						"0.1667": [0, -0.8, 0],
						"0.2083": [-0.07122, -0.61256, 0],
						"0.25": [-0.12491, -0.43427, 0],
						"0.2917": [-0.16828, -0.30476, 0],
						"0.3333": [-0.2, -0.25, 0],
						"0.375": [-0.21859, -0.26231, 0],
						"0.4167": [-0.22885, -0.31587, 0],
						"0.4583": [-0.22616, -0.4068, 0],
						"0.5": [-0.2, -0.55, 0],
						"0.5417": [-0.15792, -0.71768, 0],
						"0.5833": [-0.11678, -0.8328, 0],
						"0.625": [-0.06846, -0.87724, 0],
						"0.6667": [0, -0.8, 0],
						"0.7083": [0.07122, -0.61256, 0],
						"0.75": [0.12491, -0.43427, 0],
						"0.7917": [0.16828, -0.30476, 0],
						"0.8333": [0.2, -0.25, 0],
						"0.875": [0.21859, -0.26231, 0],
						"0.9167": [0.22885, -0.31587, 0],
						"0.9583": [0.22616, -0.4068, 0],
						"1.0": [0.2, -0.55, 0]
					},
					"scale": 1
				},
				"t": {
					"rotation": {
						"0.0": [0, 0, 0],
						"0.0417": [3.19702, 0, 0],
						"0.0833": [7.09531, 0, 0],
						"0.125": [10.5432, 0, 0],
						"0.1667": [12.5, 0, 0],
						"0.2083": [8.25657, 0, 0],
						"0.25": [-1.68498, 0, 0],
						"0.2917": [-12.07028, 0, 0],
						"0.3333": [-17.5, 0, 0],
						"0.375": [-15.70058, 0, 0],
						"0.4167": [-10.76614, 0, 0],
						"0.4583": [-5.71536, 0, 0],
						"0.5": [-2.5, 0, 0],
						"0.5417": [-1.57849, 0, 0],
						"0.5833": [-2.63983, 0, 0],
						"0.625": [-4.44664, 0, 0],
						"0.6667": [-5, 0, 0],
						"0.7083": [-3.2721, 0, 0],
						"0.75": [0.06873, 0, 0],
						"0.7917": [3.26027, 0, 0],
						"0.8333": [5, 0, 0],
						"0.875": [4.72674, 0, 0],
						"0.9167": [2.72931, 0, 0],
						"0.9583": [0.31505, 0, 0],
						"1.0": [0, 0, 0]
					}
				}
			}
		},
		"run": {
			"loop": true,
			"animation_length": 0.75,
			"bones": {
				"RightFoot": {
					"rotation": {
						"0.0": [22.5, 0, 0],
						"0.0417": [19.53, 0, 0],
						"0.0833": [17.5, 0, 0],
						"0.125": [19.32, 0, 0],
						"0.2083": [22.66, 0, 0],
						"0.2917": [25, 0, 0],
						"0.3333": [12.49, 0, 0],
						"0.375": [-2.5, 0, 0],
						"0.4167": [-13.44, 0, 0],
						"0.4583": [-15, 0, 0],
						"0.5": [-6, 0, 0],
						"0.5833": [8.59, 0, 0],
						"0.6667": [32.5, 0, 0],
						"0.7083": [30.47, 0, 0],
						"0.75": [22.5, 0, 0]
					}
				},
				"Breast": {
					"rotation": {
						"0.0": {
							"post": [-12, 0, 0],
							"lerp_mode": "catmullrom"
						},
						"0.0417": {
							"post": [-11, 0, 0],
							"lerp_mode": "catmullrom"
						},
						"0.125": {
							"post": [0, 0, 0],
							"lerp_mode": "catmullrom"
						},
						"0.2083": {
							"post": [1, 0, 0],
							"lerp_mode": "catmullrom"
						},
						"0.3333": {
							"post": [-10, 0, 0],
							"lerp_mode": "catmullrom"
						},
						"0.375": {
							"post": [-12, 0, 0],
							"lerp_mode": "catmullrom"
						},
						"0.4167": {
							"post": [-11, 0, 0],
							"lerp_mode": "catmullrom"
						},
						"0.5": {
							"post": [0, 0, 0],
							"lerp_mode": "catmullrom"
						},
						"0.5833": {
							"post": [1, 0, 0],
							"lerp_mode": "catmullrom"
						},
						"0.7083": {
							"post": [-10, 0, 0],
							"lerp_mode": "catmullrom"
						},
						"0.75": {
							"post": [-12, 0, 0],
							"lerp_mode": "catmullrom"
						}
					},
					"position": {
						"0.0": {
							"post": [0, 0.3, 0],
							"lerp_mode": "catmullrom"
						},
						"0.0417": {
							"post": [0, 0.25, 0],
							"lerp_mode": "catmullrom"
						},
						"0.125": {
							"post": [0, -0.15, 0],
							"lerp_mode": "catmullrom"
						},
						"0.2083": {
							"post": [0, -0.2, 0],
							"lerp_mode": "catmullrom"
						},
						"0.3333": {
							"post": [0, 0.2, 0],
							"lerp_mode": "catmullrom"
						},
						"0.375": {
							"post": [0, 0.3, 0],
							"lerp_mode": "catmullrom"
						},
						"0.4167": {
							"post": [0, 0.25, 0],
							"lerp_mode": "catmullrom"
						},
						"0.5": {
							"post": [0, -0.15, 0],
							"lerp_mode": "catmullrom"
						},
						"0.5833": {
							"post": [0, -0.2, 0],
							"lerp_mode": "catmullrom"
						},
						"0.7083": {
							"post": [0, 0.2, 0],
							"lerp_mode": "catmullrom"
						},
						"0.75": {
							"post": [0, 0.3, 0],
							"lerp_mode": "catmullrom"
						}
					},
					"scale": {
						"0.0": {
							"post": [1.15, 0.85, 1.15],
							"lerp_mode": "catmullrom"
						},
						"0.0417": {
							"post": [1.1, 0.9, 1.1],
							"lerp_mode": "catmullrom"
						},
						"0.125": {
							"post": [0.95, 1.05, 1],
							"lerp_mode": "catmullrom"
						},
						"0.2083": {
							"post": [0.9, 1.1, 1],
							"lerp_mode": "catmullrom"
						},
						"0.3333": {
							"post": [1.05, 0.95, 1.05],
							"lerp_mode": "catmullrom"
						},
						"0.375": {
							"post": [1.15, 0.85, 1.15],
							"lerp_mode": "catmullrom"
						},
						"0.4167": {
							"post": [1.1, 0.9, 1.1],
							"lerp_mode": "catmullrom"
						},
						"0.5": {
							"post": [0.95, 1.05, 1],
							"lerp_mode": "catmullrom"
						},
						"0.5833": {
							"post": [0.9, 1.1, 1],
							"lerp_mode": "catmullrom"
						},
						"0.7083": {
							"post": [1.05, 0.95, 1.05],
							"lerp_mode": "catmullrom"
						},
						"0.75": {
							"post": [1.15, 0.85, 1.15],
							"lerp_mode": "catmullrom"
						}
					}
				},
				"BreastLeft": {
					"rotation": {
						"0.0": {
							"post": [0, -10, 0],
							"lerp_mode": "catmullrom"
						},
						"0.2083": {
							"post": [0, 0, 0],
							"lerp_mode": "catmullrom"
						},
						"0.375": {
							"post": [0, 5, 0],
							"lerp_mode": "catmullrom"
						},
						"0.5833": {
							"post": [0, 0, 0],
							"lerp_mode": "catmullrom"
						},
						"0.75": {
							"post": [0, -10, 0],
							"lerp_mode": "catmullrom"
						}
					}
				},
				"BreastLeftCloth": {
					"rotation": {
						"0.0": {
							"post": [0, 0, 0],
							"lerp_mode": "catmullrom"
						},
						"0.0833": {
							"post": [-10, 0, 0],
							"lerp_mode": "catmullrom"
						},
						"0.2083": {
							"post": [-15, 0, 0],
							"lerp_mode": "catmullrom"
						},
						"0.2917": {
							"post": [-10, 0, 0],
							"lerp_mode": "catmullrom"
						},
						"0.375": {
							"post": [0, 0, 0],
							"lerp_mode": "catmullrom"
						},
						"0.4583": {
							"post": [-10, 0, 0],
							"lerp_mode": "catmullrom"
						},
						"0.5833": {
							"post": [-15, 0, 0],
							"lerp_mode": "catmullrom"
						},
						"0.6667": {
							"post": [-10, 0, 0],
							"lerp_mode": "catmullrom"
						},
						"0.75": {
							"post": [0, 0, 0],
							"lerp_mode": "catmullrom"
						}
					}
				},
				"BreastLeftClothDown": {
					"rotation": {
						"0.0": {
							"post": [0, 0, 0],
							"lerp_mode": "catmullrom"
						},
						"0.0833": {
							"post": [-60, 0, 0],
							"lerp_mode": "catmullrom"
						},
						"0.2083": {
							"post": [-90, 0, 0],
							"lerp_mode": "catmullrom"
						},
						"0.375": {
							"post": [10, 0, 0],
							"lerp_mode": "catmullrom"
						},
						"0.4583": {
							"post": [-60, 0, 0],
							"lerp_mode": "catmullrom"
						},
						"0.5833": {
							"post": [-90, 0, 0],
							"lerp_mode": "catmullrom"
						},
						"0.75": {
							"post": [0, 0, 0],
							"lerp_mode": "catmullrom"
						}
					}
				},
				"BreastRight": {
					"rotation": {
						"0.0": {
							"post": [0, -5, 0],
							"lerp_mode": "catmullrom"
						},
						"0.2083": {
							"post": [0, 0, 0],
							"lerp_mode": "catmullrom"
						},
						"0.375": {
							"post": [0, 10, 0],
							"lerp_mode": "catmullrom"
						},
						"0.5833": {
							"post": [0, 0, 0],
							"lerp_mode": "catmullrom"
						},
						"0.625": {
							"post": [0, 5, 0],
							"lerp_mode": "catmullrom"
						},
						"0.75": {
							"post": [0, -5, 0],
							"lerp_mode": "catmullrom"
						}
					}
				},
				"BreastRightCloth": {
					"rotation": {
						"0.0": {
							"post": [0, 0, 0],
							"lerp_mode": "catmullrom"
						},
						"0.0833": {
							"post": [-10, 0, 0],
							"lerp_mode": "catmullrom"
						},
						"0.2083": {
							"post": [-15, 0, 0],
							"lerp_mode": "catmullrom"
						},
						"0.2917": {
							"post": [-10, 0, 0],
							"lerp_mode": "catmullrom"
						},
						"0.375": {
							"post": [0, 0, 0],
							"lerp_mode": "catmullrom"
						},
						"0.4583": {
							"post": [-10, 0, 0],
							"lerp_mode": "catmullrom"
						},
						"0.5833": {
							"post": [-15, 0, 0],
							"lerp_mode": "catmullrom"
						},
						"0.6667": {
							"post": [-10, 0, 0],
							"lerp_mode": "catmullrom"
						},
						"0.75": {
							"post": [0, 0, 0],
							"lerp_mode": "catmullrom"
						}
					}
				},
				"BreastRightClothDown": {
					"rotation": {
						"0.0": {
							"post": [10, 0, 0],
							"lerp_mode": "catmullrom"
						},
						"0.0833": {
							"post": [-60, 0, 0],
							"lerp_mode": "catmullrom"
						},
						"0.2083": {
							"post": [-90, 0, 0],
							"lerp_mode": "catmullrom"
						},
						"0.375": {
							"post": [0, 0, 0],
							"lerp_mode": "catmullrom"
						},
						"0.4583": {
							"post": [-60, 0, 0],
							"lerp_mode": "catmullrom"
						},
						"0.5833": {
							"post": [-90, 0, 0],
							"lerp_mode": "catmullrom"
						},
						"0.75": {
							"post": [10, 0, 0],
							"lerp_mode": "catmullrom"
						}
					}
				},
				"LongHair": {
					"rotation": {
						"0.0": {
							"post": [25, 0, 5],
							"lerp_mode": "catmullrom"
						},
						"0.0833": {
							"post": [20, 0, 3],
							"lerp_mode": "catmullrom"
						},
						"0.2917": {
							"post": [20, 0, -3],
							"lerp_mode": "catmullrom"
						},
						"0.375": {
							"post": [25, 0, -5],
							"lerp_mode": "catmullrom"
						},
						"0.4583": {
							"post": [20, 0, -3],
							"lerp_mode": "catmullrom"
						},
						"0.6667": {
							"post": [20, 0, 3],
							"lerp_mode": "catmullrom"
						},
						"0.75": {
							"post": [25, 0, 5],
							"lerp_mode": "catmullrom"
						}
					}
				},
				"HairDownLeft": {
					"rotation": {
						"0.0": {
							"post": [0, 0, -10],
							"lerp_mode": "catmullrom"
						},
						"0.375": {
							"post": [0, 0, 10],
							"lerp_mode": "catmullrom"
						},
						"0.75": {
							"post": [0, 0, -10],
							"lerp_mode": "catmullrom"
						}
					}
				},
				"HairDownLeft2": {
					"rotation": {
						"0.0": {
							"post": [0, 0, -10],
							"lerp_mode": "catmullrom"
						},
						"0.375": {
							"post": [0, 0, 10],
							"lerp_mode": "catmullrom"
						},
						"0.75": {
							"post": [0, 0, -10],
							"lerp_mode": "catmullrom"
						}
					}
				},
				"HairDownRight2": {
					"rotation": {
						"0.0": {
							"post": [0, 0, -10],
							"lerp_mode": "catmullrom"
						},
						"0.375": {
							"post": [0, 0, 10],
							"lerp_mode": "catmullrom"
						},
						"0.75": {
							"post": [0, 0, -10],
							"lerp_mode": "catmullrom"
						}
					}
				},
				"HairDownRight": {
					"rotation": {
						"0.0": {
							"post": [0, 0, -10],
							"lerp_mode": "catmullrom"
						},
						"0.375": {
							"post": [0, 0, 10],
							"lerp_mode": "catmullrom"
						},
						"0.75": {
							"post": [0, 0, -10],
							"lerp_mode": "catmullrom"
						}
					}
				},
				"HairBangs": {
					"rotation": {
						"0.0": {
							"post": [0, 0, -10],
							"lerp_mode": "catmullrom"
						},
						"0.375": {
							"post": [0, 0, 10],
							"lerp_mode": "catmullrom"
						},
						"0.75": {
							"post": [0, 0, -10],
							"lerp_mode": "catmullrom"
						}
					}
				},
				"NunHat2": {
					"rotation": {
						"0.0": {
							"post": [25, 0, 0],
							"lerp_mode": "catmullrom"
						},
						"0.0833": {
							"post": [20, 0, 0],
							"lerp_mode": "catmullrom"
						},
						"0.2917": {
							"post": [20, 0, 0],
							"lerp_mode": "catmullrom"
						},
						"0.375": {
							"post": [25, 0, 0],
							"lerp_mode": "catmullrom"
						},
						"0.5": {
							"post": [20, 0, 0],
							"lerp_mode": "catmullrom"
						},
						"0.6667": {
							"post": [20, 0, 0],
							"lerp_mode": "catmullrom"
						},
						"0.75": {
							"post": [25, 0, 0],
							"lerp_mode": "catmullrom"
						}
					}
				},
				"HemlineBack": {
					"rotation": {
						"0.0": {
							"post": [15, 0, 0],
							"lerp_mode": "catmullrom"
						},
						"0.0417": {
							"post": [15, 0, 0],
							"lerp_mode": "catmullrom"
						},
						"0.125": {
							"post": [10, 0, 0],
							"lerp_mode": "catmullrom"
						},
						"0.1667": {
							"post": [10, 0, 0],
							"lerp_mode": "catmullrom"
						},
						"0.2917": {
							"post": [15, 0, 0],
							"lerp_mode": "catmullrom"
						},
						"0.375": {
							"post": [15, 0, 0],
							"lerp_mode": "catmullrom"
						},
						"0.4167": {
							"post": [15, 0, 0],
							"lerp_mode": "catmullrom"
						},
						"0.5": {
							"post": [10, 0, 0],
							"lerp_mode": "catmullrom"
						},
						"0.5417": {
							"post": [10, 0, 0],
							"lerp_mode": "catmullrom"
						},
						"0.6667": {
							"post": [15, 0, 0],
							"lerp_mode": "catmullrom"
						},
						"0.75": {
							"post": [15, 0, 0],
							"lerp_mode": "catmullrom"
						}
					}
				},
				"HemlineRight": {
					"rotation": {
						"0.0": {
							"post": [20, 0, 0],
							"lerp_mode": "catmullrom"
						},
						"0.4583": {
							"post": [-10, 0, 0],
							"lerp_mode": "catmullrom"
						},
						"0.5": {
							"post": [-15, 0, 0],
							"lerp_mode": "catmullrom"
						},
						"0.75": {
							"post": [20, 0, 0],
							"lerp_mode": "catmullrom"
						}
					}
				},
				"HemlineRightDown": {
					"rotation": {
						"0.0": {
							"post": [90, -5, 10],
							"lerp_mode": "catmullrom"
						},
						"0.0417": {
							"post": [90, -5, 10],
							"lerp_mode": "catmullrom"
						},
						"0.2917": {
							"post": [22.82, 0, 0],
							"lerp_mode": "catmullrom"
						},
						"0.375": {
							"post": [0, 0, 0],
							"lerp_mode": "catmullrom"
						},
						"0.5": {
							"post": [-10, 0, 0],
							"lerp_mode": "catmullrom"
						},
						"0.625": {
							"post": [25, 0, 0],
							"lerp_mode": "catmullrom"
						},
						"0.6667": {
							"post": [30, 0, 0],
							"lerp_mode": "catmullrom"
						},
						"0.75": {
							"post": [90, -5, 10],
							"lerp_mode": "catmullrom"
						}
					}
				},
				"HemlineLeft": {
					"rotation": {
						"0.0": {
							"post": [-5.12, 0, 0],
							"lerp_mode": "catmullrom"
						},
						"0.0833": {
							"post": [-10, 0, 0],
							"lerp_mode": "catmullrom"
						},
						"0.125": {
							"post": [-15, 0, 0],
							"lerp_mode": "catmullrom"
						},
						"0.375": {
							"post": [20, 0, 0],
							"lerp_mode": "catmullrom"
						},
						"0.75": {
							"post": [-5.12, 0, 0],
							"lerp_mode": "catmullrom"
						}
					}
				},
				"HemlineLeftDown": {
					"rotation": {
						"0.0": {
							"post": [0, 0, 0],
							"lerp_mode": "catmullrom"
						},
						"0.0833": {
							"post": [-10, 0, 0],
							"lerp_mode": "catmullrom"
						},
						"0.125": {
							"post": [20, 0, 0],
							"lerp_mode": "catmullrom"
						},
						"0.2083": {
							"post": [25, 0, 0],
							"lerp_mode": "catmullrom"
						},
						"0.2917": {
							"post": [30, 0, 0],
							"lerp_mode": "catmullrom"
						},
						"0.375": {
							"post": [90, 5, -10],
							"lerp_mode": "catmullrom"
						},
						"0.4167": {
							"post": [90, 5, -10],
							"lerp_mode": "catmullrom"
						},
						"0.6667": {
							"post": [22.82, 0, 0],
							"lerp_mode": "catmullrom"
						},
						"0.75": {
							"post": [0, 0, 0],
							"lerp_mode": "catmullrom"
						}
					}
				},
				"HemlineFront": {
					"rotation": {
						"0.0": {
							"post": [-15, 5, 0],
							"lerp_mode": "catmullrom"
						},
						"0.0417": {
							"post": [-15, 5, 0],
							"lerp_mode": "catmullrom"
						},
						"0.125": {
							"post": [-10, 4, 0],
							"lerp_mode": "catmullrom"
						},
						"0.1667": {
							"post": [-10, 4, 0],
							"lerp_mode": "catmullrom"
						},
						"0.2917": {
							"post": [-15, -2, 0],
							"lerp_mode": "catmullrom"
						},
						"0.375": {
							"post": [-15, -5, 0],
							"lerp_mode": "catmullrom"
						},
						"0.4167": {
							"post": [-15, -5, 0],
							"lerp_mode": "catmullrom"
						},
						"0.5": {
							"post": [-10, -4, 0],
							"lerp_mode": "catmullrom"
						},
						"0.5417": {
							"post": [-10, -4, 0],
							"lerp_mode": "catmullrom"
						},
						"0.6667": {
							"post": [-15, 2, 0],
							"lerp_mode": "catmullrom"
						},
						"0.75": {
							"post": [-15, 5, 0],
							"lerp_mode": "catmullrom"
						}
					}
				},
				"HemlineFrontDown": {
					"rotation": {
						"0.0": {
							"post": [-30, 5, 5],
							"lerp_mode": "catmullrom"
						},
						"0.0417": {
							"post": [-30, 5, 5],
							"lerp_mode": "catmullrom"
						},
						"0.125": {
							"post": [-10, 4, 4],
							"lerp_mode": "catmullrom"
						},
						"0.1667": {
							"post": [-10, 4, 4],
							"lerp_mode": "catmullrom"
						},
						"0.2917": {
							"post": [-25, -2, -2],
							"lerp_mode": "catmullrom"
						},
						"0.375": {
							"post": [-30, -5, -5],
							"lerp_mode": "catmullrom"
						},
						"0.4167": {
							"post": [-30, -5, -5],
							"lerp_mode": "catmullrom"
						},
						"0.5": {
							"post": [-10, -4, -4],
							"lerp_mode": "catmullrom"
						},
						"0.5417": {
							"post": [-10, -4, -4],
							"lerp_mode": "catmullrom"
						},
						"0.6667": {
							"post": [-25, 2, 2],
							"lerp_mode": "catmullrom"
						},
						"0.75": {
							"post": [-30, 5, 5],
							"lerp_mode": "catmullrom"
						}
					}
				},
				"Root": {
					"position": {
						"0.0": [0, -0.9, 0.2],
						"0.0417": [0, -1.3, 0.01],
						"0.0833": [0, -1.2, 0.1],
						"0.125": [0, -0.86, 0.25],
						"0.2083": [0, -0.59, 0.36],
						"0.2917": [0, -0.3, 0.5],
						"0.3333": [0, -0.42, 0.4],
						"0.375": [0, -0.9, 0.2],
						"0.4167": [0, -1.3, 0.01],
						"0.4583": [0, -1.2, 0.1],
						"0.5": [0, -0.86, 0.25],
						"0.5833": [0, -0.59, 0.36],
						"0.6667": [0, -0.3, 0.5],
						"0.7083": [0, -0.42, 0.4],
						"0.75": [0, -0.9, 0.2]
					}
				},
				"UpBody": {
					"rotation": {
						"0.0": [15.59, -16.61, -3.27],
						"0.0417": [16.48, -15.61, -3.24],
						"0.0833": [18.62, -9.82, -1.99],
						"0.125": [18.43, -4.06, -0.98],
						"0.2083": [17.86, 1.32, 0.01],
						"0.2917": [16.56, 10.88, 1.87],
						"0.3333": [15.96, 14.63, 2.68],
						"0.375": [15.59, 16.61, 3.27],
						"0.4167": [16.48, 15.61, 3.24],
						"0.4583": [18.62, 9.82, 1.99],
						"0.5": [18.43, 4.06, 0.98],
						"0.5833": [17.86, -1.32, -0.01],
						"0.6667": [16.56, -10.88, -1.87],
						"0.7083": [15.96, -14.63, -2.68],
						"0.75": [15.59, -16.61, -3.27]
					},
					"position": {
						"0.0": [0, 0.5, 0.25],
						"0.3333": [0, 0.5, 0.5]
					}
				},
				"Head": {
					"rotation": {
						"0.0": [-15.25, 17.41, -0.82],
						"0.0417": [-17.46, 16.61, -0.55],
						"0.0833": [-19.35, 11.77, -0.43],
						"0.125": [-18.37, 5.19, -0.07],
						"0.2083": [-17.37, -0.92, 0.25],
						"0.2917": [-15.64, -11.51, 0.75],
						"0.3333": [-15.09, -15.48, 0.89],
						"0.375": [-15.25, -17.41, 0.82],
						"0.4167": [-17.46, -16.61, 0.55],
						"0.4583": [-19.35, -11.77, 0.43],
						"0.5": [-18.37, -5.19, 0.07],
						"0.5833": [-17.37, 0.92, -0.25],
						"0.6667": [-15.64, 11.51, -0.75],
						"0.7083": [-15.09, 15.48, -0.89],
						"0.75": [-15.25, 17.41, -0.82]
					}
				},
				"LeftArm": {
					"rotation": {
						"0.0": [20.68, -7.54, -6.93],
						"0.0417": [17.54, -8.09, -6.24],
						"0.0833": [13.07, -9.41, -4.56],
						"0.125": [7.88, -11.19, -2.32],
						"0.2083": [2.51, -13.16, 0.17],
						"0.2917": [-6.35, -16.91, 4.9],
						"0.3333": [-8.39, -18.24, 6.57],
						"0.375": [-7.51, -18.79, 7.26],
						"0.4167": [-3.74, -18.24, 6.57],
						"0.4583": [1.3, -16.91, 4.9],
						"0.5": [6.8, -15.14, 2.66],
						"0.5833": [12.12, -13.16, 0.17],
						"0.6667": [20.02, -9.41, -4.56],
						"0.7083": [21.55, -8.09, -6.24],
						"0.75": [20.68, -7.54, -6.93]
					}
				},
				"LeftForeArm": {
					"rotation": {
						"0.0": [-40, 0, 0],
						"0.0417": [-50.18, 0, 0],
						"0.0833": [-61.88, 0, 0],
						"0.125": [-73.8, 0, 0],
						"0.2083": [-84.51, 0, 0],
						"0.2917": [-96.98, 0, 0],
						"0.3333": [-96.62, 0, 0],
						"0.375": [-91, 0, 0],
						"0.4167": [-81.5, 0, 0],
						"0.4583": [-70.34, 0, 0],
						"0.5": [-58.64, 0, 0],
						"0.5833": [-47.73, 0, 0],
						"0.6667": [-34.12, 0, 0],
						"0.7083": [-34.12, 0, 0],
						"0.75": [-40, 0, 0]
					}
				},
				"RightArm": {
					"rotation": {
						"0.0": [-7.51, 18.79, -7.26],
						"0.0417": [-3.74, 18.24, -6.57],
						"0.0833": [1.3, 16.91, -4.9],
						"0.125": [6.8, 15.14, -2.66],
						"0.2083": [12.12, 13.16, -0.17],
						"0.2917": [20.02, 9.41, 4.56],
						"0.3333": [21.55, 8.09, 6.24],
						"0.375": [20.68, 7.54, 6.93],
						"0.4167": [17.54, 8.09, 6.24],
						"0.4583": [13.07, 9.41, 4.56],
						"0.5": [7.88, 11.19, 2.32],
						"0.5833": [2.51, 13.16, -0.17],
						"0.6667": [-6.35, 16.91, -4.9],
						"0.7083": [-8.39, 18.24, -6.57],
						"0.75": [-7.51, 18.79, -7.26]
					}
				},
				"RightForeArm": {
					"rotation": {
						"0.0": [-91, 0, 0],
						"0.0417": [-81.5, 0, 0],
						"0.0833": [-70.34, 0, 0],
						"0.125": [-58.64, 0, 0],
						"0.2083": [-47.73, 0, 0],
						"0.2917": [-34.12, 0, 0],
						"0.3333": [-34.12, 0, 0],
						"0.375": [-40, 0, 0],
						"0.4167": [-50.18, 0, 0],
						"0.4583": [-61.88, 0, 0],
						"0.5": [-73.8, 0, 0],
						"0.5833": [-84.51, 0, 0],
						"0.6667": [-96.98, 0, 0],
						"0.7083": [-96.62, 0, 0],
						"0.75": [-91, 0, 0]
					}
				},
				"LeftLeg": {
					"rotation": {
						"0.0": [-32.5, 0, 0],
						"0.0417": [-23.31, 0, 0],
						"0.0833": [-8.91, 0, 0],
						"0.125": [7.96, 0, 0],
						"0.2083": [21.15, 0, 0],
						"0.2917": [30, 0, 0],
						"0.3333": [35.75, 0, 0],
						"0.375": [35, 0, 0],
						"0.4167": [12.03, 0, 0],
						"0.4583": [-15, 0, 0],
						"0.5": [-24.11, 0, 0],
						"0.5833": [-31.9, 0, 0],
						"0.6667": [-42.5, 0, 0],
						"0.7083": [-42.02, 0, 0],
						"0.75": [-32.5, 0, 0]
					}
				},
				"LeftLowerLeg": {
					"rotation": {
						"0.0": [12.5, 0, 0],
						"0.0417": [18.91, 0, 0],
						"0.0833": [25, 0, 0],
						"0.125": [23.96, 0, 0],
						"0.2083": [20.78, 0, 0],
						"0.2917": [22.5, 0, 0],
						"0.3333": [50.17, 0, 0],
						"0.375": [82.5, 0, 0],
						"0.4167": [109.38, 0, 0],
						"0.4583": [117.5, 0, 0],
						"0.5": [102.04, 0, 0],
						"0.5833": [75.63, 0, 0],
						"0.6667": [27.5, 0, 0],
						"0.7083": [14.38, 0, 0],
						"0.75": [12.5, 0, 0]
					}
				},
				"LeftFoot": {
					"rotation": {
						"0.0": [-2.5, 0, 0],
						"0.0417": [-11.72, 0, 0],
						"0.0833": [-15, 0, 0],
						"0.125": [-5.99, 0, 0],
						"0.2083": [8.6, 0, 0],
						"0.2917": [32.5, 0, 0],
						"0.3333": [30.78, 0, 0],
						"0.375": [22.5, 0, 0],
						"0.4167": [18.91, 0, 0],
						"0.4583": [17.5, 0, 0],
						"0.5": [19.32, 0, 0],
						"0.5833": [22.66, 0, 0],
						"0.6667": [25, 0, 0],
						"0.7083": [11.72, 0, 0],
						"0.75": [-2.5, 0, 0]
					}
				},
				"RightLeg": {
					"rotation": {
						"0.0": [35, 0, 0],
						"0.0417": [11.71, 0, 0],
						"0.0833": [-15, 0, 0],
						"0.125": [-24.12, 0, 0],
						"0.2083": [-31.91, 0, 0],
						"0.2917": [-42.5, 0, 0],
						"0.3333": [-42.02, 0, 0],
						"0.375": [-32.5, 0, 0],
						"0.4167": [-23.31, 0, 0],
						"0.4583": [-8.91, 0, 0],
						"0.5": [7.96, 0, 0],
						"0.5833": [21.15, 0, 0],
						"0.6667": [30, 0, 0],
						"0.7083": [32.62, 0, 0],
						"0.75": [35, 0, 0]
					}
				},
				"RightLowerLeg": {
					"rotation": {
						"0.0": [82.5, 0, 0],
						"0.0417": [105.64, 0, 0],
						"0.0833": [117.5, 0, 0],
						"0.125": [102.02, 0, 0],
						"0.2083": [75.61, 0, 0],
						"0.2917": [27.5, 0, 0],
						"0.3333": [13.59, 0, 0],
						"0.375": [12.5, 0, 0],
						"0.4167": [17.97, 0, 0],
						"0.4583": [25, 0, 0],
						"0.5": [23.97, 0, 0],
						"0.5833": [20.78, 0, 0],
						"0.6667": [22.5, 0, 0],
						"0.7083": [52.34, 0, 0],
						"0.75": [82.5, 0, 0]
					}
				}
			}
		},
		"attacked": {
			"animation_length": 0.45833,
			"bones": {
				"Root": {
					"rotation": {
						"0.0": [0, 0, 0],
						"0.0417": [0, 2.96, 0],
						"0.0833": [0, 7.04, 0],
						"0.125": [0, 10, 0],
						"0.1667": [0, 11.25, 0],
						"0.2083": [0, 10, 0],
						"0.25": [0, 8.48, 0],
						"0.2917": [0, 6.24, 0],
						"0.3333": [0, 3.76, 0],
						"0.375": [0, 1.52, 0],
						"0.4167": [0, 0, 0],
						"0.4583": [0, 0, 0]
					},
					"position": {
						"0.0": [0, -1, 0],
						"0.0417": [0, -1.44, 2.17],
						"0.0833": [0, -2.11, 4.63],
						"0.125": [0, -4, 7],
						"0.1667": [0, -4.18, 7.27],
						"0.2083": [0, -4, 7],
						"0.25": [0, -3.63, 6.31],
						"0.2917": [0, -3, 5],
						"0.3333": [0, -2.33, 3.37],
						"0.375": [0, -1.56, 1.41],
						"0.4167": [0, -1, 0],
						"0.4583": [0, -1, 0]
					}
				},
				"UpBody": {
					"rotation": {
						"0.0": [0, 0, 0],
						"0.0417": [22.52, 2.31, 0.96],
						"0.0833": [20.37, 4.23, 1.12],
						"0.125": [14.05, 6.46, 1.18],
						"0.1667": [7.56, 7.44, 0.98],
						"0.2083": [-2.13, 4.74, -0.23],
						"0.25": [-8.85, 1.24, -1.28],
						"0.2917": [-8.21, 0.55, -1.18],
						"0.3333": [-5.45, 0.23, -0.78],
						"0.375": [-2.18, 0.11, -0.31],
						"0.4167": [0, 0, 0],
						"0.4583": [0, 0, 0]
					},
					"position": [0, 0, 0]
				},
				"UpperBody": {
					"rotation": {
						"0.0": [0, 0, 0],
						"0.0417": [15.01, 2.41, 0.65],
						"0.0833": [12.61, 1.95, 0.67],
						"0.125": [7.15, 0.93, 0.6],
						"0.1667": [2.51, -0.08, 0.54],
						"0.2083": [0.17, -1.49, 0.48],
						"0.25": [-2.49, -2.58, 0.43],
						"0.2917": [-11.4, -2.9, 0.45],
						"0.3333": [-17.49, -2.58, 0.43],
						"0.375": [-9.68, -1.29, 0.21],
						"0.4167": [0, 0, 0],
						"0.4583": [0, 0, 0]
					},
					"position": [0, 0, 0]
				},
				"LeftArm": {
					"rotation": {
						"0.0": [0, 0, 0],
						"0.0417": [-24.89, -3.96, -3.05],
						"0.0833": [-67.5, 0, 0],
						"0.125": [-40.78, -1.78, -11.04],
						"0.1667": [-4.42, -3.41, -22.14],
						"0.2083": [10.29, -2.17, -23.44],
						"0.25": [21.86, 0.02, -21.99],
						"0.2917": [30.14, 1.69, -19.52],
						"0.3333": [37.01, 2.36, -13.95],
						"0.375": [35.16, 2.13, -7.73],
						"0.4167": [17.89, 1.09, -3.13],
						"0.4583": [0, 0, 0]
					},
					"position": [0, 0, 0]
				},
				"LeftForeArm": {
					"rotation": {
						"0.0": [0, 0, 0],
						"0.0417": [-42.5, 0, 0],
						"0.0833": [-17.5, 0, 0],
						"0.125": [-43.5, 3.91, -6.97],
						"0.1667": [-65.75, 6.28, -13.65],
						"0.2083": [-53.39, 2.96, -14.55],
						"0.25": [-29.54, -2.42, -13.67],
						"0.2917": [-10.75, -6, -11.32],
						"0.3333": [-2.74, -4.93, -3.14],
						"0.375": [-1.43, -2.06, 4.23],
						"0.4167": [-0.13, -0.79, 3.09],
						"0.4583": [0, 0, 0]
					},
					"position": [0, 0, 0]
				},
				"RightArm": {
					"rotation": {
						"0.0": [0, 0, 0],
						"0.0417": [-67.42, -4.62, -1.92],
						"0.0833": [-87.42, -4.62, -1.92],
						"0.125": [-85.46, -12.41, 20.41],
						"0.1667": [-76.62, -20.2, 42.74],
						"0.2083": [-67, -22.1, 47.63],
						"0.25": [-54.68, -22.27, 47.56],
						"0.2917": [-41.62, -20.2, 42.74],
						"0.3333": [-26.71, -14.22, 30.09],
						"0.375": [-11.05, -5.99, 12.68],
						"0.4167": [0, 0, 0],
						"0.4583": [0, 0, 0]
					},
					"position": [0, 0, 0]
				},
				"RightForeArm": {
					"rotation": {
						"0.0": [0, 0, 0],
						"0.0417": [0, 0, 0],
						"0.0833": [0, 0, -1.26],
						"0.125": [0, 0, -3.18],
						"0.1667": [0, 0, -5.22],
						"0.2083": [0, 0, -6.84],
						"0.25": [0, 0, -7.5],
						"0.2917": [0, 0, -6.5],
						"0.3333": [0, 0, -4.22],
						"0.375": [0, 0, -1.7],
						"0.4167": [0, 0, 0],
						"0.4583": [0, 0, 0]
					},
					"position": [0, 0, 0]
				},
				"LeftLeg": {
					"rotation": {
						"0.0": [0, 0, 0],
						"0.0417": [-20, -5, 0],
						"0.0833": [-31.4, -7.38, -1.83],
						"0.125": [-40.15, -9.22, -3.6],
						"0.1667": [-38.86, -9.84, -3.08],
						"0.2083": [-38.69, -9.08, -1.7],
						"0.25": [-37.76, -7.76, -0.34],
						"0.2917": [-35.86, -5.95, 0.04],
						"0.3333": [-30.31, -3.91, 0.07],
						"0.375": [-14.69, -1.71, 0.06],
						"0.4167": [0, 0, 0],
						"0.4583": [0, 0, 0]
					},
					"position": {
						"0.0": [0, 0, 0],
						"0.0417": [0, 0, 0],
						"0.0833": [0, 0, 0],
						"0.125": [0, 0, 0],
						"0.1667": [0, 0, 0],
						"0.2083": [0, 0, 0],
						"0.25": [0, 0, 0],
						"0.2917": [0, 0, 0],
						"0.3333": [0, 0, 0],
						"0.375": [0, 0, 0],
						"0.4167": [0, 0, 0],
						"0.4583": [0, 0, 0]
					}
				},
				"LeftLowerLeg": {
					"rotation": {
						"0.0": [0, 0, 0],
						"0.0417": [35, 0, 0],
						"0.0833": [50.73, -0.09, 0.12],
						"0.125": [62.15, -0.18, 0.24],
						"0.1667": [62.5, -0.26, 0.27],
						"0.2083": [63.16, -0.29, 0.28],
						"0.25": [62.5, -0.26, 0.27],
						"0.2917": [60.64, -0.06, 0.22],
						"0.3333": [52.25, 0.13, 0.15],
						"0.375": [25.48, 0.09, 0.07],
						"0.4167": [0, 0, 0],
						"0.4583": [0, 0, 0]
					},
					"position": {
						"0.0": [0, 0, 0],
						"0.0417": [0, 0, 0],
						"0.0833": [0, 0, 0],
						"0.125": [0, 0, 0],
						"0.1667": [0, 0, 0],
						"0.2083": [0, 0, 0],
						"0.25": [0, 0, 0],
						"0.2917": [0, 0, 0],
						"0.3333": [0, 0, 0],
						"0.375": [0, 0, 0],
						"0.4167": [0, 0, 0],
						"0.4583": [0, 0, 0]
					}
				},
				"LeftFoot": {
					"rotation": {
						"0.0": [0, 0, 0],
						"0.0417": [-10, 0, 0],
						"0.0833": [-9.26, 0, 0.02],
						"0.125": [-6.85, 0, 0.05],
						"0.1667": [-5, 0, 0.07],
						"0.2083": [-4.15, 0.01, 0.07],
						"0.25": [-5, 0, 0.07],
						"0.2917": [-10.12, -0.06, 0.11],
						"0.3333": [-13.55, -0.1, 0.13],
						"0.375": [-7.31, -0.06, 0.07],
						"0.4167": [0, 0, 0],
						"0.4583": [0, 0, 0]
					},
					"position": {
						"0.0": [0, 0, 0],
						"0.0417": [0, 0, 0],
						"0.0833": [0, 0, 0],
						"0.125": [0, 0, 0],
						"0.1667": [0, 0, 0],
						"0.2083": [0, 0, 0],
						"0.25": [0, 0, 0],
						"0.2917": [0, 0, 0],
						"0.3333": [0, 0, 0],
						"0.375": [0, 0, 0],
						"0.4167": [0, 0, 0],
						"0.4583": [0, 0, 0]
					}
				},
				"RightLeg": {
					"rotation": {
						"0.0": [0, 0, 0],
						"0.0417": [-25.14, -7.15, 2.27],
						"0.0833": [-20.22, -9.1, 0.23],
						"0.125": [22.99, -9.7, -1.47],
						"0.1667": [27.18, -8.8, -0.07],
						"0.2083": [26.71, -7.43, 2.07],
						"0.25": [24.21, -6.11, 3.49],
						"0.2917": [16.21, -4.42, 3.21],
						"0.3333": [7.18, -2.83, 2.06],
						"0.375": [2.53, -1.21, 0.94],
						"0.4167": [0, 0, 0],
						"0.4583": [0, 0, 0]
					},
					"position": {
						"0.0": [0, 0, 0],
						"0.0417": [0, 0, 0],
						"0.0833": [0, 0, 0],
						"0.125": [0, 0, 0],
						"0.1667": [0, 0, 0],
						"0.2083": [0, 0, 0],
						"0.25": [0, 0, 0],
						"0.2917": [0, 0, 0],
						"0.3333": [0, 0, 0],
						"0.375": [0, 0, 0],
						"0.4167": [0, 0, 0],
						"0.4583": [0, 0, 0]
					}
				},
				"RightLowerLeg": {
					"rotation": {
						"0.0": [0, 0, 0],
						"0.0417": [15, 0, 0],
						"0.0833": [7.12, -0.3, 0.03],
						"0.125": [37.49, -0.6, 0.06],
						"0.1667": [39.73, -0.65, 0.08],
						"0.2083": [38.7, -0.67, 0.1],
						"0.25": [38.49, -0.65, 0.11],
						"0.2917": [45.64, -0.51, 0.09],
						"0.3333": [46.81, -0.33, 0.06],
						"0.375": [23.92, -0.14, 0.03],
						"0.4167": [0, 0, 0],
						"0.4583": [0, 0, 0]
					},
					"position": {
						"0.0": [0, 0, 0],
						"0.0417": [0, 0, 0],
						"0.0833": [0, 0, 0],
						"0.125": [0, 0, 0],
						"0.1667": [0, 0, 0],
						"0.2083": [0, 0, 0],
						"0.25": [0, 0, 0],
						"0.2917": [0, 0, 0],
						"0.3333": [0, 0, 0],
						"0.375": [0, 0, 0],
						"0.4167": [0, 0, 0],
						"0.4583": [0, 0, 0]
					}
				},
				"t": {
					"rotation": {
						"0.0": [0, 0, 0],
						"0.0417": [0, 0, 0],
						"0.0833": [-29.31, 0.33, -0.49],
						"0.125": [-42.49, 0.67, -0.9],
						"0.1667": [-42.56, 0.72, -0.74],
						"0.2083": [-40.16, 0.74, -0.46],
						"0.25": [-33.51, 0.71, -0.23],
						"0.2917": [-8.41, 0.56, -0.11],
						"0.3333": [13.81, 0.36, -0.07],
						"0.375": [9.86, 0.16, -0.03],
						"0.4167": [0, 0, 0],
						"0.4583": [0, 0, 0]
					},
					"position": {
						"0.0": [0, 0, 0],
						"0.0417": [0, 0, 0],
						"0.0833": [0, 0, 0],
						"0.125": [0, 0, 0],
						"0.1667": [0, 0, 0],
						"0.2083": [0, 0, 0],
						"0.25": [0, 0, 0],
						"0.2917": [0, 0, 0],
						"0.3333": [0, 0, 0],
						"0.375": [0, 0, 0],
						"0.4167": [0, 0, 0],
						"0.4583": [0, 0, 0]
					}
				},
				"AllBody": {
					"rotation": [0, 0, 0],
					"position": [0, 0, 0],
					"scale": 1
				},
				"AllHead": {
					"rotation": {
						"0.0": [0, 0, 0],
						"0.0417": [17.5, 0, 0],
						"0.0833": [0, 0, 0]
					},
					"position": [0, 0, 0]
				},
				"Head": {
					"rotation": {
						"0.0": [0, 0, 0],
						"0.0417": [-30.09, -4.33, 2.5],
						"0.0833": [9.88, -7.24, 1.95],
						"0.125": [26.71, -6.52, 1.68],
						"0.1667": [37.9, -4.87, 1.36],
						"0.2083": [39.33, -3.37, 1.05],
						"0.25": [37.07, -1.63, 0.7],
						"0.2917": [32.7, -0.34, 0.42],
						"0.3333": [20.82, 0.17, 0.24],
						"0.375": [8.52, 0.11, 0.15],
						"0.4167": [2.75, 0.08, 0.06],
						"0.4583": [0, 0, 0]
					}
				},
				"DownBody": {
					"rotation": {
						"0.0": [0, 0, 0],
						"0.0417": [-5.19, 0.03, 0.09],
						"0.0833": [-12.32, 0.06, 0.18],
						"0.125": [-17.5, 0, 0],
						"0.1667": [-19.44, -0.25, -0.79],
						"0.2083": [-19.43, -0.58, -1.85],
						"0.25": [-17.48, -0.75, -2.38],
						"0.2917": [-13.93, -0.65, -2.07],
						"0.3333": [-8.74, -0.42, -1.34],
						"0.375": [-3.55, -0.17, -0.54],
						"0.4167": [0, 0, 0],
						"0.4583": [0, 0, 0]
					}
				},
				"Eyes": {
					"rotation": [0, 0, 0],
					"position": {
						"0.0": [0, 0, 0],
						"0.0417": [0, 0, 1]
					},
					"scale": 1
				},
				"Wwww": {
					"position": {
						"0.0": [0, 0, 0],
						"0.0417": [0, 0, -1.1]
					}
				},
				"Zui2": {
					"rotation": [0, 0, 0],
					"position": {
						"0.0": [0, 0, 0],
						"0.1667": [0, 0, -0.7],
						"0.4583": [0, 0, -0.7]
					},
					"scale": 1
				},
				"bone13": {
					"rotation": {
						"0.0": [0, 0, 0],
						"0.125": [-10, 0, 0],
						"0.375": [0, 0, 0]
					},
					"position": [0, 0, 0],
					"scale": 1
				}
			}
		},
		"sit": {
			"loop": true,
			"animation_length": 1,
			"bones": {
				"RightArm": {
					"rotation": [-15.05919, -12.5, 0]
				},
				"RightForeArm": {
					"rotation": [-47.49526, -2.49048, -0.21803]
				},
				"LeftArm": {
					"rotation": [-1.56125, 17.21366, -5.23011]
				},
				"LeftForeArm": {
					"rotation": [-62.29788, 6.64851, 3.47875]
				},
				"RightLeg": {
					"rotation": [-143.59533, -1.07451, 6.10845]
				},
				"RightLowerLeg": {
					"rotation": [113.28278, -7.33793, 1.83563]
				},
				"LeftLeg": {
					"rotation": [-146.17733, 1.36822, -3.0937]
				},
				"LeftLowerLeg": {
					"rotation": [122.24234, 10.76103, -2.72775]
				},
				"ShenTiBu": {
					"rotation": [17.5, 0, 0]
				},
				"QunZi": {
					"rotation": [-87.5, 0, 0],
					"position": [0, -0.85, 1.1]
				},
				"WangYuanJing": {
					"rotation": [7.5, 0, 0],
					"position": [0, 0.2, -0.175]
				},
				"ShenTi_Head": {
					"rotation": [-15, 0, 0]
				},
				"HuXi": {
					"rotation": [17.5, 0, 0]
				},
				"LeftFoot": {
					"rotation": [20.6069, 16.97651, 10.65425],
					"position": [0.175, -0.45, 0]
				},
				"Zui2": {
					"position": [0, -0.1, 0.3001],
					"scale": [0.9, 0.66, 1]
				},
				"Root": {
					"position": [0, -17, 0]
				},
				"Zui": {
					"position": [0, -0.025, -1]
				},
				"WeiBa": {
					"rotation": [32.27423, 29.83658, 10.2688]
				},
				"WeiBa2": {
					"rotation": [35, 0, 0]
				},
				"WeiBa3": {
					"rotation": [-19.43569, 7.43547, -29.14743]
				},
				"M_DaYiBaiR": {
					"rotation": [16.78623, 10.20893, 50.006]
				},
				"bone13": {
					"rotation": [-70, 0, 0]
				},
				"bone1245": {
					"rotation": [0, 0, 0]
				},
				"EyeNRR": {
					"position": [0.1, 0, 0]
				},
				"EyeNL": {
					"position": [0.2, 0, 0]
				},
				"EyeNLL": {
					"position": [0.1, 0, 0]
				},
				"t": {
					"rotation": [26.414, -20.76458, -8.51334]
				},
				"bone14": {
					"rotation": [-70, 0, 0]
				}
			}
		},
		"sleep": {
			"loop": true,
			"animation_length": 0.375,
			"bones": {
				"Root": {
					"rotation": [150.34064, -80.81273, -142.27784],
					"position": [-10, 0, 0],
					"scale": 1
				},
				"UpBody": {
					"rotation": [1.91388, -20.06196, -12.39768],
					"position": [0, 0, 0]
				},
				"UpperBody": {
					"rotation": [10, 0, 0],
					"position": [0, 0, 0]
				},
				"LeftArm": {
					"rotation": [-81.64326, 31.42992, 19.86445],
					"position": [0, 0, 0]
				},
				"LeftForeArm": {
					"rotation": [-47.5, 0, 0],
					"position": [0, 0, 0]
				},
				"RightArm": {
					"rotation": [-65, 0, 0],
					"position": [0, 0, 0]
				},
				"RightForeArm": {
					"rotation": [-47.5, 0, 0],
					"position": [0, 0, 0]
				},
				"LeftLeg": {
					"rotation": [-10, 12.5, 7.5],
					"position": [0, 0, 1]
				},
				"LeftLowerLeg": {
					"rotation": [50, 0, 0],
					"position": [0, 0, 0]
				},
				"LeftFoot": {
					"rotation": [32.59907, -4.21541, -2.69136],
					"position": [0, 0, 0]
				},
				"RightLeg": {
					"rotation": [-55.06255, 1.50179, -4.76968],
					"position": [0, 0, 1]
				},
				"RightLowerLeg": {
					"rotation": [82.5, 0, 0],
					"position": [0, 0, 0]
				},
				"t": {
					"rotation": [20, 7.5, 0],
					"position": [0, 0, 0]
				},
				"AllBody": {
					"rotation": [0, 0, 0],
					"position": [0, 0, 0],
					"scale": 1
				},
				"AllHead": {
					"rotation": [0, 0, 0],
					"position": [0, 0, 0]
				},
				"Head": {
					"rotation": {
						"0.0": {
							"post": [5.16524, 27.0478, 11.24314],
							"lerp_mode": "catmullrom"
						}
					},
					"position": {
						"0.0": {
							"post": [0, 0, 0],
							"lerp_mode": "catmullrom"
						}
					}
				},
				"Eye_main": {
					"position": [0, 0, 0]
				},
				"RightEyelid": {
					"scale": 0
				},
				"RightEyelidBase": {
					"scale": 0
				},
				"LeftEyelid": {
					"scale": 0
				},
				"LeftEyelidBase": {
					"scale": 0
				},
				"DownBody": {
					"rotation": [-30, 0, 0]
				},
				"Eyes": {
					"rotation": [0, 0, 0],
					"position": [0, -1, 0],
					"scale": 1
				},
				"bone14": {
					"rotation": [-12.5, 0, 0]
				},
				"bone13": {
					"rotation": [5, 0, 0]
				},
				"bone15": {
					"rotation": [15, 0, 0]
				},
				"bone16": {
					"rotation": [22.5, 0, 0]
				},
				"bone17": {
					"rotation": [10, 0, 0]
				},
				"bone18": {
					"rotation": [5, 0, 0]
				},
				"Face": {
					"rotation": [0, 0, 0],
					"position": [0, 0, 1],
					"scale": 1
				},
				"Eyelid": {
					"rotation": [0, 0, 0],
					"position": [0, 0, 0],
					"scale": 1
				},
				"YP": {
					"position": [0, -1, -2]
				},
				"Face2": {
					"position": [0, 2, 2]
				},
				"RightPupil2": {
					"scale": 0
				}
			}
		},
		"swim_stand": {
			"loop": true,
			"animation_length": 1,
			"bones": {
				"Root": {
					"rotation": [0, 0, 0],
					"scale": 1
				},
				"UpBody": {
					"rotation": [0, 0, 0],
					"position": [0, 0, 0]
				},
				"UpperBody": {
					"rotation": {
						"0.0": [0, 0, 0],
						"0.0417": [-0.14, 0, 0],
						"0.0833": [-0.33, 0, 0],
						"0.125": [-0.57, 0, 0],
						"0.1667": [-0.83, 0, 0],
						"0.2083": [-1.12, 0, 0],
						"0.25": [-1.41, 0, 0],
						"0.2917": [-1.69, 0, 0],
						"0.3333": [-1.94, 0, 0],
						"0.375": [-2.17, 0, 0],
						"0.4167": [-2.34, 0, 0],
						"0.4583": [-2.46, 0, 0],
						"0.5": [-2.5, 0, 0],
						"0.5417": [-2.45, 0, 0],
						"0.5833": [-2.31, 0, 0],
						"0.625": [-2.09, 0, 0],
						"0.6667": [-1.83, 0, 0],
						"0.7083": [-1.53, 0, 0],
						"0.75": [-1.21, 0, 0],
						"0.7917": [-0.9, 0, 0],
						"0.8333": [-0.6, 0, 0],
						"0.875": [-0.35, 0, 0],
						"0.9167": [-0.15, 0, 0],
						"0.9583": [-0.03, 0, 0],
						"1.0": [0, 0, 0],
						"1.0417": [-0.14, 0, 0],
						"1.0833": [-0.33, 0, 0],
						"1.125": [-0.57, 0, 0],
						"1.1667": [-0.83, 0, 0],
						"1.2083": [-1.12, 0, 0],
						"1.25": [-1.41, 0, 0],
						"1.2917": [-1.69, 0, 0],
						"1.3333": [-1.94, 0, 0],
						"1.375": [-2.17, 0, 0],
						"1.4167": [-2.34, 0, 0],
						"1.4583": [-2.46, 0, 0],
						"1.5": [-2.5, 0, 0],
						"1.5417": [-2.45, 0, 0],
						"1.5833": [-2.31, 0, 0],
						"1.625": [-2.09, 0, 0],
						"1.6667": [-1.83, 0, 0],
						"1.7083": [-1.53, 0, 0],
						"1.75": [-1.21, 0, 0],
						"1.7917": [-0.9, 0, 0],
						"1.8333": [-0.6, 0, 0]
					},
					"position": [0, 0, 0]
				},
				"LeftArm": {
					"rotation": {
						"0.0": [-10, 0, -45],
						"0.0417": [-8.09, 0, -45],
						"0.0833": [-5.38, 0, -45],
						"0.125": [-2.07, 0, -45],
						"0.1667": [1.67, 0, -45],
						"0.2083": [5.65, 0, -45],
						"0.25": [9.69, 0, -45],
						"0.2917": [13.61, 0, -45],
						"0.3333": [17.22, 0, -45],
						"0.375": [20.35, 0, -45],
						"0.4167": [22.81, 0, -45],
						"0.4583": [24.42, 0, -45],
						"0.5": [25, 0, -45],
						"0.5417": [24.25, 0, -45],
						"0.5833": [22.17, 0, -45],
						"0.625": [19.04, 0, -45],
						"0.6667": [15.16, 0, -45],
						"0.7083": [10.78, 0, -45],
						"0.75": [6.2, 0, -45],
						"0.7917": [1.69, 0, -45],
						"0.8333": [-2.47, 0, -45],
						"0.875": [-5.99, 0, -45],
						"0.9167": [-8.61, 0, -45],
						"0.9583": [-10.04, 0, -45],
						"1.0": [-10, 0, -45],
						"1.0417": [-8.09, 0, -45],
						"1.0833": [-5.38, 0, -45],
						"1.125": [-2.07, 0, -45],
						"1.1667": [1.67, 0, -45],
						"1.2083": [5.65, 0, -45],
						"1.25": [9.69, 0, -45],
						"1.2917": [13.61, 0, -45],
						"1.3333": [17.22, 0, -45],
						"1.375": [20.35, 0, -45],
						"1.4167": [22.81, 0, -45],
						"1.4583": [24.42, 0, -45],
						"1.5": [25, 0, -45],
						"1.5417": [24.25, 0, -45]
					},
					"position": [0, 0, 0]
				},
				"LeftForeArm": {
					"rotation": {
						"0.0": [-52.5, 0, 0],
						"0.0417": [-52.67, 0, 0],
						"0.0833": [-53.28, 0, 0],
						"0.125": [-53.46, 0, 0],
						"0.1667": [-52.32, 0, 0],
						"0.2083": [-48.97, 0, 0],
						"0.25": [-44.34, 0, 0],
						"0.2917": [-37.79, 0, 0],
						"0.3333": [-30.15, 0, 0],
						"0.375": [-22.23, 0, 0],
						"0.4167": [-14.85, 0, 0],
						"0.4583": [-8.83, 0, 0],
						"0.5": [-5, 0, 0],
						"0.5417": [-3.15, 0, 0],
						"0.5833": [-3.13, 0, 0],
						"0.625": [-4.6, 0, 0],
						"0.6667": [-7.2, 0, 0],
						"0.7083": [-10.6, 0, 0],
						"0.75": [-14.45, 0, 0],
						"0.7917": [-19.79, 0, 0],
						"0.8333": [-27.12, 0, 0],
						"0.875": [-35.24, 0, 0],
						"0.9167": [-42.97, 0, 0],
						"0.9583": [-49.12, 0, 0],
						"1.0": [-52.5, 0, 0],
						"1.0417": [-52.67, 0, 0],
						"1.0833": [-53.28, 0, 0],
						"1.125": [-53.46, 0, 0],
						"1.1667": [-52.32, 0, 0],
						"1.2083": [-48.97, 0, 0],
						"1.25": [-44.34, 0, 0],
						"1.2917": [-37.79, 0, 0],
						"1.3333": [-30.15, 0, 0],
						"1.375": [-22.23, 0, 0],
						"1.4167": [-14.85, 0, 0],
						"1.4583": [-8.83, 0, 0],
						"1.5": [-5, 0, 0],
						"1.5417": [-3.15, 0, 0],
						"1.5833": [-3.13, 0, 0]
					},
					"position": [0, 0, 0]
				},
				"RightArm": {
					"rotation": {
						"0.0": [-10, 0, 45],
						"0.0417": [-8.09, 0, 45],
						"0.0833": [-5.38, 0, 45],
						"0.125": [-2.07, 0, 45],
						"0.1667": [1.67, 0, 45],
						"0.2083": [5.65, 0, 45],
						"0.25": [9.69, 0, 45],
						"0.2917": [13.61, 0, 45],
						"0.3333": [17.22, 0, 45],
						"0.375": [20.35, 0, 45],
						"0.4167": [22.81, 0, 45],
						"0.4583": [24.42, 0, 45],
						"0.5": [25, 0, 45],
						"0.5417": [24.24, 0, 45],
						"0.5833": [22.15, 0, 45],
						"0.625": [19.01, 0, 45],
						"0.6667": [15.1, 0, 45],
						"0.7083": [10.7, 0, 45],
						"0.75": [6.1, 0, 45],
						"0.7917": [1.58, 0, 45],
						"0.8333": [-2.59, 0, 45],
						"0.875": [-6.11, 0, 45],
						"0.9167": [-8.7, 0, 45],
						"0.9583": [-10.1, 0, 45],
						"1.0": [-10, 0, 45],
						"1.0417": [-8.09, 0, 45],
						"1.0833": [-5.38, 0, 45],
						"1.125": [-2.07, 0, 45],
						"1.1667": [1.67, 0, 45],
						"1.2083": [5.65, 0, 45],
						"1.25": [9.69, 0, 45],
						"1.2917": [13.61, 0, 45],
						"1.3333": [17.22, 0, 45],
						"1.375": [20.35, 0, 45],
						"1.4167": [22.81, 0, 45],
						"1.4583": [24.42, 0, 45],
						"1.5": [25, 0, 45],
						"1.5417": [24.24, 0, 45]
					},
					"position": [0, 0, 0]
				},
				"RightForeArm": {
					"rotation": {
						"0.0": [-52.5, 0, 0],
						"0.0417": [-52.67, 0, 0],
						"0.0833": [-53.28, 0, 0],
						"0.125": [-53.46, 0, 0],
						"0.1667": [-52.32, 0, 0],
						"0.2083": [-48.97, 0, 0],
						"0.25": [-44.34, 0, 0],
						"0.2917": [-37.79, 0, 0],
						"0.3333": [-30.15, 0, 0],
						"0.375": [-22.23, 0, 0],
						"0.4167": [-14.85, 0, 0],
						"0.4583": [-8.83, 0, 0],
						"0.5": [-5, 0, 0],
						"0.5417": [-3.15, 0, 0],
						"0.5833": [-3.13, 0, 0],
						"0.625": [-4.6, 0, 0],
						"0.6667": [-7.2, 0, 0],
						"0.7083": [-10.6, 0, 0],
						"0.75": [-14.45, 0, 0],
						"0.7917": [-19.79, 0, 0],
						"0.8333": [-27.12, 0, 0],
						"0.875": [-35.24, 0, 0],
						"0.9167": [-42.97, 0, 0],
						"0.9583": [-49.12, 0, 0],
						"1.0": [-52.5, 0, 0],
						"1.0417": [-52.67, 0, 0],
						"1.0833": [-53.28, 0, 0],
						"1.125": [-53.46, 0, 0],
						"1.1667": [-52.32, 0, 0],
						"1.2083": [-48.97, 0, 0],
						"1.25": [-44.34, 0, 0],
						"1.2917": [-37.79, 0, 0],
						"1.3333": [-30.15, 0, 0],
						"1.375": [-22.23, 0, 0],
						"1.4167": [-14.85, 0, 0],
						"1.4583": [-8.83, 0, 0],
						"1.5": [-5, 0, 0],
						"1.5417": [-3.15, 0, 0],
						"1.5833": [-3.13, 0, 0]
					},
					"position": [0, 0, 0]
				},
				"LeftLeg": {
					"rotation": {
						"0.0": [-10, 0, 0],
						"0.0417": [-8.69, 0, 0],
						"0.0833": [-6.81, 0, 0],
						"0.125": [-4.67, 0, 0],
						"0.1667": [-2.56, 0, 0],
						"0.2083": [-0.79, 0, 0],
						"0.25": [0.33, 0, 0],
						"0.2917": [1.49, 0, 0],
						"0.3333": [2.61, 0, 0],
						"0.375": [3.6, 0, 0],
						"0.4167": [4.39, 0, 0],
						"0.4583": [4.88, 0, 0],
						"0.5": [5, 0, 0],
						"0.5417": [4.57, 0, 0],
						"0.5833": [3.6, 0, 0],
						"0.625": [2.28, 0, 0],
						"0.6667": [0.77, 0, 0],
						"0.7083": [-0.76, 0, 0],
						"0.75": [-2.14, 0, 0],
						"0.7917": [-3.71, 0, 0],
						"0.8333": [-5.66, 0, 0],
						"0.875": [-7.63, 0, 0],
						"0.9167": [-9.26, 0, 0],
						"0.9583": [-10.17, 0, 0],
						"1.0": [-10, 0, 0],
						"1.0417": [-8.69, 0, 0],
						"1.0833": [-6.81, 0, 0],
						"1.125": [-4.67, 0, 0],
						"1.1667": [-2.56, 0, 0],
						"1.2083": [-0.79, 0, 0],
						"1.25": [0.33, 0, 0],
						"1.2917": [1.49, 0, 0],
						"1.3333": [2.61, 0, 0],
						"1.375": [3.6, 0, 0],
						"1.4167": [4.39, 0, 0],
						"1.4583": [4.88, 0, 0],
						"1.5": [5, 0, 0]
					},
					"position": {
						"0.0": [0, 0, 0],
						"0.0417": [0, 0, 0],
						"0.0833": [0, 0, 0],
						"0.125": [0, 0, 0],
						"0.1667": [0, 0, 0],
						"0.2083": [0, 0, 0],
						"0.25": [0, 0, 0],
						"0.2917": [0, 0, 0],
						"0.3333": [0, 0, 0],
						"0.375": [0, 0, 0],
						"0.4167": [0, 0, 0],
						"0.4583": [0, 0, 0],
						"0.5": [0, 0, 0],
						"0.5417": [0, 0, 0],
						"0.5833": [0, 0, 0],
						"0.625": [0, 0, 0],
						"0.6667": [0, 0, 0],
						"0.7083": [0, 0, 0],
						"0.75": [0, 0, 0],
						"0.7917": [0, 0, 0],
						"0.8333": [0, 0, 0],
						"0.875": [0, 0, 0],
						"0.9167": [0, 0, 0],
						"0.9583": [0, 0, 0],
						"1.0": [0, 0, 0]
					}
				},
				"LeftLowerLeg": {
					"rotation": {
						"0.0": [10, 0, 0],
						"0.0417": [8.17, 0, 0],
						"0.0833": [5.4, 0, 0],
						"0.125": [2.44, 0, 0],
						"0.1667": [0.02, 0, 0],
						"0.2083": [-1.12, 0, 0],
						"0.25": [-0.91, 0, 0],
						"0.2917": [-0.04, 0, 0],
						"0.3333": [1.29, 0, 0],
						"0.375": [2.9, 0, 0],
						"0.4167": [4.6, 0, 0],
						"0.4583": [6.19, 0, 0],
						"0.5": [7.5, 0, 0],
						"0.5417": [8.87, 0, 0],
						"0.5833": [10.31, 0, 0],
						"0.625": [11.7, 0, 0],
						"0.6667": [12.92, 0, 0],
						"0.7083": [13.82, 0, 0],
						"0.75": [14.29, 0, 0],
						"0.7917": [14.17, 0, 0],
						"0.8333": [13.52, 0, 0],
						"0.875": [12.57, 0, 0],
						"0.9167": [11.52, 0, 0],
						"0.9583": [10.59, 0, 0],
						"1.0": [10, 0, 0]
					},
					"position": {
						"0.0": [0, 0, 0],
						"0.0417": [0, 0, 0],
						"0.0833": [0, 0, 0],
						"0.125": [0, 0, 0],
						"0.1667": [0, 0, 0],
						"0.2083": [0, 0, 0],
						"0.25": [0, 0, 0],
						"0.2917": [0, 0, 0],
						"0.3333": [0, 0, 0],
						"0.375": [0, 0, 0],
						"0.4167": [0, 0, 0],
						"0.4583": [0, 0, 0],
						"0.5": [0, 0, 0],
						"0.5417": [0, 0, 0],
						"0.5833": [0, 0, 0],
						"0.625": [0, 0, 0],
						"0.6667": [0, 0, 0],
						"0.7083": [0, 0, 0],
						"0.75": [0, 0, 0],
						"0.7917": [0, 0, 0],
						"0.8333": [0, 0, 0],
						"0.875": [0, 0, 0],
						"0.9167": [0, 0, 0],
						"0.9583": [0, 0, 0],
						"1.0": [0, 0, 0]
					}
				},
				"LeftFoot": {
					"rotation": {
						"0.0": [30, 0, 0],
						"0.0417": [29.31, 0, 0],
						"0.0833": [28.34, 0, 0],
						"0.125": [27.14, 0, 0],
						"0.1667": [25.79, 0, 0],
						"0.2083": [24.35, 0, 0],
						"0.25": [22.89, 0, 0],
						"0.2917": [21.48, 0, 0],
						"0.3333": [20.18, 0, 0],
						"0.375": [19.07, 0, 0],
						"0.4167": [18.21, 0, 0],
						"0.4583": [17.66, 0, 0],
						"0.5": [17.5, 0, 0],
						"0.5417": [18.22, 0, 0],
						"0.5833": [19.97, 0, 0],
						"0.625": [22.37, 0, 0],
						"0.6667": [25.06, 0, 0],
						"0.7083": [27.69, 0, 0],
						"0.75": [29.89, 0, 0],
						"0.7917": [31.3, 0, 0],
						"0.8333": [31.99, 0, 0],
						"0.875": [31.81, 0, 0],
						"0.9167": [31.15, 0, 0],
						"0.9583": [30.42, 0, 0],
						"1.0": [30, 0, 0]
					},
					"position": {
						"0.0": [0, 0, 0],
						"0.0417": [0, 0, 0],
						"0.0833": [0, 0, 0],
						"0.125": [0, 0, 0],
						"0.1667": [0, 0, 0],
						"0.2083": [0, 0, 0],
						"0.25": [0, 0, 0],
						"0.2917": [0, 0, 0],
						"0.3333": [0, 0, 0],
						"0.375": [0, 0, 0],
						"0.4167": [0, 0, 0],
						"0.4583": [0, 0, 0],
						"0.5": [0, 0, 0],
						"0.5417": [0, 0, 0],
						"0.5833": [0, 0, 0],
						"0.625": [0, 0, 0],
						"0.6667": [0, 0, 0],
						"0.7083": [0, 0, 0],
						"0.75": [0, 0, 0],
						"0.7917": [0, 0, 0],
						"0.8333": [0, 0, 0],
						"0.875": [0, 0, 0],
						"0.9167": [0, 0, 0],
						"0.9583": [0, 0, 0],
						"1.0": [0, 0, 0]
					}
				},
				"RightLeg": {
					"rotation": {
						"0.0": [5, 0, 0],
						"0.0417": [4.23, 0, 0],
						"0.0833": [3.18, 0, 0],
						"0.125": [1.92, 0, 0],
						"0.1667": [0.56, 0, 0],
						"0.2083": [-0.83, 0, 0],
						"0.25": [-2.14, 0, 0],
						"0.2917": [-3.61, 0, 0],
						"0.3333": [-5.34, 0, 0],
						"0.375": [-7.09, 0, 0],
						"0.4167": [-8.62, 0, 0],
						"0.4583": [-9.67, 0, 0],
						"0.5": [-10, 0, 0],
						"0.5417": [-9.2, 0, 0],
						"0.5833": [-7.38, 0, 0],
						"0.625": [-5.05, 0, 0],
						"0.6667": [-2.68, 0, 0],
						"0.7083": [-0.79, 0, 0],
						"0.75": [0.4, 0, 0],
						"0.7917": [1.72, 0, 0],
						"0.8333": [3.02, 0, 0],
						"0.875": [4.16, 0, 0],
						"0.9167": [4.96, 0, 0],
						"0.9583": [5.3, 0, 0],
						"1.0": [5, 0, 0],
						"1.0417": [4.23, 0, 0],
						"1.0833": [3.18, 0, 0],
						"1.125": [1.92, 0, 0],
						"1.1667": [0.56, 0, 0],
						"1.2083": [-0.83, 0, 0],
						"1.25": [-2.14, 0, 0],
						"1.2917": [-3.61, 0, 0],
						"1.3333": [-5.34, 0, 0],
						"1.375": [-7.09, 0, 0],
						"1.4167": [-8.62, 0, 0],
						"1.4583": [-9.67, 0, 0],
						"1.5": [-10, 0, 0],
						"1.5417": [-9.2, 0, 0],
						"1.5833": [-7.38, 0, 0],
						"1.625": [-5.05, 0, 0]
					},
					"position": {
						"0.0": [0, 0, 0],
						"0.0417": [0, 0, 0],
						"0.0833": [0, 0, 0],
						"0.125": [0, 0, 0],
						"0.1667": [0, 0, 0],
						"0.2083": [0, 0, 0],
						"0.25": [0, 0, 0],
						"0.2917": [0, 0, 0],
						"0.3333": [0, 0, 0],
						"0.375": [0, 0, 0],
						"0.4167": [0, 0, 0],
						"0.4583": [0, 0, 0],
						"0.5": [0, 0, 0],
						"0.5417": [0, 0, 0],
						"0.5833": [0, 0, 0],
						"0.625": [0, 0, 0],
						"0.6667": [0, 0, 0],
						"0.7083": [0, 0, 0],
						"0.75": [0, 0, 0],
						"0.7917": [0, 0, 0],
						"0.8333": [0, 0, 0],
						"0.875": [0, 0, 0],
						"0.9167": [0, 0, 0],
						"0.9583": [0, 0, 0],
						"1.0": [0, 0, 0]
					}
				},
				"RightLowerLeg": {
					"rotation": {
						"0.0": [7.5, 0, 0],
						"0.0417": [8.37, 0, 0],
						"0.0833": [9.67, 0, 0],
						"0.125": [11.16, 0, 0],
						"0.1667": [12.6, 0, 0],
						"0.2083": [13.72, 0, 0],
						"0.25": [14.29, 0, 0],
						"0.2917": [14.3, 0, 0],
						"0.3333": [13.93, 0, 0],
						"0.375": [13.26, 0, 0],
						"0.4167": [12.35, 0, 0],
						"0.4583": [11.24, 0, 0],
						"0.5": [10, 0, 0],
						"0.5417": [7.9, 0, 0],
						"0.5833": [5.1, 0, 0],
						"0.625": [2.23, 0, 0],
						"0.6667": [-0.05, 0, 0],
						"0.7083": [-1.12, 0, 0],
						"0.75": [-0.85, 0, 0],
						"0.7917": [0.16, 0, 0],
						"0.8333": [1.65, 0, 0],
						"0.875": [3.37, 0, 0],
						"0.9167": [5.09, 0, 0],
						"0.9583": [6.55, 0, 0],
						"1.0": [7.5, 0, 0]
					},
					"position": {
						"0.0": [0, 0, 0],
						"0.0417": [0, 0, 0],
						"0.0833": [0, 0, 0],
						"0.125": [0, 0, 0],
						"0.1667": [0, 0, 0],
						"0.2083": [0, 0, 0],
						"0.25": [0, 0, 0],
						"0.2917": [0, 0, 0],
						"0.3333": [0, 0, 0],
						"0.375": [0, 0, 0],
						"0.4167": [0, 0, 0],
						"0.4583": [0, 0, 0],
						"0.5": [0, 0, 0],
						"0.5417": [0, 0, 0],
						"0.5833": [0, 0, 0],
						"0.625": [0, 0, 0],
						"0.6667": [0, 0, 0],
						"0.7083": [0, 0, 0],
						"0.75": [0, 0, 0],
						"0.7917": [0, 0, 0],
						"0.8333": [0, 0, 0],
						"0.875": [0, 0, 0],
						"0.9167": [0, 0, 0],
						"0.9583": [0, 0, 0],
						"1.0": [0, 0, 0]
					}
				},
				"t": {
					"rotation": {
						"0.0": [17.5, 0, 0],
						"0.0417": [18.88, 0, 0],
						"0.0833": [20.88, 0, 0],
						"0.125": [23.24, 0, 0],
						"0.1667": [25.72, 0, 0],
						"0.2083": [28.05, 0, 0],
						"0.25": [30, 0, 0],
						"0.2917": [31.3, 0, 0],
						"0.3333": [32.19, 0, 0],
						"0.375": [32.4, 0, 0],
						"0.4167": [32.05, 0, 0],
						"0.4583": [31.22, 0, 0],
						"0.5": [30, 0, 0],
						"0.5417": [29.31, 0, 0],
						"0.5833": [28.42, 0, 0],
						"0.625": [27.37, 0, 0],
						"0.6667": [26.2, 0, 0],
						"0.7083": [24.95, 0, 0],
						"0.75": [23.67, 0, 0],
						"0.7917": [22.39, 0, 0],
						"0.8333": [21.16, 0, 0],
						"0.875": [20.01, 0, 0],
						"0.9167": [18.99, 0, 0],
						"0.9583": [18.14, 0, 0],
						"1.0": [17.5, 0, 0]
					},
					"position": {
						"0.0": [0, 0, 0],
						"0.0417": [0, 0, 0],
						"0.0833": [0, 0, 0],
						"0.125": [0, 0, 0],
						"0.1667": [0, 0, 0],
						"0.2083": [0, 0, 0],
						"0.25": [0, 0, 0],
						"0.2917": [0, 0, 0],
						"0.3333": [0, 0, 0],
						"0.375": [0, 0, 0],
						"0.4167": [0, 0, 0],
						"0.4583": [0, 0, 0],
						"0.5": [0, 0, 0],
						"0.5417": [0, 0, 0],
						"0.5833": [0, 0, 0],
						"0.625": [0, 0, 0],
						"0.6667": [0, 0, 0],
						"0.7083": [0, 0, 0],
						"0.75": [0, 0, 0],
						"0.7917": [0, 0, 0],
						"0.8333": [0, 0, 0],
						"0.875": [0, 0, 0],
						"0.9167": [0, 0, 0],
						"0.9583": [0, 0, 0],
						"1.0": [0, 0, 0]
					}
				},
				"AllBody": {
					"rotation": [0, 0, 0],
					"position": [0, 0, 0],
					"scale": 1
				},
				"AllHead": {
					"rotation": [0, 0, 0],
					"position": [0, 0, 0]
				},
				"Head": {
					"rotation": {
						"0.0": [0, 0, 0],
						"0.0417": [0.14, 0, 0],
						"0.0833": [0.33, 0, 0],
						"0.125": [0.57, 0, 0],
						"0.1667": [0.83, 0, 0],
						"0.2083": [1.12, 0, 0],
						"0.25": [1.41, 0, 0],
						"0.2917": [1.69, 0, 0],
						"0.3333": [1.94, 0, 0],
						"0.375": [2.17, 0, 0],
						"0.4167": [2.34, 0, 0],
						"0.4583": [2.46, 0, 0],
						"0.5": [2.5, 0, 0],
						"0.5417": [2.46, 0, 0],
						"0.5833": [2.34, 0, 0],
						"0.625": [2.17, 0, 0],
						"0.6667": [1.94, 0, 0],
						"0.7083": [1.69, 0, 0],
						"0.75": [1.41, 0, 0],
						"0.7917": [1.12, 0, 0],
						"0.8333": [0.83, 0, 0],
						"0.875": [0.57, 0, 0],
						"0.9167": [0.33, 0, 0],
						"0.9583": [0.14, 0, 0],
						"1.0": [0, 0, 0]
					},
					"position": [0, 0, 0]
				}
			}
		},
		"use_righthand": {
			"animation_length": 0.25,
			"bones": {
				"RightArm": {
					"rotation": {
						"0.0": [0, 0, 0],
						"0.0417": [3.52, 1.12, 18.13],
						"0.0833": [-7.5, 0, 35],
						"0.125": [-43.79, -17.87, 24.92],
						"0.1667": [-45.07, -31.77, 9.3],
						"0.2083": [-22.62, -16.75, 3.67],
						"0.25": [0, 0, 0]
					}
				},
				"RightForeArm": {
					"rotation": {
						"0.0": [0, 0, 0],
						"0.0417": [-17.97, 0, 0],
						"0.0833": [-122.5, 0, 0],
						"0.125": [-76.22, 0, 0],
						"0.1667": [-15, 0, 0],
						"0.2083": [-0.78, 0, 0],
						"0.25": [0, 0, 0]
					}
				}
			}
		},
		"use_lefthand": {
			"animation_length": 0.25,
			"bones": {
				"LeftArm": {
					"rotation": {
						"0.0": [0, 0, 0],
						"0.0417": [3.52, -1.12, -18.13],
						"0.0833": [-7.5, 0, -35],
						"0.125": [-43.79, 17.87, -24.92],
						"0.1667": [-45.07, 31.77, -9.3],
						"0.2083": [-22.62, 16.75, -3.67],
						"0.25": [0, 0, 0]
					}
				},
				"LeftForeArm": {
					"rotation": {
						"0.0": [0, 0, 0],
						"0.0417": [-17.97, 0, 0],
						"0.0833": [-122.5, 0, 0],
						"0.125": [-76.22, 0, 0],
						"0.1667": [-15, 0, 0],
						"0.2083": [-0.78, 0, 0],
						"0.25": [0, 0, 0]
					}
				}
			}
		},
		"idle": {
			"loop": true,
			"animation_length": 0.375,
			"bones": {
				"Root": {
					"rotation": [0, 0, 0],
					"scale": 1
				},
				"UpBody": {
					"rotation": [0, 0, 0],
					"position": [0, 0, 0]
				},
				"UpperBody": {
					"rotation": [0, 0, 0],
					"position": [0, 0, 0]
				},
				"LeftArm": {
					"rotation": [0, 0, 0],
					"position": [0, 0, 0]
				},
				"LeftForeArm": {
					"rotation": [0, 0, 0],
					"position": [0, 0, 0]
				},
				"RightArm": {
					"rotation": [0, 0, 0],
					"position": [0, 0, 0]
				},
				"RightForeArm": {
					"rotation": [0, 0, 0],
					"position": [0, 0, 0]
				},
				"LeftLeg": {
					"rotation": [0, 0, 0],
					"position": [0, 0, 0]
				},
				"LeftLowerLeg": {
					"rotation": [0, 0, 0],
					"position": [0, 0, 0]
				},
				"LeftFoot": {
					"rotation": [0, 0, 0],
					"position": [0, 0, 0]
				},
				"RightLeg": {
					"rotation": [0, 0, 0],
					"position": [0, 0, 0]
				},
				"RightLowerLeg": {
					"rotation": [0, 0, 0],
					"position": [0, 0, 0]
				},
				"t": {
					"rotation": [0, 0, 0],
					"position": [0, 0, 0]
				},
				"AllBody": {
					"rotation": [0, 0, 0],
					"position": [0, 0, 0],
					"scale": 1
				},
				"AllHead": {
					"rotation": [0, 0, 0],
					"position": [0, 0, 0]
				},
				"Head": {
					"rotation": [0, 0, 0],
					"position": [0, 0, 0]
				}
			}
		},
		"parallel0": {
			"loop": true,
			"animation_length": 0.375,
			"bones": {
				"Eyelid": {
					"scale": "ysm.is_close_eyes ? 0 : 1"
				},
				"LeftEyebrow": {
					"position": [0, "ysm.is_close_eyes ? -1 : 0", 0]
				},
				"RightEyebrow": {
					"position": [0, "ysm.is_close_eyes ? -1 : 0", 0]
				},
				"RightEyelidBase": {
					"position": ["eyelib.add_glow()", 0, 0]
				},
				"RightEyesDot": {
					"position": ["eyelib.add_glow()", 0, 0]
				},
				"LeftEyelidBase": {
					"position": ["eyelib.add_glow()", 0, 0]
				},
				"LeftEyesDot": {
					"position": ["eyelib.add_glow()", 0, 0]
				},
				"bone5": {
					"position": ["eyelib.add_glow()", 0, 0]
				}
			}
		},
		"parallel1": {
			"loop": true,
			"bones": {
				"BackHair1": {
					"rotation": ["(ysm.head_pitch > 0) ? ysm.head_pitch : (0.6*ysm.head_pitch)", 0, 0]
				},
				"BackHair2": {
					"rotation": ["(ysm.head_pitch > 0) ? ysm.head_pitch : (0.6*ysm.head_pitch)", 0, 0]
				}
			}
		},
		"parallel2": {
			"loop": true
		},
		"parallel3": {
			"loop": true
		},
		"parallel4": {
			"loop": true
		},
		"parallel5": {
			"loop": true
		},
		"parallel6": {
			"loop": true
		},
		"parallel7": {
			"loop": true
		}
	}
}