{
	"format_version": "1.10.0",
	"geometry.model": {
		"texturewidth": 256,
		"textureheight": 256,
		"visible_bounds_width": 10,
		"visible_bounds_height": 3.5,
		"visible_bounds_offset": [0, 1.25, 0],
		"bones": [
			{
				"name": "body",
				"pivot": [0, -3, -5],
				"cubes": [
					{"origin": [-23, 5, -16], "size": [32, 1, 49], "uv": [0, 0]},
					{"origin": [-23, 28.5, -0.5], "size": [32, 1, 38], "uv": [0, 50]},
					{"origin": [-23, 5, -38], "size": [32, 1, 10], "uv": [102, 76]},
					{"origin": [-23, 5, 45], "size": [32, 1, 3], "uv": [157, 108]},
					{"origin": [-18, 15, -37], "size": [22, 1, 24], "uv": [89, 89]},
					{"origin": [-23, 6, -13], "size": [32, 10, 1], "uv": [26, 138]},
					{"origin": [-23, 6, 32], "size": [32, 10, 1], "uv": [119, 137]},
					{"origin": [8, 6, -16], "size": [1, 10, 3], "uv": [0, 128]},
					{"origin": [-23, 6, -16], "size": [1, 10, 3], "uv": [26, 50]},
					{"origin": [8, 6, 12], "size": [1, 23, 2], "uv": [6, 185]},
					{"origin": [-23, 6, 12], "size": [1, 23, 2], "uv": [0, 185]},
					{"origin": [-22, 6, -16], "size": [3, 6, 1], "uv": [0, 107]},
					{"origin": [-22, 6, 45], "size": [3, 6, 1], "uv": [102, 76]},
					{"origin": [5, 6, -16], "size": [3, 6, 1], "uv": [101, 89]},
					{"origin": [5, 6, 45], "size": [3, 6, 1], "uv": [89, 89]},
					{"origin": [5, 6, -29], "size": [3, 6, 1], "uv": [12, 89]},
					{"origin": [-22, 6, -29], "size": [3, 6, 1], "uv": [0, 89]},
					{"origin": [-23, 12, -28], "size": [1, 2, 12], "uv": [62, 180]},
					{"origin": [-23, 12, 33], "size": [1, 4, 12], "uv": [176, 67]},
					{"origin": [8, 12, 33], "size": [1, 4, 12], "uv": [174, 51]},
					{"origin": [8, 12, -28], "size": [1, 2, 12], "uv": [177, 6]},
					{"origin": [8, 6, -38], "size": [1, 8, 10], "uv": [89, 89]},
					{"origin": [8, 6, 45], "size": [1, 10, 3], "uv": [8, 28]},
					{"origin": [-23, 6, 45], "size": [1, 10, 3], "uv": [0, 28]},
					{"origin": [-23, 6, -38], "size": [1, 8, 10], "uv": [0, 89]},
					{"origin": [-20, 5, -28], "size": [26, 1, 12], "uv": [0, 115]},
					{"origin": [-20, 5, 33], "size": [26, 1, 12], "uv": [113, 36]},
					{"origin": [-20, 6, -28], "size": [26, 6, 12], "uv": [113, 18]},
					{"origin": [-20, 6, 33], "size": [26, 6, 12], "uv": [113, 0]},
					{"origin": [-23, 5, 48], "size": [32, 4, 3], "uv": [119, 130]},
					{"origin": [-23, 9, 48], "size": [32, 7, 1], "uv": [157, 100]},
					{"origin": [-4, 6, -6], "size": [10, 4, 12], "uv": [169, 168]},
					{"origin": [-22, 13, -12], "size": [30, 3, 4], "uv": [157, 87]},
					{"origin": [-10, 6, -12], "size": [6, 7, 4], "uv": [0, 0]},
					{"origin": [-10, 27, -2], "size": [6, 2, 1], "uv": [0, 41]},
					{"origin": [-10, 6, -8], "size": [6, 3, 19], "uv": [47, 150]},
					{"origin": [-20, 6, -6], "size": [10, 4, 12], "uv": [0, 169]},
					{"origin": [-20, 6, 16], "size": [26, 4, 12], "uv": [102, 114]},
					{"origin": [-22, 12, -28], "size": [30, 1, 12], "uv": [102, 63]},
					{"origin": [-22, 12, 33], "size": [30, 1, 12], "uv": [102, 50]}
				]
			},
			{
				"name": "bone",
				"parent": "body",
				"pivot": [-7, 15, -13],
				"rotation": [2.5, 0, 0],
				"cubes": [
					{"origin": [-23, 15, -38], "size": [32, 1, 25], "uv": [0, 89]}
				]
			},
			{
				"name": "bone20",
				"parent": "body",
				"pivot": [9, 5, -37],
				"rotation": [7.5, 0, 0],
				"cubes": [
					{"origin": [-23, 5, -39], "size": [32, 4, 2], "uv": [157, 94]}
				]
			},
			{
				"name": "bone21",
				"parent": "body",
				"pivot": [9, 9, -39],
				"rotation": [-5, 0, 0],
				"cubes": [
					{"origin": [-23, 9, -38.5], "size": [32, 6, 1], "uv": [0, 162]}
				]
			},
			{
				"name": "door",
				"parent": "body",
				"pivot": [8, -2, -11],
				"cubes": [
					{"origin": [8, 6, -12], "size": [1, 10, 24], "uv": [93, 130]},
					{"origin": [9, 15, -12], "size": [3, 2, 2], "uv": [0, 83]},
					{"origin": [-26, 15, -12], "size": [3, 2, 2], "uv": [26, 64]},
					{"origin": [8, 16, 10], "size": [1, 12, 2], "uv": [107, 138]},
					{"origin": [8, 28, -1], "size": [1, 1, 13], "uv": [46, 173]}
				]
			},
			{
				"name": "bone61",
				"parent": "door",
				"pivot": [14, 6, -9],
				"rotation": [0, -7.5, 0],
				"cubes": [
					{"origin": [10, 14, -10], "size": [5, 4, 1], "uv": [12, 78]}
				]
			},
			{
				"name": "bone62",
				"parent": "door",
				"pivot": [-25, 6, -9],
				"rotation": [0, 7.5, 0],
				"cubes": [
					{"origin": [-29, 14, -10], "size": [5, 4, 1], "uv": [0, 78]}
				]
			},
			{
				"name": "bone29",
				"parent": "door",
				"pivot": [8, 15, -10],
				"rotation": [-32.5, 0, 0],
				"cubes": [
					{"origin": [8, 15, -11], "size": [1, 15, 1], "uv": [34, 50]}
				]
			},
			{
				"name": "bone30",
				"parent": "bone29",
				"pivot": [8, 30, -10],
				"rotation": [-42.5, 0, 0],
				"cubes": [
					{"origin": [8, 29, -11], "size": [1, 3, 1], "uv": [16, 0]}
				]
			},
			{
				"name": "door2",
				"parent": "body",
				"pivot": [-23, -2, -11],
				"cubes": [
					{"origin": [-23, 6, -12], "size": [1, 10, 24], "uv": [0, 128]},
					{"origin": [-23, 16, 10], "size": [1, 12, 2], "uv": [14, 128]},
					{"origin": [-23, 28, -1], "size": [1, 1, 13], "uv": [31, 172]}
				]
			},
			{
				"name": "bone31",
				"parent": "door2",
				"pivot": [-23, 15, -10],
				"rotation": [-32.5, 0, 0],
				"cubes": [
					{"origin": [-23, 15, -11], "size": [1, 15, 1], "uv": [17, 27]}
				]
			},
			{
				"name": "bone32",
				"parent": "bone31",
				"pivot": [-23, 30, -10],
				"rotation": [-42.5, 0, 0],
				"cubes": [
					{"origin": [-23, 29, -11], "size": [1, 3, 1], "uv": [0, 0]}
				]
			},
			{
				"name": "door3",
				"parent": "body",
				"pivot": [-22, -2, 30],
				"rotation": [0, 180, 0],
				"cubes": [
					{"origin": [-22, 6, 28], "size": [1, 10, 18], "uv": [79, 164]},
					{"origin": [-22, 16, 44], "size": [1, 12, 2], "uv": [8, 128]},
					{"origin": [-22, 28, 33], "size": [1, 1, 13], "uv": [99, 164]}
				]
			},
			{
				"name": "bone36",
				"parent": "door3",
				"pivot": [-22, 15, 29],
				"rotation": [-20, 0, 0],
				"cubes": [
					{"origin": [-22, 15, 28], "size": [1, 14, 1], "uv": [113, 138]}
				]
			},
			{
				"name": "door4",
				"parent": "body",
				"pivot": [9, -2, 30],
				"rotation": [0, 180, 0],
				"cubes": [
					{"origin": [9, 6, 28], "size": [1, 10, 18], "uv": [0, 50]},
					{"origin": [9, 16, 44], "size": [1, 12, 2], "uv": [96, 115]},
					{"origin": [9, 28, 33], "size": [1, 1, 13], "uv": [79, 138]}
				]
			},
			{
				"name": "bone37",
				"parent": "door4",
				"pivot": [9, 15, 31],
				"rotation": [-20, 0, 0],
				"cubes": [
					{"origin": [9, 15, 28], "size": [1, 14, 1], "uv": [20, 128]}
				]
			},
			{
				"name": "bone22",
				"parent": "body",
				"pivot": [-23, 13, -36],
				"rotation": [2.5, 0, 0],
				"cubes": [
					{"origin": [-23, 13, -36], "size": [1, 2, 21], "uv": [0, 23]}
				]
			},
			{
				"name": "bone23",
				"parent": "body",
				"pivot": [8, 13, -36],
				"rotation": [2.5, 0, 0],
				"cubes": [
					{"origin": [8, 13, -36], "size": [1, 2, 21], "uv": [0, 0]}
				]
			},
			{
				"name": "bone24",
				"parent": "body",
				"pivot": [5, 6, 5],
				"rotation": [-10, 0, 0],
				"cubes": [
					{"origin": [-4, 6, 5], "size": [10, 18, 2], "uv": [23, 23]}
				]
			},
			{
				"name": "bone63",
				"parent": "body",
				"pivot": [5, 11, -8],
				"rotation": [17.5, 0, 0],
				"cubes": [
					{"origin": [-3, 11, -7], "size": [8, 8, 1], "uv": [0, 11]}
				]
			},
			{
				"name": "bone33",
				"parent": "body",
				"pivot": [5, 6, 26],
				"rotation": [-10, 0, 0],
				"cubes": [
					{"origin": [-20, 6, 26], "size": [26, 18, 2], "uv": [143, 148]}
				]
			},
			{
				"name": "bone25",
				"parent": "body",
				"pivot": [-11, 6, 5],
				"rotation": [-10, 0, 0],
				"cubes": [
					{"origin": [-20, 6, 5], "size": [10, 18, 2], "uv": [23, 0]}
				]
			},
			{
				"name": "bone26",
				"parent": "body",
				"pivot": [8, 15, -11],
				"rotation": [-32.5, 0, 0],
				"cubes": [
					{"origin": [7, 15, -12], "size": [2, 16, 1], "uv": [20, 50]}
				]
			},
			{
				"name": "bone27",
				"parent": "body",
				"pivot": [-22, 15, -11],
				"rotation": [-32.5, 0, 0],
				"cubes": [
					{"origin": [-23, 15, -12], "size": [2, 16, 1], "uv": [12, 50]}
				]
			},
			{
				"name": "bone28",
				"parent": "bone27",
				"pivot": [-22, 29, -11],
				"rotation": [-45, 0, 0],
				"cubes": [
					{"origin": [-23, 29.5, -13], "size": [32, 3, 1], "uv": [166, 118]}
				]
			},
			{
				"name": "bone34",
				"parent": "body",
				"pivot": [-22, 15, 48],
				"rotation": [32.5, 0, 0],
				"cubes": [
					{"origin": [-23, 15, 48], "size": [2, 16, 1], "uv": [6, 50]},
					{"origin": [7, 15, 48], "size": [2, 16, 1], "uv": [0, 50]}
				]
			},
			{
				"name": "bone35",
				"parent": "bone34",
				"pivot": [-22, 29, 48],
				"rotation": [45, 0, 0],
				"cubes": [
					{"origin": [-23, 29.5, 49], "size": [32, 3, 1], "uv": [166, 114]}
				]
			},
			{
				"name": "bone2",
				"pivot": [6, 5, -22],
				"rotation": [0, 0, 90],
				"cubes": [
					{"origin": [3, 5, -18.9], "size": [6, 2, -7], "uv": [245, 146]}
				]
			},
			{
				"name": "bone3",
				"parent": "bone2",
				"pivot": [6, 5, -22],
				"cubes": [
					{"origin": [4, 5, -17.17157], "size": [4, 4, -1], "uv": [250, 164]}
				]
			},
			{
				"name": "bone4",
				"parent": "bone2",
				"pivot": [6, 5, -22],
				"rotation": [0, -45, 0],
				"cubes": [
					{"origin": [4, 5, -17.17157], "size": [4, 4, -1], "uv": [250, 161]}
				]
			},
			{
				"name": "bone5",
				"parent": "bone2",
				"pivot": [6, 5, -22],
				"rotation": [0, -90, 0],
				"cubes": [
					{"origin": [3, 5, -18.9], "size": [6, 2, -7], "uv": [241, 159]},
					{"origin": [4, 5, -17.17157], "size": [4, 4, -1], "uv": [250, 152]}
				]
			},
			{
				"name": "bone6",
				"parent": "bone2",
				"pivot": [6, 5, -22],
				"rotation": [0, -135, 0],
				"cubes": [
					{"origin": [4, 5, -17.17157], "size": [4, 4, -1], "uv": [250, 149]}
				]
			},
			{
				"name": "bone7",
				"parent": "bone2",
				"pivot": [6, 5, -22],
				"rotation": [0, -180, 0],
				"cubes": [
					{"origin": [4, 5, -17.17157], "size": [4, 4, -1], "uv": [250, 146]},
					{"origin": [3, 5, -18.9], "size": [6, 2, -7], "uv": [239, 185]}
				]
			},
			{
				"name": "bone8",
				"parent": "bone2",
				"pivot": [6, 5, -22],
				"rotation": [0, -225, 0],
				"cubes": [
					{"origin": [4, 5, -17.17157], "size": [4, 4, -1], "uv": [250, 143]}
				]
			},
			{
				"name": "bone9",
				"parent": "bone2",
				"pivot": [6, 5, -22],
				"rotation": [0, -270, 0],
				"cubes": [
					{"origin": [4, 5, -17.17157], "size": [4, 4, -1], "uv": [244, 253]},
					{"origin": [3, 5, -18.9], "size": [6, 2, -7], "uv": [238, 164]},
					{"origin": [4, 7, -19.9], "size": [4, 1, -4], "uv": [229, 165]}
				]
			},
			{
				"name": "bone10",
				"parent": "bone2",
				"pivot": [6, 5, -22],
				"rotation": [0, -315, 0],
				"cubes": [
					{"origin": [4, 5, -17.17157], "size": [4, 4, -1], "uv": [238, 253]}
				]
			},
			{
				"name": "bone47",
				"pivot": [6, 5, 39],
				"rotation": [0, 0, 90],
				"cubes": [
					{"origin": [3, 5, 42.1], "size": [6, 2, -7], "uv": [193, 234]}
				]
			},
			{
				"name": "bone48",
				"parent": "bone47",
				"pivot": [6, 5, 39],
				"cubes": [
					{"origin": [4, 5, 43.82843], "size": [4, 4, -1], "uv": [238, 253]}
				]
			},
			{
				"name": "bone49",
				"parent": "bone47",
				"pivot": [6, 5, 39],
				"rotation": [0, -45, 0],
				"cubes": [
					{"origin": [4, 5, 43.82843], "size": [4, 4, -1], "uv": [232, 253]}
				]
			},
			{
				"name": "bone50",
				"parent": "bone47",
				"pivot": [6, 5, 39],
				"rotation": [0, -90, 0],
				"cubes": [
					{"origin": [3, 5, 42.1], "size": [6, 2, -7], "uv": [91, 223]},
					{"origin": [4, 5, 43.82843], "size": [4, 4, -1], "uv": [157, 253]}
				]
			},
			{
				"name": "bone51",
				"parent": "bone47",
				"pivot": [6, 5, 39],
				"rotation": [0, -135, 0],
				"cubes": [
					{"origin": [4, 5, 43.82843], "size": [4, 4, -1], "uv": [151, 253]}
				]
			},
			{
				"name": "bone52",
				"parent": "bone47",
				"pivot": [6, 5, 39],
				"rotation": [0, -180, 0],
				"cubes": [
					{"origin": [4, 5, 43.82843], "size": [4, 4, -1], "uv": [250, 250]},
					{"origin": [3, 5, 42.1], "size": [6, 2, -7], "uv": [192, 224]}
				]
			},
			{
				"name": "bone53",
				"parent": "bone47",
				"pivot": [6, 5, 39],
				"rotation": [0, -225, 0],
				"cubes": [
					{"origin": [4, 5, 43.82843], "size": [4, 4, -1], "uv": [244, 250]}
				]
			},
			{
				"name": "bone54",
				"parent": "bone47",
				"pivot": [6, 5, 39],
				"rotation": [0, -270, 0],
				"cubes": [
					{"origin": [4, 5, 43.82843], "size": [4, 4, -1], "uv": [238, 250]},
					{"origin": [3, 5, 42.1], "size": [6, 2, -7], "uv": [189, 220]},
					{"origin": [4, 7, 41.1], "size": [4, 1, -4], "uv": [103, 216]}
				]
			},
			{
				"name": "bone55",
				"parent": "bone47",
				"pivot": [6, 5, 39],
				"rotation": [0, -315, 0],
				"cubes": [
					{"origin": [4, 5, 43.82843], "size": [4, 4, -1], "uv": [232, 250]}
				]
			},
			{
				"name": "bone11",
				"pivot": [-20, 5, -22],
				"rotation": [0, 0, -90],
				"cubes": [
					{"origin": [-23, 5, -18.9], "size": [6, 2, -7], "uv": [16, 241]}
				]
			},
			{
				"name": "bone12",
				"parent": "bone11",
				"pivot": [-20, 5, -22],
				"cubes": [
					{"origin": [-22, 5, -17.17157], "size": [4, 4, -1], "uv": [144, 244]}
				]
			},
			{
				"name": "bone13",
				"parent": "bone11",
				"pivot": [-20, 5, -22],
				"rotation": [0, -45, 0],
				"cubes": [
					{"origin": [-22, 5, -17.17157], "size": [4, 4, -1], "uv": [138, 244]}
				]
			},
			{
				"name": "bone14",
				"parent": "bone11",
				"pivot": [-20, 5, -22],
				"rotation": [0, -90, 0],
				"cubes": [
					{"origin": [-23, 5, -18.9], "size": [6, 2, -7], "uv": [242, 20]},
					{"origin": [-22, 5, -17.17157], "size": [4, 4, -1], "uv": [232, 220]}
				]
			},
			{
				"name": "bone15",
				"parent": "bone11",
				"pivot": [-20, 5, -22],
				"rotation": [0, -135, 0],
				"cubes": [
					{"origin": [-22, 5, -17.17157], "size": [4, 4, -1], "uv": [231, 233]}
				]
			},
			{
				"name": "bone16",
				"parent": "bone11",
				"pivot": [-20, 5, -22],
				"rotation": [0, -180, 0],
				"cubes": [
					{"origin": [-22, 5, -17.17157], "size": [4, 4, -1], "uv": [219, 233]},
					{"origin": [-23, 5, -18.9], "size": [6, 2, -7], "uv": [12, 249]}
				]
			},
			{
				"name": "bone17",
				"parent": "bone11",
				"pivot": [-20, 5, -22],
				"rotation": [0, -225, 0],
				"cubes": [
					{"origin": [-22, 5, -17.17157], "size": [4, 4, -1], "uv": [142, 233]}
				]
			},
			{
				"name": "bone18",
				"parent": "bone11",
				"pivot": [-20, 5, -22],
				"rotation": [0, -270, 0],
				"cubes": [
					{"origin": [-22, 5, -17.17157], "size": [4, 4, -1], "uv": [130, 233]},
					{"origin": [-23, 5, -18.9], "size": [6, 2, -7], "uv": [11, 247]},
					{"origin": [-22, 7, -19.9], "size": [4, 1, -4], "uv": [237, 42]}
				]
			},
			{
				"name": "bone19",
				"parent": "bone11",
				"pivot": [-20, 5, -22],
				"rotation": [0, -315, 0],
				"cubes": [
					{"origin": [-22, 5, -17.17157], "size": [4, 4, -1], "uv": [148, 220]}
				]
			},
			{
				"name": "bone38",
				"pivot": [-20, 5, 39],
				"rotation": [0, 0, -90],
				"cubes": [
					{"origin": [-23, 5, 42.1], "size": [6, 2, -7], "uv": [206, 200]}
				]
			},
			{
				"name": "bone39",
				"parent": "bone38",
				"pivot": [-20, 5, 39],
				"cubes": [
					{"origin": [-22, 5, 43.82843], "size": [4, 4, -1], "uv": [242, 246]}
				]
			},
			{
				"name": "bone40",
				"parent": "bone38",
				"pivot": [-20, 5, 39],
				"rotation": [0, -45, 0],
				"cubes": [
					{"origin": [-22, 5, 43.82843], "size": [4, 4, -1], "uv": [236, 246]}
				]
			},
			{
				"name": "bone41",
				"parent": "bone38",
				"pivot": [-20, 5, 39],
				"rotation": [0, -90, 0],
				"cubes": [
					{"origin": [-23, 5, 42.1], "size": [6, 2, -7], "uv": [206, 200]},
					{"origin": [-22, 5, 43.82843], "size": [4, 4, -1], "uv": [230, 246]}
				]
			},
			{
				"name": "bone42",
				"parent": "bone38",
				"pivot": [-20, 5, 39],
				"rotation": [0, -135, 0],
				"cubes": [
					{"origin": [-22, 5, 43.82843], "size": [4, 4, -1], "uv": [224, 246]}
				]
			},
			{
				"name": "bone43",
				"parent": "bone38",
				"pivot": [-20, 5, 39],
				"rotation": [0, -180, 0],
				"cubes": [
					{"origin": [-22, 5, 43.82843], "size": [4, 4, -1], "uv": [218, 246]},
					{"origin": [-23, 5, 42.1], "size": [6, 2, -7], "uv": [206, 200]}
				]
			},
			{
				"name": "bone44",
				"parent": "bone38",
				"pivot": [-20, 5, 39],
				"rotation": [0, -225, 0],
				"cubes": [
					{"origin": [-22, 5, 43.82843], "size": [4, 4, -1], "uv": [212, 246]}
				]
			},
			{
				"name": "bone45",
				"parent": "bone38",
				"pivot": [-20, 5, 39],
				"rotation": [0, -270, 0],
				"cubes": [
					{"origin": [-22, 5, 43.82843], "size": [4, 4, -1], "uv": [206, 246]},
					{"origin": [-23, 5, 42.1], "size": [6, 2, -7], "uv": [206, 200]},
					{"origin": [-22, 7, 41.1], "size": [4, 1, -4], "uv": [206, 200]}
				]
			},
			{
				"name": "bone46",
				"parent": "bone38",
				"pivot": [-20, 5, 39],
				"rotation": [0, -315, 0],
				"cubes": [
					{"origin": [-22, 5, 43.82843], "size": [4, 4, -1], "uv": [211, 228]}
				]
			},
			{
				"name": "ad",
				"pivot": [-3, 29, 4],
				"cubes": [
					{"origin": [-12, 29, 3], "size": [10, 2, 21], "uv": [55, 115]},
					{"origin": [-8, 39, 5], "size": [2, 1, 18], "uv": [171, 31]},
					{"origin": [-8, 31, 5], "size": [2, 8, 1], "uv": [30, 78]},
					{"origin": [-11, 31, 4], "size": [8, 4, 1], "uv": [0, 23]},
					{"origin": [-8, 31, 22], "size": [2, 8, 1], "uv": [24, 78]}
				]
			},
			{
				"name": "bone59",
				"parent": "ad",
				"pivot": [-11, 31, 23],
				"cubes": [
					{"origin": [-11, 30.5, 22], "size": [1, 2, 1], "uv": [108, 83]},
					{"origin": [-6, 30.5, 22], "size": [1, 7, 1], "uv": [110, 50]},
					{"origin": [-9, 30.5, 22], "size": [1, 7, 1], "uv": [109, 89]},
					{"origin": [-4, 30.5, 22], "size": [1, 2, 1], "uv": [95, 96]},
					{"origin": [-5, 31, 22], "size": [1, 4, 1], "uv": [14, 83]},
					{"origin": [-10, 31, 22], "size": [1, 4, 1], "uv": [10, 83]}
				]
			},
			{
				"name": "bone60",
				"parent": "ad",
				"pivot": [-11, 31, 6],
				"cubes": [
					{"origin": [-11, 30.5, 5], "size": [1, 2, 1], "uv": [6, 96]},
					{"origin": [-6, 30.5, 5], "size": [1, 7, 1], "uv": [21, 106]},
					{"origin": [-9, 30.5, 5], "size": [1, 7, 1], "uv": [20, 89]},
					{"origin": [-4, 30.5, 5], "size": [1, 2, 1], "uv": [13, 28]},
					{"origin": [-5, 31, 5], "size": [1, 4, 1], "uv": [45, 20]},
					{"origin": [-10, 31, 5], "size": [1, 4, 1], "uv": [44, 43]}
				]
			},
			{
				"name": "bone57",
				"parent": "ad",
				"pivot": [-3, 30, 7],
				"rotation": [0, 0, -22.5],
				"cubes": [
					{"origin": [-3, 30, 6], "size": [1, 10, 16], "uv": [151, 168]},
					{"origin": [-3, 30, 5], "size": [1, 10, 1], "uv": [106, 63]},
					{"origin": [-3, 30, 22], "size": [1, 10, 1], "uv": [106, 50]}
				]
			},
			{
				"name": "bone58",
				"parent": "ad",
				"pivot": [-11, 30, 7],
				"rotation": [0, 0, 22.5],
				"cubes": [
					{"origin": [-12, 30, 6], "size": [1, 10, 16], "uv": [117, 164]},
					{"origin": [-12, 30, 5], "size": [1, 10, 1], "uv": [102, 63]},
					{"origin": [-12, 30, 22], "size": [1, 10, 1], "uv": [102, 50]}
				]
			}
		]
	}
}