{
	"format_version": "1.10.0",
	"geometry.model": {
		"texturewidth": 32,
		"textureheight": 32,
		"visible_bounds_width": 2,
		"visible_bounds_height": 1.5,
		"visible_bounds_offset": [0, 0.25, 0],
		"bones": [
			{
				"name": "bb_main",
				"pivot": [0, 0, 0],
				"cubes": [
					{"origin": [-3, 0, -5], "size": [6, 1, 7], "uv": [0, 0]}
				]
			},
			{
				"name": "bone",
				"pivot": [0, 0, 2],
				"rotation": [27.5, 0, 0],
				"cubes": [
					{"origin": [-3, 0, 2], "size": [6, 1, 3], "uv": [0, 8]}
				]
			}
		]
	}
}