{
	"format_version": "1.10.0",
	"geometry.model": {
		"texturewidth": 16,
		"textureheight": 16,
		"visible_bounds_width": 2,
		"visible_bounds_height": 1.5,
		"visible_bounds_offset": [0, 0.25, 0],
		"bones": [
			{
				"name": "body",
				"pivot": [2, 0, 0],
				"cubes": [
					{"origin": [1.5, 3.5, -0.5], "size": [1, 1, 1], "uv": [0, 10]},
					{"origin": [-0.5, 0.5, -3], "size": [2, 2, 2], "uv": [0, 6]},
					{"origin": [-3, 0, -1], "size": [6, 4, 2], "uv": [0, 0]},
					{"origin": [1.5, 2.5, 0.1], "size": [1, 1, 1], "uv": [4, 10]},
					{"origin": [-2.5, 3.5, -0.5], "size": [1, 1, 1], "uv": [8, 8]},
					{"origin": [-2.5, 3.4, -0.1], "size": [2, 1, 1], "uv": [6, 6]}
				]
			}
		]
	}
}