{
	"format_version": "1.10.0",
	"geometry.model": {
		"texturewidth": 64,
		"textureheight": 64,
		"visible_bounds_width": 2,
		"visible_bounds_height": 2.5,
		"visible_bounds_offset": [0, 0.75, 0],
		"bones": [
			{
				"name": "body_main",
				"pivot": [-2, 1, 4],
				"cubes": [
					{"origin": [3, 0, -4], "size": [3, 4, 8], "uv": [0, 12]},
					{"origin": [-6, 0, -4], "size": [3, 4, 8], "uv": [0, 0]},
					{"origin": [-3, 0, 0], "size": [6, 4, 2], "uv": [0, 24]},
					{"origin": [-3, 0, 2], "size": [6, 3, 2], "uv": [16, 26]},
					{"origin": [-5, 1, 3], "size": [4, 2, 2], "uv": [29, 0]},
					{"origin": [-3, 3, -4], "size": [6, 1, 4], "uv": [14, 12]},
					{"origin": [-2.5, 0, -5], "size": [5, 1, 5], "uv": [14, 0]}
				]
			},
			{
				"name": "paper",
				"parent": "body_main",
				"pivot": [0, 1, 2],
				"rotation": [-32.5, 0, 0],
				"cubes": [
					{"origin": [-3, 1, 1], "size": [6, 8, 1], "uv": [22, 17]},
					{"origin": [-4, 3, 2], "size": [8, 5, 1], "uv": [22, 6]}
				]
			}
		]
	}
}