{
	"format_version": "1.10.0",
	"geometry.model": {
		"texturewidth": 256,
		"textureheight": 256,
		"visible_bounds_width": 10,
		"visible_bounds_height": 3.5,
		"visible_bounds_offset": [0, 1.25, 0],
		"bones": [
			{
				"name": "body",
				"pivot": [0, -3, -5],
				"cubes": [
					{"origin": [-23, 5, -16], "size": [32, 1, 55], "uv": [0, 0]},
					{"origin": [-23, 28.5, -0.5], "size": [32, 1, 28], "uv": [0, 56]},
					{"origin": [-23, 5, -38], "size": [32, 1, 10], "uv": [119, 0]},
					{"origin": [-23, 5, 51], "size": [32, 1, 6], "uv": [119, 47]},
					{"origin": [-18, 15, -37], "size": [22, 1, 24], "uv": [92, 56]},
					{"origin": [-23, 6, -13], "size": [32, 10, 1], "uv": [92, 150]},
					{"origin": [-23, 6, 38], "size": [32, 10, 1], "uv": [26, 148]},
					{"origin": [8, 6, -16], "size": [1, 10, 3], "uv": [15, 56]},
					{"origin": [8, 6, 29], "size": [1, 10, 9], "uv": [0, 137]},
					{"origin": [-23, 6, 29], "size": [1, 10, 9], "uv": [89, 85]},
					{"origin": [-23, 6, -16], "size": [1, 10, 3], "uv": [0, 56]},
					{"origin": [8, 6, 12], "size": [1, 23, 2], "uv": [126, 185]},
					{"origin": [-23, 6, 12], "size": [1, 23, 2], "uv": [120, 183]},
					{"origin": [-22, 6, -16], "size": [3, 6, 1], "uv": [100, 85]},
					{"origin": [-22, 6, 51], "size": [3, 6, 1], "uv": [15, 70]},
					{"origin": [5, 6, -16], "size": [3, 6, 1], "uv": [89, 85]},
					{"origin": [5, 6, 51], "size": [3, 6, 1], "uv": [0, 85]},
					{"origin": [5, 6, -29], "size": [3, 6, 1], "uv": [12, 85]},
					{"origin": [-22, 6, -29], "size": [3, 6, 1], "uv": [92, 56]},
					{"origin": [-23, 12, -28], "size": [1, 2, 12], "uv": [183, 17]},
					{"origin": [-23, 12, 39], "size": [1, 3, 12], "uv": [18, 171]},
					{"origin": [8, 12, 39], "size": [1, 3, 12], "uv": [52, 168]},
					{"origin": [8, 12, -28], "size": [1, 2, 12], "uv": [172, 170]},
					{"origin": [8, 6, -38], "size": [1, 8, 10], "uv": [92, 56]},
					{"origin": [8, 6, 51], "size": [1, 9, 6], "uv": [149, 164]},
					{"origin": [-23, 6, 51], "size": [1, 9, 6], "uv": [128, 161]},
					{"origin": [-23, 6, -38], "size": [1, 8, 10], "uv": [0, 85]},
					{"origin": [-20, 5, -28], "size": [26, 1, 12], "uv": [64, 135]},
					{"origin": [-20, 5, 39], "size": [26, 1, 12], "uv": [0, 124]},
					{"origin": [-20, 6, -28], "size": [26, 6, 12], "uv": [119, 29]},
					{"origin": [-20, 6, 39], "size": [26, 6, 12], "uv": [119, 11]},
					{"origin": [-23, 5, 57], "size": [32, 4, 3], "uv": [136, 119]},
					{"origin": [-23, 9, 57], "size": [32, 6, 1], "uv": [160, 69]},
					{"origin": [-4, 6, -6], "size": [10, 4, 12], "uv": [168, 126]},
					{"origin": [-22, 13, -12], "size": [30, 3, 4], "uv": [160, 56]},
					{"origin": [-10, 6, -12], "size": [6, 7, 4], "uv": [32, 34]},
					{"origin": [-10, 27, -2], "size": [6, 2, 1], "uv": [0, 20]},
					{"origin": [-10, 6, -8], "size": [6, 3, 19], "uv": [97, 161]},
					{"origin": [-20, 6, -6], "size": [10, 4, 12], "uv": [0, 34]},
					{"origin": [-20, 6, 16], "size": [26, 4, 12], "uv": [72, 119]},
					{"origin": [-22, 12, -28], "size": [30, 1, 12], "uv": [0, 111]},
					{"origin": [-22, 12, 39], "size": [30, 1, 12], "uv": [102, 106]}
				]
			},
			{
				"name": "bone",
				"parent": "body",
				"pivot": [-7, 15, -13],
				"rotation": [2.5, 0, 0],
				"cubes": [
					{"origin": [-23, 15, -38], "size": [32, 1, 25], "uv": [0, 85]}
				]
			},
			{
				"name": "bone20",
				"parent": "body",
				"pivot": [9, 5, -37],
				"rotation": [7.5, 0, 0],
				"cubes": [
					{"origin": [-23, 5, -39], "size": [32, 4, 2], "uv": [160, 63]}
				]
			},
			{
				"name": "bone21",
				"parent": "body",
				"pivot": [9, 9, -39],
				"rotation": [-5, 0, 0],
				"cubes": [
					{"origin": [-23, 9, -38.5], "size": [32, 6, 1], "uv": [50, 161]}
				]
			},
			{
				"name": "door",
				"parent": "body",
				"pivot": [8, -2, -11],
				"cubes": [
					{"origin": [8, 6, -12], "size": [1, 10, 24], "uv": [0, 137]},
					{"origin": [9, 15, -12], "size": [3, 2, 2], "uv": [26, 20]},
					{"origin": [-26, 15, -12], "size": [3, 2, 2], "uv": [14, 20]},
					{"origin": [8, 16, 10], "size": [1, 12, 2], "uv": [132, 185]},
					{"origin": [8, 28, -1], "size": [1, 1, 13], "uv": [0, 70]}
				]
			},
			{
				"name": "bone61",
				"parent": "door",
				"pivot": [14, 6, -9],
				"rotation": [0, -7.5, 0],
				"cubes": [
					{"origin": [10, 14, -10], "size": [5, 4, 1], "uv": [0, 39]}
				]
			},
			{
				"name": "bone62",
				"parent": "door",
				"pivot": [-25, 6, -9],
				"rotation": [0, 7.5, 0],
				"cubes": [
					{"origin": [-29, 14, -10], "size": [5, 4, 1], "uv": [0, 34]}
				]
			},
			{
				"name": "bone29",
				"parent": "door",
				"pivot": [8, 15, -10],
				"rotation": [-32.5, 0, 0],
				"cubes": [
					{"origin": [8, 15, -11], "size": [1, 15, 1], "uv": [50, 16]}
				]
			},
			{
				"name": "bone30",
				"parent": "bone29",
				"pivot": [8, 30, -10],
				"rotation": [-42.5, 0, 0],
				"cubes": [
					{"origin": [8, 29, -11], "size": [1, 3, 1], "uv": [108, 62]}
				]
			},
			{
				"name": "door2",
				"parent": "body",
				"pivot": [-23, -2, -11],
				"cubes": [
					{"origin": [-23, 6, -12], "size": [1, 10, 24], "uv": [0, 0]},
					{"origin": [-23, 16, 10], "size": [1, 12, 2], "uv": [185, 83]},
					{"origin": [-23, 28, -1], "size": [1, 1, 13], "uv": [0, 56]}
				]
			},
			{
				"name": "bone31",
				"parent": "door2",
				"pivot": [-23, 15, -10],
				"rotation": [-32.5, 0, 0],
				"cubes": [
					{"origin": [-23, 15, -11], "size": [1, 15, 1], "uv": [50, 0]}
				]
			},
			{
				"name": "bone32",
				"parent": "bone31",
				"pivot": [-23, 30, -10],
				"rotation": [-42.5, 0, 0],
				"cubes": [
					{"origin": [-23, 29, -11], "size": [1, 3, 1], "uv": [32, 34]}
				]
			},
			{
				"name": "door3",
				"parent": "body",
				"pivot": [-22, -2, 30],
				"rotation": [0, 180, 0],
				"cubes": [
					{"origin": [-22, 6, 30], "size": [1, 10, 16], "uv": [177, 90]},
					{"origin": [-22, 16, 44], "size": [1, 12, 2], "uv": [179, 85]},
					{"origin": [-22, 28, 35], "size": [1, 1, 11], "uv": [96, 183]}
				]
			},
			{
				"name": "bone36",
				"parent": "door3",
				"pivot": [-22, 15, 31],
				"rotation": [-20, 0, 0],
				"cubes": [
					{"origin": [-22, 15, 30], "size": [1, 14, 1], "uv": [142, 161]}
				]
			},
			{
				"name": "door4",
				"parent": "body",
				"pivot": [9, -2, 30],
				"rotation": [0, 180, 0],
				"cubes": [
					{"origin": [9, 6, 30], "size": [1, 10, 16], "uv": [0, 175]},
					{"origin": [9, 16, 44], "size": [1, 12, 2], "uv": [78, 168]},
					{"origin": [9, 28, 35], "size": [1, 1, 11], "uv": [91, 168]}
				]
			},
			{
				"name": "bone37",
				"parent": "door4",
				"pivot": [9, 15, 31],
				"rotation": [-20, 0, 0],
				"cubes": [
					{"origin": [9, 15, 30], "size": [1, 14, 1], "uv": [20, 137]}
				]
			},
			{
				"name": "bone22",
				"parent": "body",
				"pivot": [-23, 13, -36],
				"rotation": [2.5, 0, 0],
				"cubes": [
					{"origin": [-23, 13, -36], "size": [1, 2, 21], "uv": [29, 168]}
				]
			},
			{
				"name": "bone23",
				"parent": "body",
				"pivot": [8, 13, -36],
				"rotation": [2.5, 0, 0],
				"cubes": [
					{"origin": [8, 13, -36], "size": [1, 2, 21], "uv": [126, 162]}
				]
			},
			{
				"name": "bone56",
				"parent": "body",
				"pivot": [8, 15, 38],
				"rotation": [-2.5, 0, 0],
				"cubes": [
					{"origin": [-23, 15, 38], "size": [32, 1, 20], "uv": [89, 85]}
				]
			},
			{
				"name": "bone24",
				"parent": "body",
				"pivot": [5, 6, 5],
				"rotation": [-10, 0, 0],
				"cubes": [
					{"origin": [-4, 6, 5], "size": [10, 18, 2], "uv": [26, 0]}
				]
			},
			{
				"name": "bone63",
				"parent": "body",
				"pivot": [5, 11, -8],
				"rotation": [17.5, 0, 0],
				"cubes": [
					{"origin": [-3, 11, -7], "size": [8, 8, 1], "uv": [128, 135]}
				]
			},
			{
				"name": "bone33",
				"parent": "body",
				"pivot": [5, 6, 26],
				"rotation": [-10, 0, 0],
				"cubes": [
					{"origin": [-20, 6, 26], "size": [26, 18, 2], "uv": [158, 150]}
				]
			},
			{
				"name": "bone25",
				"parent": "body",
				"pivot": [-11, 6, 5],
				"rotation": [-10, 0, 0],
				"cubes": [
					{"origin": [-20, 6, 5], "size": [10, 18, 2], "uv": [0, 0]}
				]
			},
			{
				"name": "bone26",
				"parent": "body",
				"pivot": [8, 15, -11],
				"rotation": [-32.5, 0, 0],
				"cubes": [
					{"origin": [7, 15, -12], "size": [2, 16, 1], "uv": [173, 85]}
				]
			},
			{
				"name": "bone27",
				"parent": "body",
				"pivot": [-22, 15, -11],
				"rotation": [-32.5, 0, 0],
				"cubes": [
					{"origin": [-23, 15, -12], "size": [2, 16, 1], "uv": [44, 171]}
				]
			},
			{
				"name": "bone28",
				"parent": "bone27",
				"pivot": [-22, 29, -11],
				"rotation": [-45, 0, 0],
				"cubes": [
					{"origin": [-23, 29.5, -13], "size": [32, 3, 1], "uv": [160, 76]}
				]
			},
			{
				"name": "bone34",
				"parent": "body",
				"pivot": [-22, 15, 38],
				"rotation": [32.5, 0, 0],
				"cubes": [
					{"origin": [-23, 15, 38], "size": [2, 16, 1], "uv": [6, 171]},
					{"origin": [7, 15, 38], "size": [2, 16, 1], "uv": [0, 171]}
				]
			},
			{
				"name": "bone35",
				"parent": "bone34",
				"pivot": [-22, 29, 38],
				"rotation": [45, 0, 0],
				"cubes": [
					{"origin": [-23, 29.5, 39], "size": [32, 3, 1], "uv": [120, 81]}
				]
			},
			{
				"name": "bone2",
				"pivot": [6, 5, -22],
				"rotation": [0, 0, 90],
				"cubes": [
					{"origin": [3, 5, -18.9], "size": [6, 2, -7], "uv": [243, 38]}
				]
			},
			{
				"name": "bone3",
				"parent": "bone2",
				"pivot": [6, 5, -22],
				"cubes": [
					{"origin": [4, 5, -17.17157], "size": [4, 4, -1], "uv": [0, 253]}
				]
			},
			{
				"name": "bone4",
				"parent": "bone2",
				"pivot": [6, 5, -22],
				"rotation": [0, -45, 0],
				"cubes": [
					{"origin": [4, 5, -17.17157], "size": [4, 4, -1], "uv": [0, 253]}
				]
			},
			{
				"name": "bone5",
				"parent": "bone2",
				"pivot": [6, 5, -22],
				"rotation": [0, -90, 0],
				"cubes": [
					{"origin": [3, 5, -18.9], "size": [6, 2, -7], "uv": [243, 38]},
					{"origin": [4, 5, -17.17157], "size": [4, 4, -1], "uv": [0, 253]}
				]
			},
			{
				"name": "bone6",
				"parent": "bone2",
				"pivot": [6, 5, -22],
				"rotation": [0, -135, 0],
				"cubes": [
					{"origin": [4, 5, -17.17157], "size": [4, 4, -1], "uv": [0, 253]}
				]
			},
			{
				"name": "bone7",
				"parent": "bone2",
				"pivot": [6, 5, -22],
				"rotation": [0, -180, 0],
				"cubes": [
					{"origin": [4, 5, -17.17157], "size": [4, 4, -1], "uv": [0, 253]},
					{"origin": [3, 5, -18.9], "size": [6, 2, -7], "uv": [243, 38]}
				]
			},
			{
				"name": "bone8",
				"parent": "bone2",
				"pivot": [6, 5, -22],
				"rotation": [0, -225, 0],
				"cubes": [
					{"origin": [4, 5, -17.17157], "size": [4, 4, -1], "uv": [0, 253]}
				]
			},
			{
				"name": "bone9",
				"parent": "bone2",
				"pivot": [6, 5, -22],
				"rotation": [0, -270, 0],
				"cubes": [
					{"origin": [4, 5, -17.17157], "size": [4, 4, -1], "uv": [0, 253]},
					{"origin": [3, 5, -18.9], "size": [6, 2, -7], "uv": [243, 38]},
					{"origin": [4, 7, -19.9], "size": [4, 1, -4], "uv": [256, 259]}
				]
			},
			{
				"name": "bone10",
				"parent": "bone2",
				"pivot": [6, 5, -22],
				"rotation": [0, -315, 0],
				"cubes": [
					{"origin": [4, 5, -17.17157], "size": [4, 4, -1], "uv": [0, 253]}
				]
			},
			{
				"name": "bone47",
				"pivot": [6, 5, 45],
				"rotation": [0, 0, 90],
				"cubes": [
					{"origin": [3, 5, 48.1], "size": [6, 2, -7], "uv": [243, 38]}
				]
			},
			{
				"name": "bone48",
				"parent": "bone47",
				"pivot": [6, 5, 45],
				"cubes": [
					{"origin": [4, 5, 49.82843], "size": [4, 4, -1], "uv": [0, 253]}
				]
			},
			{
				"name": "bone49",
				"parent": "bone47",
				"pivot": [6, 5, 45],
				"rotation": [0, -45, 0],
				"cubes": [
					{"origin": [4, 5, 49.82843], "size": [4, 4, -1], "uv": [0, 253]}
				]
			},
			{
				"name": "bone50",
				"parent": "bone47",
				"pivot": [6, 5, 45],
				"rotation": [0, -90, 0],
				"cubes": [
					{"origin": [3, 5, 48.1], "size": [6, 2, -7], "uv": [243, 38]},
					{"origin": [4, 5, 49.82843], "size": [4, 4, -1], "uv": [0, 253]}
				]
			},
			{
				"name": "bone51",
				"parent": "bone47",
				"pivot": [6, 5, 45],
				"rotation": [0, -135, 0],
				"cubes": [
					{"origin": [4, 5, 49.82843], "size": [4, 4, -1], "uv": [0, 253]}
				]
			},
			{
				"name": "bone52",
				"parent": "bone47",
				"pivot": [6, 5, 45],
				"rotation": [0, -180, 0],
				"cubes": [
					{"origin": [4, 5, 49.82843], "size": [4, 4, -1], "uv": [0, 253]},
					{"origin": [3, 5, 48.1], "size": [6, 2, -7], "uv": [243, 38]}
				]
			},
			{
				"name": "bone53",
				"parent": "bone47",
				"pivot": [6, 5, 45],
				"rotation": [0, -225, 0],
				"cubes": [
					{"origin": [4, 5, 49.82843], "size": [4, 4, -1], "uv": [0, 253]}
				]
			},
			{
				"name": "bone54",
				"parent": "bone47",
				"pivot": [6, 5, 45],
				"rotation": [0, -270, 0],
				"cubes": [
					{"origin": [4, 5, 49.82843], "size": [4, 4, -1], "uv": [0, 253]},
					{"origin": [3, 5, 48.1], "size": [6, 2, -7], "uv": [243, 38]},
					{"origin": [4, 7, 47.1], "size": [4, 1, -4], "uv": [256, 259]}
				]
			},
			{
				"name": "bone55",
				"parent": "bone47",
				"pivot": [6, 5, 45],
				"rotation": [0, -315, 0],
				"cubes": [
					{"origin": [4, 5, 49.82843], "size": [4, 4, -1], "uv": [0, 253]}
				]
			},
			{
				"name": "bone11",
				"pivot": [-20, 5, -22],
				"rotation": [0, 0, -90],
				"cubes": [
					{"origin": [-23, 5, -18.9], "size": [6, 2, -7], "uv": [245, 22]}
				]
			},
			{
				"name": "bone12",
				"parent": "bone11",
				"pivot": [-20, 5, -22],
				"cubes": [
					{"origin": [-22, 5, -17.17157], "size": [4, 4, -1], "uv": [0, 253]}
				]
			},
			{
				"name": "bone13",
				"parent": "bone11",
				"pivot": [-20, 5, -22],
				"rotation": [0, -45, 0],
				"cubes": [
					{"origin": [-22, 5, -17.17157], "size": [4, 4, -1], "uv": [0, 253]}
				]
			},
			{
				"name": "bone14",
				"parent": "bone11",
				"pivot": [-20, 5, -22],
				"rotation": [0, -90, 0],
				"cubes": [
					{"origin": [-23, 5, -18.9], "size": [6, 2, -7], "uv": [241, 32]},
					{"origin": [-22, 5, -17.17157], "size": [4, 4, -1], "uv": [0, 253]}
				]
			},
			{
				"name": "bone15",
				"parent": "bone11",
				"pivot": [-20, 5, -22],
				"rotation": [0, -135, 0],
				"cubes": [
					{"origin": [-22, 5, -17.17157], "size": [4, 4, -1], "uv": [0, 253]}
				]
			},
			{
				"name": "bone16",
				"parent": "bone11",
				"pivot": [-20, 5, -22],
				"rotation": [0, -180, 0],
				"cubes": [
					{"origin": [-22, 5, -17.17157], "size": [4, 4, -1], "uv": [0, 253]},
					{"origin": [-23, 5, -18.9], "size": [6, 2, -7], "uv": [250, 29]}
				]
			},
			{
				"name": "bone17",
				"parent": "bone11",
				"pivot": [-20, 5, -22],
				"rotation": [0, -225, 0],
				"cubes": [
					{"origin": [-22, 5, -17.17157], "size": [4, 4, -1], "uv": [0, 253]}
				]
			},
			{
				"name": "bone18",
				"parent": "bone11",
				"pivot": [-20, 5, -22],
				"rotation": [0, -270, 0],
				"cubes": [
					{"origin": [-22, 5, -17.17157], "size": [4, 4, -1], "uv": [0, 253]},
					{"origin": [-23, 5, -18.9], "size": [6, 2, -7], "uv": [244, 33]},
					{"origin": [-22, 7, -19.9], "size": [4, 1, -4], "uv": [256, 259]}
				]
			},
			{
				"name": "bone19",
				"parent": "bone11",
				"pivot": [-20, 5, -22],
				"rotation": [0, -315, 0],
				"cubes": [
					{"origin": [-22, 5, -17.17157], "size": [4, 4, -1], "uv": [0, 253]}
				]
			},
			{
				"name": "bone38",
				"pivot": [-20, 5, 45],
				"rotation": [0, 0, -90],
				"cubes": [
					{"origin": [-23, 5, 48.1], "size": [6, 2, -7], "uv": [243, 32]}
				]
			},
			{
				"name": "bone39",
				"parent": "bone38",
				"pivot": [-20, 5, 45],
				"cubes": [
					{"origin": [-22, 5, 49.82843], "size": [4, 4, -1], "uv": [0, 253]}
				]
			},
			{
				"name": "bone40",
				"parent": "bone38",
				"pivot": [-20, 5, 45],
				"rotation": [0, -45, 0],
				"cubes": [
					{"origin": [-22, 5, 49.82843], "size": [4, 4, -1], "uv": [0, 253]}
				]
			},
			{
				"name": "bone41",
				"parent": "bone38",
				"pivot": [-20, 5, 45],
				"rotation": [0, -90, 0],
				"cubes": [
					{"origin": [-23, 5, 48.1], "size": [6, 2, -7], "uv": [242, 26]},
					{"origin": [-22, 5, 49.82843], "size": [4, 4, -1], "uv": [0, 253]}
				]
			},
			{
				"name": "bone42",
				"parent": "bone38",
				"pivot": [-20, 5, 45],
				"rotation": [0, -135, 0],
				"cubes": [
					{"origin": [-22, 5, 49.82843], "size": [4, 4, -1], "uv": [0, 253]}
				]
			},
			{
				"name": "bone43",
				"parent": "bone38",
				"pivot": [-20, 5, 45],
				"rotation": [0, -180, 0],
				"cubes": [
					{"origin": [-22, 5, 49.82843], "size": [4, 4, -1], "uv": [0, 253]},
					{"origin": [-23, 5, 48.1], "size": [6, 2, -7], "uv": [248, 36]}
				]
			},
			{
				"name": "bone44",
				"parent": "bone38",
				"pivot": [-20, 5, 45],
				"rotation": [0, -225, 0],
				"cubes": [
					{"origin": [-22, 5, 49.82843], "size": [4, 4, -1], "uv": [0, 253]}
				]
			},
			{
				"name": "bone45",
				"parent": "bone38",
				"pivot": [-20, 5, 45],
				"rotation": [0, -270, 0],
				"cubes": [
					{"origin": [-22, 5, 49.82843], "size": [4, 4, -1], "uv": [0, 253]},
					{"origin": [-23, 5, 48.1], "size": [6, 2, -7], "uv": [243, 38]},
					{"origin": [-22, 7, 47.1], "size": [4, 1, -4], "uv": [256, 259]}
				]
			},
			{
				"name": "bone46",
				"parent": "bone38",
				"pivot": [-20, 5, 45],
				"rotation": [0, -315, 0],
				"cubes": [
					{"origin": [-22, 5, 49.82843], "size": [4, 4, -1], "uv": [0, 253]}
				]
			},
			{
				"name": "insu",
				"pivot": [0, 4, -40],
				"rotation": [-5, 0, 0],
				"cubes": [
					{"origin": [-1, 4, -41], "size": [2, 12, 2], "uv": [0, 0]},
					{"origin": [-15, 4, -41], "size": [2, 12, 2], "uv": [0, 0]},
					{"origin": [-13, 9, -41], "size": [12, 1, 2], "uv": [-10, 0]},
					{"origin": [-16, 13, -41], "size": [18, 1, 2], "uv": [-16, 0]}
				]
			},
			{
				"name": "lig",
				"pivot": [-7, 31, 0],
				"cubes": [
					{"origin": [-17, 30, 5], "size": [20, 4, 4], "uv": [204, 176]}
				]
			},
			{
				"name": "bone57",
				"parent": "lig",
				"pivot": [6, 30, 6],
				"rotation": [0, 0, 17.5],
				"cubes": [
					{"origin": [0, 29, 6], "size": [7, 1, 2], "uv": [4, 8]}
				]
			},
			{
				"name": "bone58",
				"parent": "lig",
				"pivot": [-16, 31, 6],
				"rotation": [0, 0, -17.5],
				"cubes": [
					{"origin": [-22, 30.5, 6], "size": [7, 1, 2], "uv": [4, 8]}
				]
			}
		]
	}
}