{
	"format_version": "1.10.0",
	"geometry.model": {
		"texturewidth": 64,
		"textureheight": 64,
		"visible_bounds_width": 2,
		"visible_bounds_height": 1.5,
		"visible_bounds_offset": [0, 0.25, 0],
		"bones": [
			{
				"name": "bone",
				"pivot": [0, 0, 0],
				"cubes": [
					{"origin": [-4, 0, -5], "size": [8, 2, 9], "uv": [0, 11]}
				]
			},
			{
				"name": "bone2",
				"parent": "bone",
				"pivot": [0, 3, 0],
				"rotation": [5, 0, 0],
				"cubes": [
					{"origin": [-4, 1, -5.1], "size": [8, 2, 9], "uv": [0, 0]},
					{"origin": [-4, 3, -4.4], "size": [2, 1, 2], "uv": [0, 3]},
					{"origin": [-4, 3.5, -4.4], "size": [2, 1, 8], "uv": [0, 22]},
					{"origin": [-4, 3, 1.6], "size": [2, 1, 2], "uv": [0, 0]}
				]
			}
		]
	}
}