{
	"format_version": "1.10.0",
	"geometry.model": {
		"texturewidth": 64,
		"textureheight": 64,
		"visible_bounds_width": 3,
		"visible_bounds_height": 2.5,
		"visible_bounds_offset": [0, 0.75, 0],
		"bones": [
			{
				"name": "bb_main",
				"pivot": [0, 0, 0],
				"cubes": [
					{"origin": [-7, 0, -1], "size": [14, 3, 8], "uv": [0, 0]},
					{"origin": [-7, 0, -8], "size": [14, 1, 6], "uv": [0, 11]},
					{"origin": [-3, 3, 0], "size": [6, 1, 6], "uv": [22, 34]},
					{"origin": [-2, 4, 1], "size": [4, 2, 4], "uv": [32, 23]}
				]
			},
			{
				"name": "bone",
				"pivot": [0, 0, 0],
				"rotation": [-10, 0, 0],
				"cubes": [
					{"origin": [-6, 5, -3], "size": [12, 1, 4], "uv": [28, 29]},
					{"origin": [-5, 6, 1], "size": [10, 9, 6], "uv": [0, 18]},
					{"origin": [-5, 6, -2], "size": [10, 9, 1], "uv": [0, 33]},
					{"origin": [-6, 15, -3], "size": [12, 1, 4], "uv": [26, 18]},
					{"origin": [5, 6, -3], "size": [1, 9, 4], "uv": [28, 41]},
					{"origin": [-6, 6, -3], "size": [1, 9, 4], "uv": [18, 41]}
				]
			}
		]
	}
}