{
	"format_version": "1.10.0",
	"geometry.model": {
		"texturewidth": 64,
		"textureheight": 64,
		"visible_bounds_width": 3,
		"visible_bounds_height": 3.5,
		"visible_bounds_offset": [0, 1.25, 0],
		"bones": [
			{
				"name": "single",
				"pivot": [3, 0, -5],
				"cubes": [
					{"origin": [-1, 20, -7], "size": [4, 8, 1], "uv": [6, 42]},
					{"origin": [-3, 18, -6], "size": [6, 10, 1], "uv": [36, 18]},
					{"origin": [-6, 30, -11], "size": [12, 3, 8], "uv": [0, 0]},
					{"origin": [-2.75, 22, -7], "size": [1.5, 1.5, 1], "uv": [4, 5]},
					{"origin": [-2.5, 18.25, -8], "size": [1, 5, 1], "uv": [16, 11]},
					{"origin": [-3, 24, -7], "size": [2, 4, 1], "uv": [0, 0]},
					{"origin": [-2.75, 18, -7], "size": [1.5, 1.5, 1], "uv": [0, 5]},
					{"origin": [3, 14, -5], "size": [2, 16, 1], "uv": [0, 42]},
					{"origin": [5, 14, -11], "size": [1, 16, 8], "uv": [26, 27]},
					{"origin": [-6, 14, -11], "size": [1, 16, 8], "uv": [16, 11]},
					{"origin": [-3, 1, -5], "size": [6, 29, 2], "uv": [0, 11]},
					{"origin": [-5, 14, -5], "size": [2, 16, 1], "uv": [16, 35]},
					{"origin": [-4, 0, -6], "size": [8, 1, 4], "uv": [32, 0]}
				]
			},
			{
				"name": "bone",
				"parent": "single",
				"pivot": [4, 17, -5],
				"rotation": [15, 0, 0],
				"cubes": [
					{"origin": [-5, 16, -11], "size": [10, 1, 6], "uv": [26, 11]}
				]
			},
			{
				"name": "single2",
				"pivot": [-3, 0, 5],
				"rotation": [0, 180, 0],
				"cubes": [
					{"origin": [-7, 20, 3], "size": [4, 8, 1], "uv": [6, 42]},
					{"origin": [-9, 18, 4], "size": [6, 10, 1], "uv": [36, 18]},
					{"origin": [-12, 30, -1], "size": [12, 3, 8], "uv": [0, 0]},
					{"origin": [-8.75, 22, 3], "size": [1.5, 1.5, 1], "uv": [4, 5]},
					{"origin": [-8.5, 18.25, 2], "size": [1, 5, 1], "uv": [16, 11]},
					{"origin": [-9, 24, 3], "size": [2, 4, 1], "uv": [0, 0]},
					{"origin": [-8.75, 18, 3], "size": [1.5, 1.5, 1], "uv": [0, 5]},
					{"origin": [-3, 14, 5], "size": [2, 16, 1], "uv": [0, 42]},
					{"origin": [-1, 14, -1], "size": [1, 16, 8], "uv": [26, 27]},
					{"origin": [-12, 14, -1], "size": [1, 16, 8], "uv": [16, 11]},
					{"origin": [-9, 1, 5], "size": [6, 29, 2], "uv": [0, 11]},
					{"origin": [-11, 14, 5], "size": [2, 16, 1], "uv": [16, 35]},
					{"origin": [-10, 0, 4], "size": [8, 1, 4], "uv": [32, 0]}
				]
			},
			{
				"name": "bone2",
				"parent": "single2",
				"pivot": [-2, 17, 5],
				"rotation": [15, 0, 0],
				"cubes": [
					{"origin": [-11, 16, -1], "size": [10, 1, 6], "uv": [26, 11]}
				]
			}
		]
	}
}