{
	"format_version": "1.10.0",
	"geometry.model": {
		"texturewidth": 512,
		"textureheight": 512,
		"visible_bounds_width": 15,
		"visible_bounds_height": 8.5,
		"visible_bounds_offset": [0, 3.75, 0],
		"bones": [
			{
				"name": "all",
				"pivot": [6, 0, -82]
			},
			{
				"name": "bone33",
				"parent": "all",
				"pivot": [7, 33, -32],
				"rotation": [-37.5, 0, 0],
				"cubes": [
					{"origin": [6, 31, -88], "size": [5, 8, 60], "uv": [84, 0]},
					{"origin": [11, 31, -90], "size": [2, 8, 9], "uv": [0, 138]},
					{"origin": [-4, 31, -90], "size": [2, 8, 9], "uv": [31, 82]},
					{"origin": [3, 31, -88], "size": [3, 8, 7], "uv": [26, 0]},
					{"origin": [-2, 31, -90], "size": [13, 8, 2], "uv": [128, 202]},
					{"origin": [-4, 30, -90], "size": [17, 1, 9], "uv": [84, 14]},
					{"origin": [3, 39, -90], "size": [10, 1, 9], "uv": [26, 46]}
				]
			},
			{
				"name": "bone34",
				"parent": "bone33",
				"pivot": [0, 34, -85],
				"rotation": [67.5, 0, 0],
				"cubes": [
					{"origin": [-2, 31, -88], "size": [5, 8, 74], "uv": [0, 0]}
				]
			},
			{
				"name": "bone35",
				"parent": "bone34",
				"pivot": [1, 21, -8],
				"rotation": [-30, 0, 0],
				"cubes": [
					{"origin": [-7, 20, -14], "size": [16, 2, 12], "uv": [84, 0]},
					{"origin": [8, 22, -14], "size": [2, 16, 12], "uv": [179, 217]},
					{"origin": [-8, 22, -14], "size": [2, 16, 12], "uv": [119, 82]},
					{"origin": [-7, 22, -15], "size": [16, 16, 2], "uv": [126, 138]},
					{"origin": [-7, 22, -3], "size": [16, 16, 2], "uv": [119, 113]},
					{"origin": [-2, 31, -18], "size": [5, 3, 3], "uv": [26, 15]}
				]
			},
			{
				"name": "bone36",
				"parent": "bone35",
				"pivot": [1, 31, -17],
				"rotation": [47.5, 0, 0],
				"cubes": [
					{"origin": [-4, 31, -24], "size": [2, 2, 8], "uv": [88, 148]},
					{"origin": [3, 31, -24], "size": [2, 2, 8], "uv": [88, 138]}
				]
			},
			{
				"name": "bone38",
				"parent": "all",
				"pivot": [-14, 5, -37],
				"rotation": [0, 0, -90],
				"cubes": [
					{"origin": [-17, 5, -33.9], "size": [6, 2, -7], "uv": [435, 311]}
				]
			},
			{
				"name": "bone39",
				"parent": "bone38",
				"pivot": [-14, 5, -37],
				"cubes": [
					{"origin": [-16, 5, -32.17157], "size": [4, 4, -1], "uv": [476, 38]}
				]
			},
			{
				"name": "bone40",
				"parent": "bone38",
				"pivot": [-14, 5, -37],
				"rotation": [0, -45, 0],
				"cubes": [
					{"origin": [-16, 5, -32.17157], "size": [4, 4, -1], "uv": [476, 35]}
				]
			},
			{
				"name": "bone41",
				"parent": "bone38",
				"pivot": [-14, 5, -37],
				"rotation": [0, -90, 0],
				"cubes": [
					{"origin": [-17, 5, -33.9], "size": [6, 2, -7], "uv": [435, 311]},
					{"origin": [-16, 5, -32.17157], "size": [4, 4, -1], "uv": [476, 30]}
				]
			},
			{
				"name": "bone42",
				"parent": "bone38",
				"pivot": [-14, 5, -37],
				"rotation": [0, -135, 0],
				"cubes": [
					{"origin": [-16, 5, -32.17157], "size": [4, 4, -1], "uv": [476, 27]}
				]
			},
			{
				"name": "bone43",
				"parent": "bone38",
				"pivot": [-14, 5, -37],
				"rotation": [0, -180, 0],
				"cubes": [
					{"origin": [-16, 5, -32.17157], "size": [4, 4, -1], "uv": [476, 24]},
					{"origin": [-17, 5, -33.9], "size": [6, 2, -7], "uv": [435, 311]}
				]
			},
			{
				"name": "bone44",
				"parent": "bone38",
				"pivot": [-14, 5, -37],
				"rotation": [0, -225, 0],
				"cubes": [
					{"origin": [-16, 5, -32.17157], "size": [4, 4, -1], "uv": [476, 21]}
				]
			},
			{
				"name": "bone45",
				"parent": "bone38",
				"pivot": [-14, 5, -37],
				"rotation": [0, -270, 0],
				"cubes": [
					{"origin": [-16, 5, -32.17157], "size": [4, 4, -1], "uv": [436, 103]},
					{"origin": [-17, 5, -33.9], "size": [6, 2, -7], "uv": [435, 311]},
					{"origin": [-16, 7, -34.9], "size": [4, 1, -4], "uv": [38, 338]}
				]
			},
			{
				"name": "bone46",
				"parent": "bone38",
				"pivot": [-14, 5, -37],
				"rotation": [0, -315, 0],
				"cubes": [
					{"origin": [-16, 5, -32.17157], "size": [4, 4, -1], "uv": [400, 103]}
				]
			},
			{
				"name": "bone11",
				"parent": "all",
				"pivot": [-14, 5, -104],
				"rotation": [0, 0, -90],
				"cubes": [
					{"origin": [-17, 5, -100.9], "size": [6, 2, -7], "uv": [435, 311]}
				]
			},
			{
				"name": "bone12",
				"parent": "bone11",
				"pivot": [-14, 5, -104],
				"cubes": [
					{"origin": [-16, 5, -99.17157], "size": [4, 4, -1], "uv": [400, 106]}
				]
			},
			{
				"name": "bone13",
				"parent": "bone11",
				"pivot": [-14, 5, -104],
				"rotation": [0, -45, 0],
				"cubes": [
					{"origin": [-16, 5, -99.17157], "size": [4, 4, -1], "uv": [392, 106]}
				]
			},
			{
				"name": "bone14",
				"parent": "bone11",
				"pivot": [-14, 5, -104],
				"rotation": [0, -90, 0],
				"cubes": [
					{"origin": [-17, 5, -100.9], "size": [6, 2, -7], "uv": [435, 311]},
					{"origin": [-16, 5, -99.17157], "size": [4, 4, -1], "uv": [476, 77]}
				]
			},
			{
				"name": "bone15",
				"parent": "bone11",
				"pivot": [-14, 5, -104],
				"rotation": [0, -135, 0],
				"cubes": [
					{"origin": [-16, 5, -99.17157], "size": [4, 4, -1], "uv": [476, 70]}
				]
			},
			{
				"name": "bone16",
				"parent": "bone11",
				"pivot": [-14, 5, -104],
				"rotation": [0, -180, 0],
				"cubes": [
					{"origin": [-16, 5, -99.17157], "size": [4, 4, -1], "uv": [476, 67]},
					{"origin": [-17, 5, -100.9], "size": [6, 2, -7], "uv": [435, 311]}
				]
			},
			{
				"name": "bone17",
				"parent": "bone11",
				"pivot": [-14, 5, -104],
				"rotation": [0, -225, 0],
				"cubes": [
					{"origin": [-16, 5, -99.17157], "size": [4, 4, -1], "uv": [476, 64]}
				]
			},
			{
				"name": "bone18",
				"parent": "bone11",
				"pivot": [-14, 5, -104],
				"rotation": [0, -270, 0],
				"cubes": [
					{"origin": [-16, 5, -99.17157], "size": [4, 4, -1], "uv": [476, 61]},
					{"origin": [-17, 5, -100.9], "size": [5, 2, -7], "uv": [436, 311]},
					{"origin": [-16, 7, -101.9], "size": [4, 1, -4], "uv": [38, 338]}
				]
			},
			{
				"name": "bone19",
				"parent": "bone11",
				"pivot": [-14, 5, -104],
				"rotation": [0, -315, 0],
				"cubes": [
					{"origin": [-16, 5, -99.17157], "size": [4, 4, -1], "uv": [476, 41]}
				]
			},
			{
				"name": "bone47",
				"parent": "all",
				"pivot": [12, 5, -37],
				"rotation": [0, 0, 90],
				"cubes": [
					{"origin": [9, 5, -33.9], "size": [6, 2, -7], "uv": [435, 311]}
				]
			},
			{
				"name": "bone48",
				"parent": "bone47",
				"pivot": [12, 5, -37],
				"cubes": [
					{"origin": [10, 5, -32.17157], "size": [4, 4, -1], "uv": [392, 103]}
				]
			},
			{
				"name": "bone49",
				"parent": "bone47",
				"pivot": [12, 5, -37],
				"rotation": [0, -45, 0],
				"cubes": [
					{"origin": [10, 5, -32.17157], "size": [4, 4, -1], "uv": [460, 92]}
				]
			},
			{
				"name": "bone50",
				"parent": "bone47",
				"pivot": [12, 5, -37],
				"rotation": [0, -90, 0],
				"cubes": [
					{"origin": [9, 5, -33.9], "size": [6, 2, -7], "uv": [435, 311]},
					{"origin": [10, 5, -32.17157], "size": [4, 4, -1], "uv": [456, 51]}
				]
			},
			{
				"name": "bone51",
				"parent": "bone47",
				"pivot": [12, 5, -37],
				"rotation": [0, -135, 0],
				"cubes": [
					{"origin": [10, 5, -32.17157], "size": [4, 4, -1], "uv": [444, 51]}
				]
			},
			{
				"name": "bone52",
				"parent": "bone47",
				"pivot": [12, 5, -37],
				"rotation": [0, -180, 0],
				"cubes": [
					{"origin": [10, 5, -32.17157], "size": [4, 4, -1], "uv": [441, 28]},
					{"origin": [9, 5, -33.9], "size": [6, 2, -7], "uv": [435, 311]}
				]
			},
			{
				"name": "bone53",
				"parent": "bone47",
				"pivot": [12, 5, -37],
				"rotation": [0, -225, 0],
				"cubes": [
					{"origin": [10, 5, -32.17157], "size": [4, 4, -1], "uv": [431, 36]}
				]
			},
			{
				"name": "bone54",
				"parent": "bone47",
				"pivot": [12, 5, -37],
				"rotation": [0, -270, 0],
				"cubes": [
					{"origin": [10, 5, -32.17157], "size": [4, 4, -1], "uv": [418, 24]},
					{"origin": [9, 5, -33.9], "size": [6, 2, -7], "uv": [435, 311]},
					{"origin": [10, 7, -34.9], "size": [4, 1, -4], "uv": [38, 338]}
				]
			},
			{
				"name": "bone55",
				"parent": "bone47",
				"pivot": [12, 5, -37],
				"rotation": [0, -315, 0],
				"cubes": [
					{"origin": [10, 5, -32.17157], "size": [4, 4, -1], "uv": [418, 21]}
				]
			},
			{
				"name": "bone2",
				"parent": "all",
				"pivot": [12, 5, -104],
				"rotation": [0, 0, 90],
				"cubes": [
					{"origin": [9, 5, -100.9], "size": [6, 2, -7], "uv": [435, 311]}
				]
			},
			{
				"name": "bone3",
				"parent": "bone2",
				"pivot": [12, 5, -104],
				"cubes": [
					{"origin": [10, 5, -99.17157], "size": [4, 4, -1], "uv": [482, 64]}
				]
			},
			{
				"name": "bone4",
				"parent": "bone2",
				"pivot": [12, 5, -104],
				"rotation": [0, -45, 0],
				"cubes": [
					{"origin": [10, 5, -99.17157], "size": [4, 4, -1], "uv": [482, 61]}
				]
			},
			{
				"name": "bone5",
				"parent": "bone2",
				"pivot": [12, 5, -104],
				"rotation": [0, -90, 0],
				"cubes": [
					{"origin": [9, 5, -100.9], "size": [6, 2, -7], "uv": [435, 311]},
					{"origin": [10, 5, -99.17157], "size": [4, 4, -1], "uv": [482, 30]}
				]
			},
			{
				"name": "bone6",
				"parent": "bone2",
				"pivot": [12, 5, -104],
				"rotation": [0, -135, 0],
				"cubes": [
					{"origin": [10, 5, -99.17157], "size": [4, 4, -1], "uv": [482, 27]}
				]
			},
			{
				"name": "bone7",
				"parent": "bone2",
				"pivot": [12, 5, -104],
				"rotation": [0, -180, 0],
				"cubes": [
					{"origin": [10, 5, -99.17157], "size": [4, 4, -1], "uv": [482, 24]},
					{"origin": [9, 5, -100.9], "size": [6, 2, -7], "uv": [435, 311]}
				]
			},
			{
				"name": "bone8",
				"parent": "bone2",
				"pivot": [12, 5, -104],
				"rotation": [0, -225, 0],
				"cubes": [
					{"origin": [10, 5, -99.17157], "size": [4, 4, -1], "uv": [482, 21]}
				]
			},
			{
				"name": "bone9",
				"parent": "bone2",
				"pivot": [12, 5, -104],
				"rotation": [0, -270, 0],
				"cubes": [
					{"origin": [10, 5, -99.17157], "size": [4, 4, -1], "uv": [436, 109]},
					{"origin": [9, 5, -100.9], "size": [6, 2, -7], "uv": [435, 311]},
					{"origin": [10, 7, -101.9], "size": [4, 1, -4], "uv": [38, 338]}
				]
			},
			{
				"name": "bone10",
				"parent": "bone2",
				"pivot": [12, 5, -104],
				"rotation": [0, -315, 0],
				"cubes": [
					{"origin": [10, 5, -99.17157], "size": [4, 4, -1], "uv": [436, 106]}
				]
			},
			{
				"name": "body",
				"parent": "all",
				"pivot": [6, -3, -87],
				"cubes": [
					{"origin": [-17, 5, -98], "size": [32, 1, 55], "uv": [0, 82]},
					{"origin": [-17, 28.5, -82.5], "size": [32, 1, 15], "uv": [0, 185]},
					{"origin": [-17, 5, -120], "size": [32, 1, 10], "uv": [188, 126]},
					{"origin": [-17, 5, -31], "size": [32, 1, 6], "uv": [154, 50]},
					{"origin": [-12, 15, -119], "size": [22, 1, 24], "uv": [145, 161]},
					{"origin": [-17, 6, -95], "size": [32, 10, 1], "uv": [213, 171]},
					{"origin": [-17, 6, -44], "size": [32, 9, 1], "uv": [0, 175]},
					{"origin": [14, 6, -98], "size": [1, 10, 3], "uv": [116, 24]},
					{"origin": [-17, 6, -68], "size": [32, 13, 24], "uv": [0, 138]},
					{"origin": [-17, 19, -67], "size": [32, 2, 43], "uv": [119, 68]},
					{"origin": [8, 21, -67], "size": [7, 4, 43], "uv": [69, 138]},
					{"origin": [-14, 29, -80], "size": [26, 4, 5], "uv": [129, 217]},
					{"origin": [-17, 21, -67], "size": [7, 4, 43], "uv": [131, 113]},
					{"origin": [6, 21, -37], "size": [5, 8, 8], "uv": [0, 221]},
					{"origin": [4, 29, -40], "size": [9, 2, 14], "uv": [84, 24]},
					{"origin": [4, 31, -28], "size": [9, 7, 2], "uv": [26, 34]},
					{"origin": [11, 31, -40], "size": [2, 7, 12], "uv": [207, 217]},
					{"origin": [4, 31, -40], "size": [2, 7, 12], "uv": [126, 160]},
					{"origin": [-17, 19, -68], "size": [32, 10, 1], "uv": [213, 160]},
					{"origin": [-17, 6, -98], "size": [1, 10, 3], "uv": [84, 24]},
					{"origin": [14, 6, -70], "size": [1, 23, 2], "uv": [48, 102]},
					{"origin": [-17, 6, -70], "size": [1, 23, 2], "uv": [68, 46]},
					{"origin": [-16, 6, -98], "size": [3, 6, 1], "uv": [31, 82]},
					{"origin": [-16, 6, -31], "size": [3, 6, 1], "uv": [39, 0]},
					{"origin": [11, 6, -98], "size": [3, 6, 1], "uv": [52, 23]},
					{"origin": [11, 6, -31], "size": [3, 6, 1], "uv": [26, 46]},
					{"origin": [11, 6, -111], "size": [3, 6, 1], "uv": [49, 0]},
					{"origin": [-16, 6, -111], "size": [3, 6, 1], "uv": [64, 23]},
					{"origin": [-17, 12, -110], "size": [1, 2, 12], "uv": [26, 221]},
					{"origin": [-17, 12, -43], "size": [1, 3, 12], "uv": [143, 119]},
					{"origin": [14, 12, -43], "size": [1, 3, 12], "uv": [22, 122]},
					{"origin": [14, 12, -110], "size": [1, 2, 12], "uv": [142, 167]},
					{"origin": [14, 6, -120], "size": [1, 8, 10], "uv": [52, 23]},
					{"origin": [14, 6, -31], "size": [1, 9, 6], "uv": [130, 38]},
					{"origin": [-17, 6, -31], "size": [1, 9, 6], "uv": [0, 82]},
					{"origin": [-17, 6, -120], "size": [1, 8, 10], "uv": [49, 0]},
					{"origin": [-14, 5, -110], "size": [26, 1, 12], "uv": [64, 202]},
					{"origin": [-14, 5, -43], "size": [26, 1, 12], "uv": [0, 201]},
					{"origin": [-14, 6, -110], "size": [26, 6, 12], "uv": [170, 199]},
					{"origin": [-14, 6, -43], "size": [26, 6, 12], "uv": [188, 137]},
					{"origin": [-17, 5, -25], "size": [32, 4, 12], "uv": [94, 186]},
					{"origin": [-10, 10, -24], "size": [10, 1, 1], "uv": [0, 54]},
					{"origin": [-10, 12, -24], "size": [10, 1, 1], "uv": [52, 41]},
					{"origin": [-10, 14, -24], "size": [10, 1, 1], "uv": [49, 18]},
					{"origin": [-10, 16, -24], "size": [10, 1, 1], "uv": [0, 22]},
					{"origin": [-10, 18, -24], "size": [10, 1, 1], "uv": [0, 20]},
					{"origin": [-17, 9, -25], "size": [32, 6, 1], "uv": [214, 57]},
					{"origin": [2, 6, -88], "size": [10, 4, 12], "uv": [0, 104]},
					{"origin": [-16, 13, -94], "size": [30, 3, 4], "uv": [0, 214]},
					{"origin": [-4, 6, -94], "size": [6, 7, 4], "uv": [135, 82]},
					{"origin": [-4, 27, -84], "size": [6, 2, 1], "uv": [50, 65]},
					{"origin": [-4, 6, -90], "size": [6, 3, 19], "uv": [0, 82]},
					{"origin": [-14, 6, -88], "size": [10, 4, 12], "uv": [84, 40]},
					{"origin": [-16, 12, -110], "size": [30, 1, 12], "uv": [188, 113]},
					{"origin": [-16, 12, -43], "size": [30, 1, 12], "uv": [182, 186]},
					{"origin": [-17, 15, -44], "size": [32, 4, 20], "uv": [154, 26]}
				]
			},
			{
				"name": "bone",
				"parent": "body",
				"pivot": [-1, 15, -95],
				"rotation": [2.5, 0, 0],
				"cubes": [
					{"origin": [-17, 15, -120], "size": [32, 1, 25], "uv": [154, 0]}
				]
			},
			{
				"name": "bone20",
				"parent": "body",
				"pivot": [15, 5, -119],
				"rotation": [7.5, 0, 0],
				"cubes": [
					{"origin": [-17, 5, -121], "size": [32, 4, 2], "uv": [0, 68]}
				]
			},
			{
				"name": "bone21",
				"parent": "body",
				"pivot": [15, 9, -121],
				"rotation": [-5, 0, 0],
				"cubes": [
					{"origin": [-17, 9, -120.5], "size": [32, 6, 1], "uv": [68, 215]}
				]
			},
			{
				"name": "bone37",
				"parent": "body",
				"pivot": [1, 29, -38],
				"rotation": [0, 0, -42.5],
				"cubes": [
					{"origin": [1, 28, -39], "size": [5, 2, 12], "uv": [0, 120]}
				]
			},
			{
				"name": "door",
				"parent": "body",
				"pivot": [14, -2, -93],
				"cubes": [
					{"origin": [14, 6, -94], "size": [1, 10, 24], "uv": [0, 34]},
					{"origin": [15, 15, -94], "size": [3, 2, 2], "uv": [61, 5]},
					{"origin": [-20, 15, -94], "size": [3, 2, 2], "uv": [55, 51]},
					{"origin": [14, 16, -72], "size": [1, 12, 2], "uv": [36, 120]},
					{"origin": [14, 28, -83], "size": [1, 1, 13], "uv": [116, 24]}
				]
			},
			{
				"name": "bone61",
				"parent": "door",
				"pivot": [20, 6, -91],
				"rotation": [0, -7.5, 0],
				"cubes": [
					{"origin": [16, 14, -92], "size": [5, 4, 1], "uv": [61, 0]}
				]
			},
			{
				"name": "bone62",
				"parent": "door",
				"pivot": [-19, 6, -91],
				"rotation": [0, 7.5, 0],
				"cubes": [
					{"origin": [-23, 14, -92], "size": [5, 4, 1], "uv": [55, 46]}
				]
			},
			{
				"name": "bone29",
				"parent": "door",
				"pivot": [14, 15, -92],
				"rotation": [-32.5, 0, 0],
				"cubes": [
					{"origin": [14, 15, -93], "size": [1, 15, 1], "uv": [44, 104]}
				]
			},
			{
				"name": "bone30",
				"parent": "bone29",
				"pivot": [14, 30, -92],
				"rotation": [-42.5, 0, 0],
				"cubes": [
					{"origin": [14, 29, -93], "size": [1, 3, 1], "uv": [50, 82]}
				]
			},
			{
				"name": "door2",
				"parent": "body",
				"pivot": [-17, -2, -93],
				"cubes": [
					{"origin": [-17, 6, -94], "size": [1, 10, 24], "uv": [0, 0]},
					{"origin": [-17, 16, -72], "size": [1, 12, 2], "uv": [92, 24]},
					{"origin": [-17, 28, -83], "size": [1, 1, 13], "uv": [115, 43]}
				]
			},
			{
				"name": "bone31",
				"parent": "door2",
				"pivot": [-17, 15, -92],
				"rotation": [-32.5, 0, 0],
				"cubes": [
					{"origin": [-17, 15, -93], "size": [1, 15, 1], "uv": [14, 82]}
				]
			},
			{
				"name": "bone32",
				"parent": "bone31",
				"pivot": [-17, 30, -92],
				"rotation": [-42.5, 0, 0],
				"cubes": [
					{"origin": [-17, 29, -93], "size": [1, 3, 1], "uv": [70, 19]}
				]
			},
			{
				"name": "bone22",
				"parent": "body",
				"pivot": [-17, 13, -118],
				"rotation": [2.5, 0, 0],
				"cubes": [
					{"origin": [-17, 13, -118], "size": [1, 2, 21], "uv": [29, 23]}
				]
			},
			{
				"name": "bone23",
				"parent": "body",
				"pivot": [14, 13, -118],
				"rotation": [2.5, 0, 0],
				"cubes": [
					{"origin": [14, 13, -118], "size": [1, 2, 21], "uv": [26, 0]}
				]
			},
			{
				"name": "bone24",
				"parent": "body",
				"pivot": [11, 6, -77],
				"rotation": [-10, 0, 0],
				"cubes": [
					{"origin": [2, 6, -77], "size": [10, 18, 2], "uv": [0, 34]}
				]
			},
			{
				"name": "bone63",
				"parent": "body",
				"pivot": [11, 11, -90],
				"rotation": [17.5, 0, 0],
				"cubes": [
					{"origin": [3, 11, -89], "size": [8, 8, 1], "uv": [50, 56]}
				]
			},
			{
				"name": "bone25",
				"parent": "body",
				"pivot": [-5, 6, -77],
				"rotation": [-10, 0, 0],
				"cubes": [
					{"origin": [-14, 6, -77], "size": [10, 18, 2], "uv": [0, 0]}
				]
			},
			{
				"name": "bone26",
				"parent": "body",
				"pivot": [14, 15, -93],
				"rotation": [-32.5, 0, 0],
				"cubes": [
					{"origin": [13, 15, -94], "size": [2, 16, 1], "uv": [147, 93]}
				]
			},
			{
				"name": "bone27",
				"parent": "body",
				"pivot": [-16, 15, -93],
				"rotation": [-32.5, 0, 0],
				"cubes": [
					{"origin": [-17, 15, -94], "size": [2, 16, 1], "uv": [136, 14]}
				]
			},
			{
				"name": "bone28",
				"parent": "bone27",
				"pivot": [-16, 29, -93],
				"rotation": [-45, 0, 0],
				"cubes": [
					{"origin": [-17, 29.5, -95], "size": [32, 3, 1], "uv": [84, 68]}
				]
			}
		]
	}
}