{
	"format_version": "1.10.0",
	"geometry.model": {
		"texturewidth": 512,
		"textureheight": 512,
		"visible_bounds_width": 12,
		"visible_bounds_height": 4.5,
		"visible_bounds_offset": [0, 1.75, 0],
		"bones": [
			{
				"name": "body",
				"pivot": [0, -3, -5],
				"cubes": [
					{"origin": [-23, 5, -16], "size": [32, 1, 55], "uv": [0, 82]},
					{"origin": [-23, 28.5, -0.5], "size": [32, 1, 15], "uv": [0, 185]},
					{"origin": [-23, 5, -38], "size": [32, 1, 10], "uv": [188, 126]},
					{"origin": [-23, 5, 51], "size": [32, 1, 6], "uv": [154, 50]},
					{"origin": [-18, 15, -37], "size": [22, 1, 24], "uv": [145, 161]},
					{"origin": [-23, 6, -13], "size": [32, 10, 1], "uv": [213, 171]},
					{"origin": [-23, 6, 38], "size": [32, 9, 1], "uv": [0, 175]},
					{"origin": [8, 6, -16], "size": [1, 10, 3], "uv": [116, 24]},
					{"origin": [-23, 6, 14], "size": [32, 13, 24], "uv": [0, 138]},
					{"origin": [-23, 19, 15], "size": [32, 2, 43], "uv": [119, 68]},
					{"origin": [2, 21, 15], "size": [7, 4, 43], "uv": [69, 138]},
					{"origin": [-20, 29, 2], "size": [26, 4, 5], "uv": [129, 217]},
					{"origin": [-23, 21, 15], "size": [7, 4, 43], "uv": [131, 113]},
					{"origin": [0, 21, 45], "size": [5, 8, 8], "uv": [0, 221]},
					{"origin": [-2, 29, 42], "size": [9, 2, 14], "uv": [84, 24]},
					{"origin": [-2, 31, 54], "size": [9, 7, 2], "uv": [26, 34]},
					{"origin": [5, 31, 42], "size": [2, 7, 12], "uv": [207, 217]},
					{"origin": [-2, 31, 42], "size": [2, 7, 12], "uv": [126, 160]},
					{"origin": [-23, 19, 14], "size": [32, 10, 1], "uv": [213, 160]},
					{"origin": [-23, 6, -16], "size": [1, 10, 3], "uv": [84, 24]},
					{"origin": [8, 6, 12], "size": [1, 23, 2], "uv": [48, 102]},
					{"origin": [-23, 6, 12], "size": [1, 23, 2], "uv": [68, 46]},
					{"origin": [-22, 6, -16], "size": [3, 6, 1], "uv": [31, 82]},
					{"origin": [-22, 6, 51], "size": [3, 6, 1], "uv": [39, 0]},
					{"origin": [5, 6, -16], "size": [3, 6, 1], "uv": [52, 23]},
					{"origin": [5, 6, 51], "size": [3, 6, 1], "uv": [26, 46]},
					{"origin": [5, 6, -29], "size": [3, 6, 1], "uv": [49, 0]},
					{"origin": [-22, 6, -29], "size": [3, 6, 1], "uv": [64, 23]},
					{"origin": [-23, 12, -28], "size": [1, 2, 12], "uv": [26, 221]},
					{"origin": [-23, 12, 39], "size": [1, 3, 12], "uv": [143, 119]},
					{"origin": [8, 12, 39], "size": [1, 3, 12], "uv": [22, 122]},
					{"origin": [8, 12, -28], "size": [1, 2, 12], "uv": [142, 167]},
					{"origin": [8, 6, -38], "size": [1, 8, 10], "uv": [52, 23]},
					{"origin": [8, 6, 51], "size": [1, 9, 6], "uv": [130, 38]},
					{"origin": [-23, 6, 51], "size": [1, 9, 6], "uv": [0, 82]},
					{"origin": [-23, 6, -38], "size": [1, 8, 10], "uv": [49, 0]},
					{"origin": [-20, 5, -28], "size": [26, 1, 12], "uv": [64, 202]},
					{"origin": [-20, 5, 39], "size": [26, 1, 12], "uv": [0, 201]},
					{"origin": [-20, 6, -28], "size": [26, 6, 12], "uv": [170, 199]},
					{"origin": [-20, 6, 39], "size": [26, 6, 12], "uv": [188, 137]},
					{"origin": [-23, 5, 57], "size": [32, 4, 12], "uv": [94, 186]},
					{"origin": [-16, 10, 58], "size": [10, 1, 1], "uv": [0, 54]},
					{"origin": [-16, 12, 58], "size": [10, 1, 1], "uv": [52, 41]},
					{"origin": [-16, 14, 58], "size": [10, 1, 1], "uv": [49, 18]},
					{"origin": [-16, 16, 58], "size": [10, 1, 1], "uv": [0, 22]},
					{"origin": [-16, 18, 58], "size": [10, 1, 1], "uv": [0, 20]},
					{"origin": [-23, 9, 57], "size": [32, 6, 1], "uv": [214, 57]},
					{"origin": [-4, 6, -6], "size": [10, 4, 12], "uv": [0, 104]},
					{"origin": [-22, 13, -12], "size": [30, 3, 4], "uv": [0, 214]},
					{"origin": [-10, 6, -12], "size": [6, 7, 4], "uv": [135, 82]},
					{"origin": [-10, 27, -2], "size": [6, 2, 1], "uv": [50, 65]},
					{"origin": [-10, 6, -8], "size": [6, 3, 19], "uv": [0, 82]},
					{"origin": [-20, 6, -6], "size": [10, 4, 12], "uv": [84, 40]},
					{"origin": [-22, 12, -28], "size": [30, 1, 12], "uv": [188, 113]},
					{"origin": [-22, 12, 39], "size": [30, 1, 12], "uv": [182, 186]},
					{"origin": [-23, 15, 38], "size": [32, 4, 20], "uv": [154, 26]}
				]
			},
			{
				"name": "bone",
				"parent": "body",
				"pivot": [-7, 15, -13],
				"rotation": [2.5, 0, 0],
				"cubes": [
					{"origin": [-23, 15, -38], "size": [32, 1, 25], "uv": [154, 0]}
				]
			},
			{
				"name": "bone20",
				"parent": "body",
				"pivot": [9, 5, -37],
				"rotation": [7.5, 0, 0],
				"cubes": [
					{"origin": [-23, 5, -39], "size": [32, 4, 2], "uv": [0, 68]}
				]
			},
			{
				"name": "bone21",
				"parent": "body",
				"pivot": [9, 9, -39],
				"rotation": [-5, 0, 0],
				"cubes": [
					{"origin": [-23, 9, -38.5], "size": [32, 6, 1], "uv": [68, 215]}
				]
			},
			{
				"name": "bone37",
				"parent": "body",
				"pivot": [-5, 29, 44],
				"rotation": [0, 0, -42.5],
				"cubes": [
					{"origin": [-5, 28, 43], "size": [5, 2, 12], "uv": [0, 120]}
				]
			},
			{
				"name": "door",
				"parent": "body",
				"pivot": [8, -2, -11],
				"cubes": [
					{"origin": [8, 6, -12], "size": [1, 10, 24], "uv": [0, 34]},
					{"origin": [9, 15, -12], "size": [3, 2, 2], "uv": [61, 5]},
					{"origin": [-26, 15, -12], "size": [3, 2, 2], "uv": [55, 51]},
					{"origin": [8, 16, 10], "size": [1, 12, 2], "uv": [36, 120]},
					{"origin": [8, 28, -1], "size": [1, 1, 13], "uv": [116, 24]}
				]
			},
			{
				"name": "bone61",
				"parent": "door",
				"pivot": [14, 6, -9],
				"rotation": [0, -7.5, 0],
				"cubes": [
					{"origin": [10, 14, -10], "size": [5, 4, 1], "uv": [61, 0]}
				]
			},
			{
				"name": "bone62",
				"parent": "door",
				"pivot": [-25, 6, -9],
				"rotation": [0, 7.5, 0],
				"cubes": [
					{"origin": [-29, 14, -10], "size": [5, 4, 1], "uv": [55, 46]}
				]
			},
			{
				"name": "bone29",
				"parent": "door",
				"pivot": [8, 15, -10],
				"rotation": [-32.5, 0, 0],
				"cubes": [
					{"origin": [8, 15, -11], "size": [1, 15, 1], "uv": [44, 104]}
				]
			},
			{
				"name": "bone30",
				"parent": "bone29",
				"pivot": [8, 30, -10],
				"rotation": [-42.5, 0, 0],
				"cubes": [
					{"origin": [8, 29, -11], "size": [1, 3, 1], "uv": [50, 82]}
				]
			},
			{
				"name": "door2",
				"parent": "body",
				"pivot": [-23, -2, -11],
				"cubes": [
					{"origin": [-23, 6, -12], "size": [1, 10, 24], "uv": [0, 0]},
					{"origin": [-23, 16, 10], "size": [1, 12, 2], "uv": [92, 24]},
					{"origin": [-23, 28, -1], "size": [1, 1, 13], "uv": [115, 43]}
				]
			},
			{
				"name": "bone31",
				"parent": "door2",
				"pivot": [-23, 15, -10],
				"rotation": [-32.5, 0, 0],
				"cubes": [
					{"origin": [-23, 15, -11], "size": [1, 15, 1], "uv": [14, 82]}
				]
			},
			{
				"name": "bone32",
				"parent": "bone31",
				"pivot": [-23, 30, -10],
				"rotation": [-42.5, 0, 0],
				"cubes": [
					{"origin": [-23, 29, -11], "size": [1, 3, 1], "uv": [70, 19]}
				]
			},
			{
				"name": "bone22",
				"parent": "body",
				"pivot": [-23, 13, -36],
				"rotation": [2.5, 0, 0],
				"cubes": [
					{"origin": [-23, 13, -36], "size": [1, 2, 21], "uv": [29, 23]}
				]
			},
			{
				"name": "bone23",
				"parent": "body",
				"pivot": [8, 13, -36],
				"rotation": [2.5, 0, 0],
				"cubes": [
					{"origin": [8, 13, -36], "size": [1, 2, 21], "uv": [26, 0]}
				]
			},
			{
				"name": "bone24",
				"parent": "body",
				"pivot": [5, 6, 5],
				"rotation": [-10, 0, 0],
				"cubes": [
					{"origin": [-4, 6, 5], "size": [10, 18, 2], "uv": [0, 34]}
				]
			},
			{
				"name": "bone63",
				"parent": "body",
				"pivot": [5, 11, -8],
				"rotation": [17.5, 0, 0],
				"cubes": [
					{"origin": [-3, 11, -7], "size": [8, 8, 1], "uv": [50, 56]}
				]
			},
			{
				"name": "bone25",
				"parent": "body",
				"pivot": [-11, 6, 5],
				"rotation": [-10, 0, 0],
				"cubes": [
					{"origin": [-20, 6, 5], "size": [10, 18, 2], "uv": [0, 0]}
				]
			},
			{
				"name": "bone26",
				"parent": "body",
				"pivot": [8, 15, -11],
				"rotation": [-32.5, 0, 0],
				"cubes": [
					{"origin": [7, 15, -12], "size": [2, 16, 1], "uv": [147, 93]}
				]
			},
			{
				"name": "bone27",
				"parent": "body",
				"pivot": [-22, 15, -11],
				"rotation": [-32.5, 0, 0],
				"cubes": [
					{"origin": [-23, 15, -12], "size": [2, 16, 1], "uv": [136, 14]}
				]
			},
			{
				"name": "bone28",
				"parent": "bone27",
				"pivot": [-22, 29, -11],
				"rotation": [-45, 0, 0],
				"cubes": [
					{"origin": [-23, 29.5, -13], "size": [32, 3, 1], "uv": [84, 68]}
				]
			},
			{
				"name": "bone2",
				"pivot": [6, 5, -22],
				"rotation": [0, 0, 90],
				"cubes": [
					{"origin": [3, 5, -18.9], "size": [6, 2, -7], "uv": [435, 311]}
				]
			},
			{
				"name": "bone3",
				"parent": "bone2",
				"pivot": [6, 5, -22],
				"cubes": [
					{"origin": [4, 5, -17.17157], "size": [4, 4, -1], "uv": [482, 64]}
				]
			},
			{
				"name": "bone4",
				"parent": "bone2",
				"pivot": [6, 5, -22],
				"rotation": [0, -45, 0],
				"cubes": [
					{"origin": [4, 5, -17.17157], "size": [4, 4, -1], "uv": [482, 61]}
				]
			},
			{
				"name": "bone5",
				"parent": "bone2",
				"pivot": [6, 5, -22],
				"rotation": [0, -90, 0],
				"cubes": [
					{"origin": [3, 5, -18.9], "size": [6, 2, -7], "uv": [435, 311]},
					{"origin": [4, 5, -17.17157], "size": [4, 4, -1], "uv": [482, 30]}
				]
			},
			{
				"name": "bone6",
				"parent": "bone2",
				"pivot": [6, 5, -22],
				"rotation": [0, -135, 0],
				"cubes": [
					{"origin": [4, 5, -17.17157], "size": [4, 4, -1], "uv": [482, 27]}
				]
			},
			{
				"name": "bone7",
				"parent": "bone2",
				"pivot": [6, 5, -22],
				"rotation": [0, -180, 0],
				"cubes": [
					{"origin": [4, 5, -17.17157], "size": [4, 4, -1], "uv": [482, 24]},
					{"origin": [3, 5, -18.9], "size": [6, 2, -7], "uv": [435, 311]}
				]
			},
			{
				"name": "bone8",
				"parent": "bone2",
				"pivot": [6, 5, -22],
				"rotation": [0, -225, 0],
				"cubes": [
					{"origin": [4, 5, -17.17157], "size": [4, 4, -1], "uv": [482, 21]}
				]
			},
			{
				"name": "bone9",
				"parent": "bone2",
				"pivot": [6, 5, -22],
				"rotation": [0, -270, 0],
				"cubes": [
					{"origin": [4, 5, -17.17157], "size": [4, 4, -1], "uv": [436, 109]},
					{"origin": [3, 5, -18.9], "size": [6, 2, -7], "uv": [435, 311]},
					{"origin": [4, 7, -19.9], "size": [4, 1, -4], "uv": [38, 338]}
				]
			},
			{
				"name": "bone10",
				"parent": "bone2",
				"pivot": [6, 5, -22],
				"rotation": [0, -315, 0],
				"cubes": [
					{"origin": [4, 5, -17.17157], "size": [4, 4, -1], "uv": [436, 106]}
				]
			},
			{
				"name": "bone47",
				"pivot": [6, 5, 45],
				"rotation": [0, 0, 90],
				"cubes": [
					{"origin": [3, 5, 48.1], "size": [6, 2, -7], "uv": [435, 311]}
				]
			},
			{
				"name": "bone48",
				"parent": "bone47",
				"pivot": [6, 5, 45],
				"cubes": [
					{"origin": [4, 5, 49.82843], "size": [4, 4, -1], "uv": [392, 103]}
				]
			},
			{
				"name": "bone49",
				"parent": "bone47",
				"pivot": [6, 5, 45],
				"rotation": [0, -45, 0],
				"cubes": [
					{"origin": [4, 5, 49.82843], "size": [4, 4, -1], "uv": [460, 92]}
				]
			},
			{
				"name": "bone50",
				"parent": "bone47",
				"pivot": [6, 5, 45],
				"rotation": [0, -90, 0],
				"cubes": [
					{"origin": [3, 5, 48.1], "size": [6, 2, -7], "uv": [435, 311]},
					{"origin": [4, 5, 49.82843], "size": [4, 4, -1], "uv": [456, 51]}
				]
			},
			{
				"name": "bone51",
				"parent": "bone47",
				"pivot": [6, 5, 45],
				"rotation": [0, -135, 0],
				"cubes": [
					{"origin": [4, 5, 49.82843], "size": [4, 4, -1], "uv": [444, 51]}
				]
			},
			{
				"name": "bone52",
				"parent": "bone47",
				"pivot": [6, 5, 45],
				"rotation": [0, -180, 0],
				"cubes": [
					{"origin": [4, 5, 49.82843], "size": [4, 4, -1], "uv": [441, 28]},
					{"origin": [3, 5, 48.1], "size": [6, 2, -7], "uv": [435, 311]}
				]
			},
			{
				"name": "bone53",
				"parent": "bone47",
				"pivot": [6, 5, 45],
				"rotation": [0, -225, 0],
				"cubes": [
					{"origin": [4, 5, 49.82843], "size": [4, 4, -1], "uv": [431, 36]}
				]
			},
			{
				"name": "bone54",
				"parent": "bone47",
				"pivot": [6, 5, 45],
				"rotation": [0, -270, 0],
				"cubes": [
					{"origin": [4, 5, 49.82843], "size": [4, 4, -1], "uv": [418, 24]},
					{"origin": [3, 5, 48.1], "size": [6, 2, -7], "uv": [435, 311]},
					{"origin": [4, 7, 47.1], "size": [4, 1, -4], "uv": [38, 338]}
				]
			},
			{
				"name": "bone55",
				"parent": "bone47",
				"pivot": [6, 5, 45],
				"rotation": [0, -315, 0],
				"cubes": [
					{"origin": [4, 5, 49.82843], "size": [4, 4, -1], "uv": [418, 21]}
				]
			},
			{
				"name": "bone11",
				"pivot": [-20, 5, -22],
				"rotation": [0, 0, -90],
				"cubes": [
					{"origin": [-23, 5, -18.9], "size": [6, 2, -7], "uv": [435, 311]}
				]
			},
			{
				"name": "bone12",
				"parent": "bone11",
				"pivot": [-20, 5, -22],
				"cubes": [
					{"origin": [-22, 5, -17.17157], "size": [4, 4, -1], "uv": [400, 106]}
				]
			},
			{
				"name": "bone13",
				"parent": "bone11",
				"pivot": [-20, 5, -22],
				"rotation": [0, -45, 0],
				"cubes": [
					{"origin": [-22, 5, -17.17157], "size": [4, 4, -1], "uv": [392, 106]}
				]
			},
			{
				"name": "bone14",
				"parent": "bone11",
				"pivot": [-20, 5, -22],
				"rotation": [0, -90, 0],
				"cubes": [
					{"origin": [-23, 5, -18.9], "size": [6, 2, -7], "uv": [435, 311]},
					{"origin": [-22, 5, -17.17157], "size": [4, 4, -1], "uv": [476, 77]}
				]
			},
			{
				"name": "bone15",
				"parent": "bone11",
				"pivot": [-20, 5, -22],
				"rotation": [0, -135, 0],
				"cubes": [
					{"origin": [-22, 5, -17.17157], "size": [4, 4, -1], "uv": [476, 70]}
				]
			},
			{
				"name": "bone16",
				"parent": "bone11",
				"pivot": [-20, 5, -22],
				"rotation": [0, -180, 0],
				"cubes": [
					{"origin": [-22, 5, -17.17157], "size": [4, 4, -1], "uv": [476, 67]},
					{"origin": [-23, 5, -18.9], "size": [6, 2, -7], "uv": [435, 311]}
				]
			},
			{
				"name": "bone17",
				"parent": "bone11",
				"pivot": [-20, 5, -22],
				"rotation": [0, -225, 0],
				"cubes": [
					{"origin": [-22, 5, -17.17157], "size": [4, 4, -1], "uv": [476, 64]}
				]
			},
			{
				"name": "bone18",
				"parent": "bone11",
				"pivot": [-20, 5, -22],
				"rotation": [0, -270, 0],
				"cubes": [
					{"origin": [-22, 5, -17.17157], "size": [4, 4, -1], "uv": [476, 61]},
					{"origin": [-23, 5, -18.9], "size": [5, 2, -7], "uv": [436, 311]},
					{"origin": [-22, 7, -19.9], "size": [4, 1, -4], "uv": [38, 338]}
				]
			},
			{
				"name": "bone19",
				"parent": "bone11",
				"pivot": [-20, 5, -22],
				"rotation": [0, -315, 0],
				"cubes": [
					{"origin": [-22, 5, -17.17157], "size": [4, 4, -1], "uv": [476, 41]}
				]
			},
			{
				"name": "bone38",
				"pivot": [-20, 5, 45],
				"rotation": [0, 0, -90],
				"cubes": [
					{"origin": [-23, 5, 48.1], "size": [6, 2, -7], "uv": [435, 311]}
				]
			},
			{
				"name": "bone39",
				"parent": "bone38",
				"pivot": [-20, 5, 45],
				"cubes": [
					{"origin": [-22, 5, 49.82843], "size": [4, 4, -1], "uv": [476, 38]}
				]
			},
			{
				"name": "bone40",
				"parent": "bone38",
				"pivot": [-20, 5, 45],
				"rotation": [0, -45, 0],
				"cubes": [
					{"origin": [-22, 5, 49.82843], "size": [4, 4, -1], "uv": [476, 35]}
				]
			},
			{
				"name": "bone41",
				"parent": "bone38",
				"pivot": [-20, 5, 45],
				"rotation": [0, -90, 0],
				"cubes": [
					{"origin": [-23, 5, 48.1], "size": [6, 2, -7], "uv": [435, 311]},
					{"origin": [-22, 5, 49.82843], "size": [4, 4, -1], "uv": [476, 30]}
				]
			},
			{
				"name": "bone42",
				"parent": "bone38",
				"pivot": [-20, 5, 45],
				"rotation": [0, -135, 0],
				"cubes": [
					{"origin": [-22, 5, 49.82843], "size": [4, 4, -1], "uv": [476, 27]}
				]
			},
			{
				"name": "bone43",
				"parent": "bone38",
				"pivot": [-20, 5, 45],
				"rotation": [0, -180, 0],
				"cubes": [
					{"origin": [-22, 5, 49.82843], "size": [4, 4, -1], "uv": [476, 24]},
					{"origin": [-23, 5, 48.1], "size": [6, 2, -7], "uv": [435, 311]}
				]
			},
			{
				"name": "bone44",
				"parent": "bone38",
				"pivot": [-20, 5, 45],
				"rotation": [0, -225, 0],
				"cubes": [
					{"origin": [-22, 5, 49.82843], "size": [4, 4, -1], "uv": [476, 21]}
				]
			},
			{
				"name": "bone45",
				"parent": "bone38",
				"pivot": [-20, 5, 45],
				"rotation": [0, -270, 0],
				"cubes": [
					{"origin": [-22, 5, 49.82843], "size": [4, 4, -1], "uv": [436, 103]},
					{"origin": [-23, 5, 48.1], "size": [6, 2, -7], "uv": [435, 311]},
					{"origin": [-22, 7, 47.1], "size": [4, 1, -4], "uv": [38, 338]}
				]
			},
			{
				"name": "bone46",
				"parent": "bone38",
				"pivot": [-20, 5, 45],
				"rotation": [0, -315, 0],
				"cubes": [
					{"origin": [-22, 5, 49.82843], "size": [4, 4, -1], "uv": [400, 103]}
				]
			},
			{
				"name": "bone33",
				"pivot": [1, 33, 50],
				"rotation": [-5, 0, 0],
				"cubes": [
					{"origin": [0, 31, -6], "size": [5, 8, 60], "uv": [84, 0]},
					{"origin": [5, 31, -8], "size": [2, 8, 9], "uv": [0, 138]},
					{"origin": [-10, 31, -8], "size": [2, 8, 9], "uv": [31, 82]},
					{"origin": [-3, 31, -6], "size": [3, 8, 7], "uv": [26, 0]},
					{"origin": [-8, 31, -8], "size": [13, 8, 2], "uv": [128, 202]},
					{"origin": [-10, 30, -8], "size": [17, 1, 9], "uv": [84, 14]},
					{"origin": [-3, 39, -8], "size": [10, 1, 9], "uv": [26, 46]}
				]
			},
			{
				"name": "bone34",
				"parent": "bone33",
				"pivot": [-6, 34, -3],
				"rotation": [5, 0, 0],
				"cubes": [
					{"origin": [-8, 31, -6], "size": [5, 8, 74], "uv": [0, 0]}
				]
			},
			{
				"name": "bone35",
				"parent": "bone34",
				"pivot": [-5, 19, 68],
				"rotation": [-47.5, 0, 0],
				"cubes": [
					{"origin": [-13, 18, 62], "size": [16, 2, 12], "uv": [84, 0]},
					{"origin": [2, 20, 62], "size": [2, 16, 12], "uv": [179, 217]},
					{"origin": [-14, 20, 62], "size": [2, 16, 12], "uv": [119, 82]},
					{"origin": [-13, 20, 61], "size": [16, 16, 2], "uv": [126, 138]},
					{"origin": [-13, 20, 73], "size": [16, 16, 2], "uv": [119, 113]},
					{"origin": [-8, 29, 58], "size": [5, 3, 3], "uv": [26, 15]}
				]
			},
			{
				"name": "bone36",
				"parent": "bone35",
				"pivot": [-5, 29, 59],
				"rotation": [47.5, 0, 0],
				"cubes": [
					{"origin": [-10, 29, 52], "size": [2, 2, 8], "uv": [88, 148]},
					{"origin": [-3, 29, 52], "size": [2, 2, 8], "uv": [88, 138]}
				]
			}
		]
	}
}