{
	"format_version": "1.10.0",
	"geometry.model": {
		"texturewidth": 1024,
		"textureheight": 1024,
		"visible_bounds_width": 28,
		"visible_bounds_height": 5.5,
		"visible_bounds_offset": [0, 2.25, 0],
		"bones": [
			{
				"name": "body",
				"pivot": [0, -4, 0],
				"cubes": [
					{"origin": [-30, 6, -19], "size": [36, 3, 223], "uv": [1, 1]},
					{"origin": [5, 9, 15], "size": [1, 11, 24], "uv": [78, 257]},
					{"origin": [5, 9, 15], "size": [4, 11, 1], "uv": [200, 279]},
					{"origin": [-33, 9, 15], "size": [4, 11, 1], "uv": [145, 126]},
					{"origin": [5, 9, 39], "size": [4, 11, 1], "uv": [85, 227]},
					{"origin": [-33, 9, 39], "size": [4, 11, 1], "uv": [187, 126]},
					{"origin": [5, 9, 150], "size": [4, 11, 1], "uv": [64, 227]},
					{"origin": [-33, 9, 150], "size": [4, 11, 1], "uv": [0, 208]},
					{"origin": [-33, 9, 174], "size": [4, 11, 1], "uv": [96, 207]},
					{"origin": [5, 9, 174], "size": [4, 11, 1], "uv": [29, 227]},
					{"origin": [5, 9, 151], "size": [1, 11, 24], "uv": [148, 233]},
					{"origin": [5, 20, 150], "size": [4, 1, 25], "uv": [136, 268]},
					{"origin": [-33, 20, 150], "size": [4, 1, 25], "uv": [103, 267]},
					{"origin": [-33, 20, 15], "size": [4, 1, 25], "uv": [63, 198]},
					{"origin": [5, 20, 15], "size": [4, 1, 25], "uv": [145, 195]},
					{"origin": [-8, 9, -2], "size": [14, 7, 14], "uv": [145, 126]},
					{"origin": [-9, 16, -3], "size": [16, 3, 16], "uv": [0, 128]},
					{"origin": [-30, 9, 15], "size": [1, 11, 24], "uv": [28, 257]},
					{"origin": [-30, 9, 151], "size": [1, 11, 24], "uv": [174, 0]},
					{"origin": [-36, 6, -20], "size": [48, 9, 9], "uv": [76, 52]},
					{"origin": [-33, 19.5, -15], "size": [42, 7, 7], "uv": [0, 165]},
					{"origin": [-21, 8.5, -7], "size": [7, 19, 7], "uv": [0, 0]},
					{"origin": [-20, 27.5, -6], "size": [5, 3, 5], "uv": [170, 85]},
					{"origin": [-36, 6, 205], "size": [48, 9, 4], "uv": [0, 152]},
					{"origin": [-36, 6, 204], "size": [48, 51, 1], "uv": [76, 0]},
					{"origin": [-33, 57, 204], "size": [42, 7, 1], "uv": [0, 120]},
					{"origin": [-33, 62, -9.5], "size": [42, 2, 2], "uv": [0, 198]},
					{"origin": [-33, 63, -10], "size": [42, 2, 215], "uv": [0, 227]},
					{"origin": [9, 6, -11], "size": [3, 21, 27], "uv": [148, 147]},
					{"origin": [9, 27, -14], "size": [3, 3, 17], "uv": [54, 257]},
					{"origin": [9, 35, 10], "size": [3, 21, 3], "uv": [169, 268]},
					{"origin": [9, 28, -26], "size": [3, 6, 1], "uv": [171, 270]},
					{"origin": [-36, 35, 12], "size": [3, 21, 1], "uv": [208, 173]},
					{"origin": [-36, 25, -22], "size": [3, 2, 6], "uv": [32, 193]},
					{"origin": [-36, 25, -28], "size": [3, 2, 6], "uv": [32, 193]},
					{"origin": [-36, 27, -9], "size": [3, 24, 1], "uv": [181, 35]},
					{"origin": [9, 35, 26], "size": [2, 21, 2], "uv": [307, 227]},
					{"origin": [-35, 35, 26], "size": [2, 21, 2], "uv": [14, 227]},
					{"origin": [9, 35, 42], "size": [3, 21, 3], "uv": [148, 268]},
					{"origin": [-36, 35, 42], "size": [3, 21, 3], "uv": [210, 35]},
					{"origin": [9, 35, 74], "size": [3, 21, 3], "uv": [136, 257]},
					{"origin": [-36, 35, 74], "size": [3, 21, 3], "uv": [212, 0]},
					{"origin": [9, 35, 106], "size": [3, 21, 3], "uv": [116, 257]},
					{"origin": [-36, 35, 106], "size": [3, 21, 3], "uv": [145, 227]},
					{"origin": [9, 35, 138], "size": [3, 21, 3], "uv": [104, 257]},
					{"origin": [-36, 35, 138], "size": [3, 21, 3], "uv": [157, 227]},
					{"origin": [9, 35, 170], "size": [3, 21, 3], "uv": [186, 227]},
					{"origin": [-36, 35, 170], "size": [3, 21, 3], "uv": [174, 227]},
					{"origin": [9, 35, 58], "size": [2, 21, 2], "uv": [299, 288]},
					{"origin": [-35, 35, 58], "size": [2, 21, 2], "uv": [94, 257]},
					{"origin": [9, 35, 90], "size": [2, 21, 2], "uv": [299, 265]},
					{"origin": [-35, 35, 90], "size": [2, 21, 2], "uv": [20, 265]},
					{"origin": [9, 35, 122], "size": [2, 21, 2], "uv": [89, 292]},
					{"origin": [9, 35, 154], "size": [2, 21, 2], "uv": [81, 292]},
					{"origin": [-35, 35, 154], "size": [2, 21, 2], "uv": [65, 292]},
					{"origin": [9, 27, 3], "size": [3, 8, 201], "uv": [0, 444]},
					{"origin": [9, 56, -8], "size": [3, 1, 182], "uv": [395, 453]},
					{"origin": [-36, 56, -8], "size": [3, 1, 182], "uv": [207, 452]},
					{"origin": [9, 20, 16], "size": [3, 7, 23], "uv": [52, 292]},
					{"origin": [-36, 20, 16], "size": [3, 15, 23], "uv": [167, 47]},
					{"origin": [9, 20, 151], "size": [3, 7, 23], "uv": [0, 292]},
					{"origin": [-36, 20, 151], "size": [3, 15, 23], "uv": [0, 227]},
					{"origin": [9, 6, 174], "size": [3, 21, 30], "uv": [109, 123]},
					{"origin": [9, 35, 173], "size": [3, 22, 31], "uv": [115, 70]},
					{"origin": [-36, 35, 173], "size": [3, 22, 31], "uv": [71, 99]},
					{"origin": [-36, 6, 174], "size": [3, 29, 30], "uv": [0, 0]},
					{"origin": [9, 6, 39], "size": [3, 21, 112], "uv": [517, 0]},
					{"origin": [-36, 6, -11], "size": [3, 21, 3], "uv": [181, 268]},
					{"origin": [-36, 6, 12], "size": [3, 29, 4], "uv": [196, 35]},
					{"origin": [-36, 6, 138], "size": [3, 29, 13], "uv": [104, 293]},
					{"origin": [-36, 9, 123], "size": [3, 47, 1], "uv": [216, 173]},
					{"origin": [-36, 6, 39], "size": [3, 29, 70], "uv": [0, 0]},
					{"origin": [6, 6, -11], "size": [3, 3, 27], "uv": [112, 227]},
					{"origin": [-33, 6, -11], "size": [3, 3, 27], "uv": [52, 227]},
					{"origin": [-36, 6, 108], "size": [3, 3, 30], "uv": [153, 93]},
					{"origin": [6, 6, 39], "size": [3, 3, 112], "uv": [583, 452]},
					{"origin": [-33, 6, 39], "size": [3, 3, 112], "uv": [520, 223]},
					{"origin": [6, 6, 174], "size": [3, 3, 30], "uv": [104, 174]},
					{"origin": [-33, 6, 174], "size": [3, 3, 30], "uv": [68, 165]}
				]
			},
			{
				"name": "seat",
				"parent": "body",
				"pivot": [-22, 17, 27],
				"cubes": [
					{"origin": [-6, 9, 28], "size": [3, 12, 11], "uv": [189, 85]},
					{"origin": [-33, 21, 26], "size": [16, 1, 12], "uv": [96, 207]},
					{"origin": [-7, 21, 26], "size": [16, 1, 12], "uv": [0, 208]},
					{"origin": [-20, 9, 28], "size": [3, 12, 11], "uv": [36, 0]}
				]
			},
			{
				"name": "bone51",
				"parent": "seat",
				"pivot": [-22, 17, 38],
				"rotation": [-10, 0, 0],
				"cubes": [
					{"origin": [-33, 21, 37], "size": [16, 19, 2], "uv": [296, 180]}
				]
			},
			{
				"name": "bone52",
				"parent": "seat",
				"pivot": [4, 17, 38],
				"rotation": [-10, 0, 0],
				"cubes": [
					{"origin": [-7, 21, 37], "size": [16, 19, 2], "uv": [29, 292]}
				]
			},
			{
				"name": "seat2",
				"parent": "body",
				"pivot": [-22, 17, 52],
				"cubes": [
					{"origin": [-6, 9, 53], "size": [3, 12, 11], "uv": [189, 85]},
					{"origin": [-33, 21, 51], "size": [16, 1, 12], "uv": [96, 207]},
					{"origin": [-7, 21, 51], "size": [16, 1, 12], "uv": [0, 208]},
					{"origin": [-20, 9, 53], "size": [3, 12, 11], "uv": [36, 0]}
				]
			},
			{
				"name": "bone62",
				"parent": "seat2",
				"pivot": [-22, 17, 63],
				"rotation": [-10, 0, 0],
				"cubes": [
					{"origin": [-33, 21, 62], "size": [16, 19, 2], "uv": [296, 180]}
				]
			},
			{
				"name": "bone63",
				"parent": "seat2",
				"pivot": [4, 17, 63],
				"rotation": [-10, 0, 0],
				"cubes": [
					{"origin": [-7, 21, 62], "size": [16, 19, 2], "uv": [29, 292]}
				]
			},
			{
				"name": "seat3",
				"parent": "body",
				"pivot": [-22, 17, 77],
				"cubes": [
					{"origin": [-6, 9, 78], "size": [3, 12, 11], "uv": [189, 85]},
					{"origin": [-33, 21, 76], "size": [16, 1, 12], "uv": [96, 207]},
					{"origin": [-7, 21, 76], "size": [16, 1, 12], "uv": [0, 208]},
					{"origin": [-20, 9, 78], "size": [3, 12, 11], "uv": [36, 0]}
				]
			},
			{
				"name": "bone64",
				"parent": "seat3",
				"pivot": [-22, 17, 88],
				"rotation": [-10, 0, 0],
				"cubes": [
					{"origin": [-33, 21, 87], "size": [16, 19, 2], "uv": [296, 180]}
				]
			},
			{
				"name": "bone65",
				"parent": "seat3",
				"pivot": [4, 17, 88],
				"rotation": [-10, 0, 0],
				"cubes": [
					{"origin": [-7, 21, 87], "size": [16, 19, 2], "uv": [29, 292]}
				]
			},
			{
				"name": "seat4",
				"parent": "body",
				"pivot": [-22, 17, 188],
				"cubes": [
					{"origin": [-6, 9, 189], "size": [3, 12, 11], "uv": [189, 85]},
					{"origin": [-33, 21, 187], "size": [16, 1, 12], "uv": [96, 207]},
					{"origin": [-7, 21, 187], "size": [16, 1, 12], "uv": [0, 208]},
					{"origin": [-20, 9, 189], "size": [3, 12, 11], "uv": [36, 0]}
				]
			},
			{
				"name": "bone66",
				"parent": "seat4",
				"pivot": [-22, 17, 199],
				"rotation": [-10, 0, 0],
				"cubes": [
					{"origin": [-33, 21, 198], "size": [16, 19, 2], "uv": [296, 180]}
				]
			},
			{
				"name": "bone67",
				"parent": "seat4",
				"pivot": [4, 17, 199],
				"rotation": [-10, 0, 0],
				"cubes": [
					{"origin": [-7, 21, 198], "size": [16, 19, 2], "uv": [29, 292]}
				]
			},
			{
				"name": "seat5",
				"parent": "body",
				"pivot": [-22, 17, 163],
				"cubes": [
					{"origin": [-6, 9, 164], "size": [3, 12, 11], "uv": [189, 85]},
					{"origin": [-33, 21, 162], "size": [16, 1, 12], "uv": [96, 207]},
					{"origin": [-7, 21, 162], "size": [16, 1, 12], "uv": [0, 208]},
					{"origin": [-20, 9, 164], "size": [3, 12, 11], "uv": [36, 0]}
				]
			},
			{
				"name": "bone68",
				"parent": "seat5",
				"pivot": [-22, 17, 174],
				"rotation": [-10, 0, 0],
				"cubes": [
					{"origin": [-33, 21, 173], "size": [16, 19, 2], "uv": [296, 180]}
				]
			},
			{
				"name": "bone69",
				"parent": "seat5",
				"pivot": [4, 17, 174],
				"rotation": [-10, 0, 0],
				"cubes": [
					{"origin": [-7, 21, 173], "size": [16, 19, 2], "uv": [29, 292]}
				]
			},
			{
				"name": "seat6",
				"parent": "body",
				"pivot": [-22, 17, 138],
				"cubes": [
					{"origin": [-6, 9, 139], "size": [3, 12, 11], "uv": [189, 85]},
					{"origin": [-33, 21, 137], "size": [16, 1, 12], "uv": [96, 207]},
					{"origin": [-7, 21, 137], "size": [16, 1, 12], "uv": [0, 208]},
					{"origin": [-20, 9, 139], "size": [3, 12, 11], "uv": [36, 0]}
				]
			},
			{
				"name": "bone70",
				"parent": "seat6",
				"pivot": [-22, 17, 149],
				"rotation": [-10, 0, 0],
				"cubes": [
					{"origin": [-33, 21, 148], "size": [16, 19, 2], "uv": [296, 180]}
				]
			},
			{
				"name": "bone71",
				"parent": "seat6",
				"pivot": [4, 17, 149],
				"rotation": [-10, 0, 0],
				"cubes": [
					{"origin": [-7, 21, 148], "size": [16, 19, 2], "uv": [29, 292]}
				]
			},
			{
				"name": "bone50",
				"parent": "body",
				"pivot": [2, 18, 12],
				"rotation": [-10, 0, 0],
				"cubes": [
					{"origin": [-9, 18, 11], "size": [16, 22, 3], "uv": [178, 195]}
				]
			},
			{
				"name": "bone49",
				"parent": "body",
				"pivot": [-1, 22, -7],
				"rotation": [25, 0, 0],
				"cubes": [
					{"origin": [-6, 21.5, -7], "size": [10, 10, 2], "uv": [104, 174]},
					{"origin": [-37, 32.5, -25], "size": [7, 7, 2], "uv": [107, 174]}
				]
			},
			{
				"name": "bone53",
				"parent": "body",
				"pivot": [7, 29, -2],
				"rotation": [-45, 0, 0],
				"cubes": [
					{"origin": [9, 29, -3], "size": [3, 8, 4], "uv": [0, 694]}
				]
			},
			{
				"name": "bone47",
				"parent": "body",
				"pivot": [7, 55, -1],
				"rotation": [0, 0, -20],
				"cubes": [
					{"origin": [9.5, 55, -10], "size": [3, 8, 215], "uv": [299, 229]}
				]
			},
			{
				"name": "bone48",
				"parent": "body",
				"pivot": [-38, 58, -1],
				"rotation": [0, 0, 20],
				"cubes": [
					{"origin": [-36, 58, -10], "size": [3, 8, 215], "uv": [296, 0]}
				]
			},
			{
				"name": "bone54",
				"parent": "body",
				"pivot": [-38, 9, 13],
				"rotation": [-15, 0, 0],
				"cubes": [
					{"origin": [-36, 9, 12], "size": [3, 14, 4], "uv": [196, 35]}
				]
			},
			{
				"name": "bone55",
				"parent": "body",
				"pivot": [7, 9, 13],
				"rotation": [-15, 0, 0],
				"cubes": [
					{"origin": [9, 9, 12], "size": [3, 14, 4], "uv": [196, 35]}
				]
			},
			{
				"name": "bone56",
				"parent": "body",
				"pivot": [7, 9, 148],
				"rotation": [-15, 0, 0],
				"cubes": [
					{"origin": [9, 9, 147], "size": [3, 14, 4], "uv": [196, 35]}
				]
			},
			{
				"name": "bone57",
				"parent": "body",
				"pivot": [-38, 9, 148],
				"rotation": [-15, 0, 0],
				"cubes": [
					{"origin": [-36, 9, 147], "size": [3, 14, 4], "uv": [196, 35]}
				]
			},
			{
				"name": "bone58",
				"parent": "body",
				"pivot": [-38, 9, 178],
				"rotation": [15, 0, 0],
				"cubes": [
					{"origin": [-36, 9, 174], "size": [3, 14, 4], "uv": [196, 35]}
				]
			},
			{
				"name": "bone59",
				"parent": "body",
				"pivot": [-38, 9, 43],
				"rotation": [15, 0, 0],
				"cubes": [
					{"origin": [-36, 9, 39], "size": [3, 14, 4], "uv": [196, 35]}
				]
			},
			{
				"name": "bone60",
				"parent": "body",
				"pivot": [7, 9, 43],
				"rotation": [15, 0, 0],
				"cubes": [
					{"origin": [9, 9, 39], "size": [3, 14, 4], "uv": [196, 35]}
				]
			},
			{
				"name": "bone61",
				"parent": "body",
				"pivot": [7, 9, 178],
				"rotation": [15, 0, 0],
				"cubes": [
					{"origin": [9, 9, 174], "size": [3, 14, 4], "uv": [196, 35]}
				]
			},
			{
				"name": "door3",
				"parent": "body",
				"pivot": [-38, 6, 9],
				"cubes": [
					{"origin": [-36, 6, 10], "size": [3, 50, 2], "uv": [156, 294]},
					{"origin": [-36, 6, 2], "size": [3, 50, 2], "uv": [146, 294]},
					{"origin": [-36, 6, 4], "size": [3, 5, 6], "uv": [206, 85]},
					{"origin": [-36, 24, 4], "size": [3, 3, 6], "uv": [152, 210]},
					{"origin": [-36, 32, 4], "size": [3, 3, 6], "uv": [62, 208]},
					{"origin": [-36, 53, 4], "size": [3, 3, 6], "uv": [44, 208]}
				]
			},
			{
				"name": "door4",
				"parent": "body",
				"pivot": [-38, 6, -1],
				"cubes": [
					{"origin": [-36, 6, 0], "size": [3, 50, 2], "uv": [136, 294]},
					{"origin": [-36, 6, -8], "size": [3, 50, 2], "uv": [198, 227]},
					{"origin": [-36, 6, -6], "size": [3, 5, 6], "uv": [203, 112]},
					{"origin": [-36, 24, -6], "size": [3, 3, 6], "uv": [140, 207]},
					{"origin": [-36, 32, -6], "size": [3, 3, 6], "uv": [148, 195]},
					{"origin": [-36, 53, -6], "size": [3, 3, 6], "uv": [104, 186]}
				]
			},
			{
				"name": "door",
				"parent": "body",
				"pivot": [-38, 9, 133],
				"cubes": [
					{"origin": [-36, 9, 124], "size": [3, 26, 14], "uv": [180, 280]},
					{"origin": [-36, 35, 124], "size": [3, 21, 3], "uv": [200, 0]},
					{"origin": [-36, 35, 135], "size": [3, 21, 3], "uv": [186, 0]},
					{"origin": [-36, 52, 127], "size": [3, 4, 8], "uv": [156, 86]}
				]
			},
			{
				"name": "door2",
				"parent": "body",
				"pivot": [-38, 9, 118],
				"cubes": [
					{"origin": [-36, 9, 109], "size": [3, 26, 14], "uv": [187, 133]},
					{"origin": [-36, 35, 109], "size": [3, 21, 3], "uv": [174, 0]},
					{"origin": [-36, 35, 120], "size": [3, 21, 3], "uv": [152, 70]},
					{"origin": [-36, 52, 112], "size": [3, 4, 8], "uv": [48, 128]}
				]
			},
			{
				"name": "bone",
				"parent": "body",
				"pivot": [-4, 10, -11],
				"rotation": [10, 0, 0],
				"cubes": [
					{"origin": [-36, 9, -14], "size": [48, 18, 3], "uv": [0, 99]},
					{"origin": [9, 12, -12], "size": [3, 15, 4], "uv": [0, 227]},
					{"origin": [-36, 12, -12], "size": [3, 15, 4], "uv": [207, 126]}
				]
			},
			{
				"name": "bone46",
				"parent": "body",
				"pivot": [-4, 27, -14],
				"rotation": [-12.5, 0, 0],
				"cubes": [
					{"origin": [10, 26, -17], "size": [2, 32, 4], "uv": [166, 294]},
					{"origin": [-36, 26, -17], "size": [2, 32, 4], "uv": [0, 265]},
					{"origin": [-34, 26, -17], "size": [1, 35, 3], "uv": [299, 227]},
					{"origin": [9, 26, -17], "size": [1, 35, 3], "uv": [12, 265]},
					{"origin": [11, 26, -20], "size": [1, 2, 6], "uv": [9, 262]},
					{"origin": [11, 26, -26], "size": [1, 2, 6], "uv": [9, 262]},
					{"origin": [-12, 26, -17], "size": [1, 25, 3], "uv": [140, 174]},
					{"origin": [-33, 51, -17], "size": [42, 10, 3], "uv": [0, 179]},
					{"origin": [-32, 61, -17], "size": [40, 3, 3], "uv": [0, 202]}
				]
			},
			{
				"name": "bone2",
				"pivot": [6, 9, 27],
				"rotation": [0, 0, 90]
			},
			{
				"name": "bone3",
				"parent": "bone2",
				"pivot": [6, 9, 27],
				"cubes": [
					{"origin": [3, 9, 34.23305], "size": [6, 7, 2], "uv": [323, 272]}
				]
			},
			{
				"name": "bone4",
				"parent": "bone2",
				"pivot": [6, 9, 27],
				"rotation": [0, -36, 0],
				"cubes": [
					{"origin": [3, 9, 34.23305], "size": [6, 7, 2], "uv": [323, 263]},
					{"origin": [1, 9, 19.23305], "size": [10, 3, 15], "uv": [296, 126]}
				]
			},
			{
				"name": "bone5",
				"parent": "bone2",
				"pivot": [6, 9, 27],
				"rotation": [0, -72, 0],
				"cubes": [
					{"origin": [3, 9, 34.23305], "size": [6, 7, 2], "uv": [323, 254]}
				]
			},
			{
				"name": "bone6",
				"parent": "bone2",
				"pivot": [6, 9, 27],
				"rotation": [0, -108, 0],
				"cubes": [
					{"origin": [3, 9, 34.23305], "size": [6, 7, 2], "uv": [323, 245]}
				]
			},
			{
				"name": "bone7",
				"parent": "bone2",
				"pivot": [6, 9, 27],
				"rotation": [0, -144, 0],
				"cubes": [
					{"origin": [3, 9, 34.23305], "size": [6, 7, 2], "uv": [315, 322]}
				]
			},
			{
				"name": "bone8",
				"parent": "bone2",
				"pivot": [6, 9, 27],
				"rotation": [0, -180, 0],
				"cubes": [
					{"origin": [3, 9, 34.23305], "size": [6, 7, 2], "uv": [299, 322]},
					{"origin": [3.5, 10, 24.5], "size": [5, 5, 5], "uv": [189, 108]}
				]
			},
			{
				"name": "bone9",
				"parent": "bone2",
				"pivot": [6, 9, 27],
				"rotation": [0, -216, 0],
				"cubes": [
					{"origin": [3, 9, 34.23305], "size": [6, 7, 2], "uv": [80, 322]}
				]
			},
			{
				"name": "bone10",
				"parent": "bone2",
				"pivot": [6, 9, 27],
				"rotation": [0, -252, 0],
				"cubes": [
					{"origin": [3, 9, 34.23305], "size": [6, 7, 2], "uv": [64, 322]},
					{"origin": [1, 9, 19.23305], "size": [10, 3, 15], "uv": [296, 162]}
				]
			},
			{
				"name": "bone11",
				"parent": "bone2",
				"pivot": [6, 9, 27],
				"rotation": [0, -288, 0],
				"cubes": [
					{"origin": [3, 9, 34.23305], "size": [6, 7, 2], "uv": [48, 322]}
				]
			},
			{
				"name": "bone12",
				"parent": "bone2",
				"pivot": [6, 9, 27],
				"rotation": [0, -324, 0],
				"cubes": [
					{"origin": [3, 9, 34.23305], "size": [6, 7, 2], "uv": [32, 322]},
					{"origin": [1, 9, 19.23305], "size": [10, 3, 15], "uv": [296, 144]}
				]
			},
			{
				"name": "bone24",
				"pivot": [6, 9, 162],
				"rotation": [0, 0, 90]
			},
			{
				"name": "bone25",
				"parent": "bone24",
				"pivot": [6, 9, 162],
				"cubes": [
					{"origin": [3, 9, 169.23305], "size": [6, 7, 2], "uv": [307, 295]}
				]
			},
			{
				"name": "bone26",
				"parent": "bone24",
				"pivot": [6, 9, 162],
				"rotation": [0, -36, 0],
				"cubes": [
					{"origin": [3, 9, 169.23305], "size": [6, 7, 2], "uv": [307, 286]},
					{"origin": [1, 9, 154.23305], "size": [10, 3, 15], "uv": [296, 54]}
				]
			},
			{
				"name": "bone27",
				"parent": "bone24",
				"pivot": [6, 9, 162],
				"rotation": [0, -72, 0],
				"cubes": [
					{"origin": [3, 9, 169.23305], "size": [6, 7, 2], "uv": [307, 277]}
				]
			},
			{
				"name": "bone28",
				"parent": "bone24",
				"pivot": [6, 9, 162],
				"rotation": [0, -108, 0],
				"cubes": [
					{"origin": [3, 9, 169.23305], "size": [6, 7, 2], "uv": [307, 268]}
				]
			},
			{
				"name": "bone29",
				"parent": "bone24",
				"pivot": [6, 9, 162],
				"rotation": [0, -144, 0],
				"cubes": [
					{"origin": [3, 9, 169.23305], "size": [6, 7, 2], "uv": [307, 259]}
				]
			},
			{
				"name": "bone30",
				"parent": "bone24",
				"pivot": [6, 9, 162],
				"rotation": [0, -180, 0],
				"cubes": [
					{"origin": [3, 9, 169.23305], "size": [6, 7, 2], "uv": [307, 250]},
					{"origin": [3.5, 10, 159.5], "size": [5, 5, 5], "uv": [20, 59]}
				]
			},
			{
				"name": "bone31",
				"parent": "bone24",
				"pivot": [6, 9, 162],
				"rotation": [0, -216, 0],
				"cubes": [
					{"origin": [3, 9, 169.23305], "size": [6, 7, 2], "uv": [0, 303]}
				]
			},
			{
				"name": "bone32",
				"parent": "bone24",
				"pivot": [6, 9, 162],
				"rotation": [0, -252, 0],
				"cubes": [
					{"origin": [3, 9, 169.23305], "size": [6, 7, 2], "uv": [296, 201]},
					{"origin": [1, 9, 154.23305], "size": [10, 3, 15], "uv": [296, 36]}
				]
			},
			{
				"name": "bone33",
				"parent": "bone24",
				"pivot": [6, 9, 162],
				"rotation": [0, -288, 0],
				"cubes": [
					{"origin": [3, 9, 169.23305], "size": [6, 7, 2], "uv": [97, 293]}
				]
			},
			{
				"name": "bone34",
				"parent": "bone24",
				"pivot": [6, 9, 162],
				"rotation": [0, -324, 0],
				"cubes": [
					{"origin": [3, 9, 169.23305], "size": [6, 7, 2], "uv": [28, 265]},
					{"origin": [1, 9, 154.23305], "size": [10, 3, 15], "uv": [296, 18]}
				]
			},
			{
				"name": "bone13",
				"pivot": [-30, 9, 27],
				"rotation": [0, 0, -90]
			},
			{
				"name": "bone14",
				"parent": "bone13",
				"pivot": [-30, 9, 27],
				"cubes": [
					{"origin": [-33, 9, 34.23305], "size": [6, 7, 2], "uv": [16, 322]}
				]
			},
			{
				"name": "bone15",
				"parent": "bone13",
				"pivot": [-30, 9, 27],
				"rotation": [0, -36, 0],
				"cubes": [
					{"origin": [-33, 9, 34.23305], "size": [6, 7, 2], "uv": [0, 322]},
					{"origin": [-35, 9, 19.23305], "size": [10, 3, 15], "uv": [296, 108]}
				]
			},
			{
				"name": "bone16",
				"parent": "bone13",
				"pivot": [-30, 9, 27],
				"rotation": [0, -72, 0],
				"cubes": [
					{"origin": [-33, 9, 34.23305], "size": [6, 7, 2], "uv": [194, 320]}
				]
			},
			{
				"name": "bone17",
				"parent": "bone13",
				"pivot": [-30, 9, 27],
				"rotation": [0, -108, 0],
				"cubes": [
					{"origin": [-33, 9, 34.23305], "size": [6, 7, 2], "uv": [178, 320]}
				]
			},
			{
				"name": "bone18",
				"parent": "bone13",
				"pivot": [-30, 9, 27],
				"rotation": [0, -144, 0],
				"cubes": [
					{"origin": [-33, 9, 34.23305], "size": [6, 7, 2], "uv": [315, 313]}
				]
			},
			{
				"name": "bone19",
				"parent": "bone13",
				"pivot": [-30, 9, 27],
				"rotation": [0, -180, 0],
				"cubes": [
					{"origin": [-33, 9, 34.23305], "size": [6, 7, 2], "uv": [315, 236]},
					{"origin": [-32.5, 10, 24.5], "size": [5, 5, 5], "uv": [40, 59]}
				]
			},
			{
				"name": "bone20",
				"parent": "bone13",
				"pivot": [-30, 9, 27],
				"rotation": [0, -216, 0],
				"cubes": [
					{"origin": [-33, 9, 34.23305], "size": [6, 7, 2], "uv": [315, 227]}
				]
			},
			{
				"name": "bone21",
				"parent": "bone13",
				"pivot": [-30, 9, 27],
				"rotation": [0, -252, 0],
				"cubes": [
					{"origin": [-33, 9, 34.23305], "size": [6, 7, 2], "uv": [299, 313]},
					{"origin": [-35, 9, 19.23305], "size": [10, 3, 15], "uv": [296, 90]}
				]
			},
			{
				"name": "bone22",
				"parent": "bone13",
				"pivot": [-30, 9, 27],
				"rotation": [0, -288, 0],
				"cubes": [
					{"origin": [-33, 9, 34.23305], "size": [6, 7, 2], "uv": [312, 201]}
				]
			},
			{
				"name": "bone23",
				"parent": "bone13",
				"pivot": [-30, 9, 27],
				"rotation": [0, -324, 0],
				"cubes": [
					{"origin": [-33, 9, 34.23305], "size": [6, 7, 2], "uv": [307, 304]},
					{"origin": [-35, 9, 19.23305], "size": [10, 3, 15], "uv": [296, 72]}
				]
			},
			{
				"name": "bone35",
				"pivot": [-30, 9, 162],
				"rotation": [0, 0, -90]
			},
			{
				"name": "bone36",
				"parent": "bone35",
				"pivot": [-30, 9, 162],
				"cubes": [
					{"origin": [-33, 9, 169.23305], "size": [6, 7, 2], "uv": [77, 257]}
				]
			},
			{
				"name": "bone37",
				"parent": "bone35",
				"pivot": [-30, 9, 162],
				"rotation": [0, -36, 0],
				"cubes": [
					{"origin": [-33, 9, 169.23305], "size": [6, 7, 2], "uv": [54, 257]},
					{"origin": [-35, 9, 154.23305], "size": [10, 3, 15], "uv": [296, 0]}
				]
			},
			{
				"name": "bone38",
				"parent": "bone35",
				"pivot": [-30, 9, 162],
				"rotation": [0, -72, 0],
				"cubes": [
					{"origin": [-33, 9, 169.23305], "size": [6, 7, 2], "uv": [117, 245]}
				]
			},
			{
				"name": "bone39",
				"parent": "bone35",
				"pivot": [-30, 9, 162],
				"rotation": [0, -108, 0],
				"cubes": [
					{"origin": [-33, 9, 169.23305], "size": [6, 7, 2], "uv": [101, 245]}
				]
			},
			{
				"name": "bone40",
				"parent": "bone35",
				"pivot": [-30, 9, 162],
				"rotation": [0, -144, 0],
				"cubes": [
					{"origin": [-33, 9, 169.23305], "size": [6, 7, 2], "uv": [85, 245]}
				]
			},
			{
				"name": "bone41",
				"parent": "bone35",
				"pivot": [-30, 9, 162],
				"rotation": [0, -180, 0],
				"cubes": [
					{"origin": [-33, 9, 169.23305], "size": [6, 7, 2], "uv": [52, 245]},
					{"origin": [-32.5, 10, 159.5], "size": [5, 5, 5], "uv": [0, 59]}
				]
			},
			{
				"name": "bone42",
				"parent": "bone35",
				"pivot": [-30, 9, 162],
				"rotation": [0, -216, 0],
				"cubes": [
					{"origin": [-33, 9, 169.23305], "size": [6, 7, 2], "uv": [120, 227]}
				]
			},
			{
				"name": "bone43",
				"parent": "bone35",
				"pivot": [-30, 9, 162],
				"rotation": [0, -252, 0],
				"cubes": [
					{"origin": [-33, 9, 169.23305], "size": [6, 7, 2], "uv": [0, 128]},
					{"origin": [-35, 9, 154.23305], "size": [10, 3, 15], "uv": [85, 227]}
				]
			},
			{
				"name": "bone44",
				"parent": "bone35",
				"pivot": [-30, 9, 162],
				"rotation": [0, -288, 0],
				"cubes": [
					{"origin": [-33, 9, 169.23305], "size": [6, 7, 2], "uv": [86, 120]}
				]
			},
			{
				"name": "bone45",
				"parent": "bone35",
				"pivot": [-30, 9, 162],
				"rotation": [0, -324, 0],
				"cubes": [
					{"origin": [-33, 9, 169.23305], "size": [6, 7, 2], "uv": [53, 0]},
					{"origin": [-35, 9, 154.23305], "size": [10, 3, 15], "uv": [29, 227]}
				]
			}
		]
	}
}