{
	"format_version": "1.10.0",
	"geometry.model": {
		"texturewidth": 64,
		"textureheight": 64,
		"visible_bounds_width": 3,
		"visible_bounds_height": 4,
		"visible_bounds_offset": [0, 1, 0],
		"bones": [
			{
				"name": "head",
				"pivot": [0, 18, 0],
				"cubes": [
					{"origin": [-4, 18, -4], "size": [8, 8, 8], "uv": [0, 0]},
					{"origin": [-1.5, 26, -1.5], "size": [3, 2, 3], "uv": [24, 27]},
					{"origin": [2, 23, -4.3], "size": [1.5, 1.5, 1.5], "uv": [0, 0]}
				]
			},
			{
				"name": "blink",
				"parent": "head",
				"pivot": [0, 18, 0],
				"cubes": [
					{"origin": [-4, 18, -4.001], "size": [8, 8, 0], "uv": [24, 0]}
				]
			},
			{
				"name": "armRight",
				"pivot": [-3, 17.5, 0],
				"rotation": [0, 0, 25],
				"cubes": [
					{"origin": [-5, 8.5, -1], "size": [2, 8, 2], "uv": [12, 44]},
					{"origin": [-5.5, 10.5, -1.5], "size": [3, 7, 3], "uv": [40, 0]}
				]
			},
			{
				"name": "armLeft",
				"pivot": [3, 17.5, 0],
				"rotation": [0, 0, -25],
				"cubes": [
					{"origin": [2.5, 11.5, -1.5], "size": [3, 6, 3], "uv": [39, 16]},
					{"origin": [3, 8.5, -1], "size": [2, 8, 2], "uv": [41, 34]}
				]
			},
			{
				"name": "body",
				"pivot": [0, 10.5, 0],
				"cubes": [
					{"origin": [-3, 8.999, -3], "size": [6, 9, 6], "uv": [27, 10]},
					{"origin": [-0.5, 14, -3.1], "size": [1, 3, 0], "uv": [22, 20], "inflate": 0.01}
				]
			},
			{
				"name": "sittingRotationSkirt",
				"parent": "body",
				"pivot": [0, 10.5, 0]
			},
			{
				"name": "bone",
				"parent": "sittingRotationSkirt",
				"pivot": [0, 17.5, 0]
			},
			{
				"name": "bone3",
				"parent": "bone",
				"pivot": [0, 7, 0]
			},
			{
				"name": "bone4",
				"parent": "bone3",
				"pivot": [0, 7, 3.97051],
				"rotation": [10, 0, 0],
				"cubes": [
					{"origin": [-2, 6.65782, 3.97051], "size": [4, 5, 0], "uv": [9, 17], "inflate": 0.01}
				]
			},
			{
				"name": "bone5",
				"parent": "bone4",
				"pivot": [-2, 6.65782, 3.97051],
				"rotation": [0, 0, 9.85108],
				"cubes": [
					{"origin": [-4, 6.65782, 3.96951], "size": [2, 5, 0], "uv": [9, 17], "inflate": 0.01}
				]
			},
			{
				"name": "bone6",
				"parent": "bone4",
				"pivot": [2, 6.65782, 3.97051],
				"rotation": [0, 0, -9.85108],
				"cubes": [
					{"origin": [2, 6.65782, 3.97151], "size": [2, 5, 0], "uv": [9, 17], "inflate": 0.01}
				]
			},
			{
				"name": "bone7",
				"parent": "bone",
				"pivot": [0, 7, 0],
				"rotation": [0, -90, 0]
			},
			{
				"name": "bone8",
				"parent": "bone7",
				"pivot": [0, 7, 3.97051],
				"rotation": [10, 0, 0],
				"cubes": [
					{"origin": [-2, 6.65782, 3.97051], "size": [4, 5, 0], "uv": [9, 17], "inflate": 0.01}
				]
			},
			{
				"name": "bone9",
				"parent": "bone8",
				"pivot": [-2, 6.65782, 3.97051],
				"rotation": [0, 0, 9.85108],
				"cubes": [
					{"origin": [-4, 6.65782, 3.96951], "size": [2, 5, 0], "uv": [9, 17], "inflate": 0.01}
				]
			},
			{
				"name": "bone10",
				"parent": "bone8",
				"pivot": [2, 6.65782, 3.97051],
				"rotation": [0, 0, -9.85108],
				"cubes": [
					{"origin": [2, 6.65782, 3.97151], "size": [2, 5, 0], "uv": [9, 17], "inflate": 0.01}
				]
			},
			{
				"name": "bone11",
				"parent": "bone",
				"pivot": [0, 7, 0],
				"rotation": [0, -180, 0]
			},
			{
				"name": "bone12",
				"parent": "bone11",
				"pivot": [0, 7, 3.97051],
				"rotation": [10, 0, 0],
				"cubes": [
					{"origin": [-2, 6.65782, 3.97051], "size": [4, 5, 0], "uv": [9, 17], "inflate": 0.01}
				]
			},
			{
				"name": "bone13",
				"parent": "bone12",
				"pivot": [-2, 6.65782, 3.97051],
				"rotation": [0, 0, 9.85108],
				"cubes": [
					{"origin": [-4, 6.65782, 3.96951], "size": [2, 5, 0], "uv": [9, 17], "inflate": 0.01}
				]
			},
			{
				"name": "bone14",
				"parent": "bone12",
				"pivot": [2, 6.65782, 3.97051],
				"rotation": [0, 0, -9.85108],
				"cubes": [
					{"origin": [2, 6.65782, 3.97151], "size": [2, 5, 0], "uv": [9, 17], "inflate": 0.01}
				]
			},
			{
				"name": "bone15",
				"parent": "bone",
				"pivot": [0, 7, 0],
				"rotation": [0, -270, 0]
			},
			{
				"name": "bone16",
				"parent": "bone15",
				"pivot": [0, 7, 3.97051],
				"rotation": [10, 0, 0],
				"cubes": [
					{"origin": [-2, 6.65782, 3.97051], "size": [4, 5, 0], "uv": [9, 17], "inflate": 0.01}
				]
			},
			{
				"name": "bone17",
				"parent": "bone16",
				"pivot": [-2, 6.65782, 3.97051],
				"rotation": [0, 0, 9.85108],
				"cubes": [
					{"origin": [-4, 6.65782, 3.96951], "size": [2, 5, 0], "uv": [9, 17], "inflate": 0.01}
				]
			},
			{
				"name": "bone18",
				"parent": "bone16",
				"pivot": [2, 6.65782, 3.97051],
				"rotation": [0, 0, -9.85108],
				"cubes": [
					{"origin": [2, 6.65782, 3.97151], "size": [2, 5, 0], "uv": [9, 17], "inflate": 0.01}
				]
			},
			{
				"name": "legLeft",
				"pivot": [2, 9, 0],
				"cubes": [
					{"origin": [0.499, 0, -1.5], "size": [3, 9, 3], "uv": [0, 37]}
				]
			},
			{
				"name": "legRight",
				"pivot": [-2, 9, 0],
				"cubes": [
					{"origin": [-3.499, 0, -1.5], "size": [3, 9, 3], "uv": [29, 34]}
				]
			}
		]
	}
}