{
	"format_version": "1.10.0",
	"geometry.model": {
		"texturewidth": 64,
		"textureheight": 64,
		"visible_bounds_width": 3,
		"visible_bounds_height": 4,
		"visible_bounds_offset": [0, 1, 0],
		"bones": [
			{
				"name": "head",
				"pivot": [0, 18, 0],
				"cubes": [
					{"origin": [-4, 18, -4], "size": [8, 8, 8], "uv": [0, 0]},
					{"origin": [-1.5, 26, -1.5], "size": [3, 2, 3], "uv": [24, 27]},
					{"origin": [2, 23, -4.3], "size": [1.5, 1.5, 1.5], "uv": [0, 0]}
				]
			},
			{
				"name": "blink",
				"parent": "head",
				"pivot": [0, 18, 0],
				"cubes": [
					{"origin": [-4, 18, -4.001], "size": [8, 8, 0], "uv": [24, 0]}
				]
			},
			{
				"name": "armRight",
				"pivot": [-3, 17.5, 0],
				"rotation": [0, 0, 25],
				"cubes": [
					{"origin": [-5, 8.5, -1], "size": [2, 8, 2], "uv": [12, 44]},
					{"origin": [-5.5, 13.5, -1.5], "size": [3, 4, 3], "uv": [40, 0]}
				]
			},
			{
				"name": "armLeft",
				"pivot": [3, 17.5, 0],
				"rotation": [0, 0, -25],
				"cubes": [
					{"origin": [2.5, 13.5, -1.5], "size": [3, 4, 3], "uv": [12, 37]},
					{"origin": [3, 8.5, -1], "size": [2, 8, 2], "uv": [41, 34]}
				]
			},
			{
				"name": "body",
				"pivot": [0, 10.5, 0],
				"cubes": [
					{"origin": [-3, 8.999, -3], "size": [6, 9, 6], "uv": [27, 10]}
				]
			},
			{
				"name": "bone2",
				"parent": "body",
				"pivot": [1, 15.5, -1],
				"rotation": [0, 0, -45],
				"cubes": [
					{"origin": [0, 15.5, -3.1], "size": [2, 2, 0], "uv": [56, 3]}
				]
			},
			{
				"name": "sittingRotationSkirt",
				"parent": "body",
				"pivot": [0, 10.5, 0]
			},
			{
				"name": "bone",
				"parent": "sittingRotationSkirt",
				"pivot": [0, 16.5, 0]
			},
			{
				"name": "bone3",
				"parent": "bone",
				"pivot": [0, 6, 0]
			},
			{
				"name": "bone4",
				"parent": "bone3",
				"pivot": [0, 6, 5.27792],
				"rotation": [23, 0, 0]
			},
			{
				"name": "bone5",
				"parent": "bone4",
				"pivot": [0, 6, 5.27792],
				"rotation": [0, -45, 0],
				"cubes": [
					{"origin": [-1, 6, 4.27792], "size": [2, 6, 2], "uv": [55, 10]}
				]
			},
			{
				"name": "bone6",
				"parent": "bone",
				"pivot": [0, 6, 0],
				"rotation": [0, -30, 0]
			},
			{
				"name": "bone7",
				"parent": "bone6",
				"pivot": [0, 6, 5.27792],
				"rotation": [23, 0, 0]
			},
			{
				"name": "bone8",
				"parent": "bone7",
				"pivot": [0, 6, 5.27792],
				"rotation": [0, -45, 0],
				"cubes": [
					{"origin": [-1, 6, 4.27792], "size": [2, 6, 2], "uv": [55, 10]}
				]
			},
			{
				"name": "bone9",
				"parent": "bone",
				"pivot": [0, 6, 0],
				"rotation": [0, -60, 0]
			},
			{
				"name": "bone10",
				"parent": "bone9",
				"pivot": [0, 6, 5.27792],
				"rotation": [23, 0, 0]
			},
			{
				"name": "bone11",
				"parent": "bone10",
				"pivot": [0, 6, 5.27792],
				"rotation": [0, -45, 0],
				"cubes": [
					{"origin": [-1, 6, 4.27792], "size": [2, 6, 2], "uv": [55, 10]}
				]
			},
			{
				"name": "bone12",
				"parent": "bone",
				"pivot": [0, 6, 0],
				"rotation": [0, -90, 0]
			},
			{
				"name": "bone13",
				"parent": "bone12",
				"pivot": [0, 6, 5.27792],
				"rotation": [23, 0, 0]
			},
			{
				"name": "bone14",
				"parent": "bone13",
				"pivot": [0, 6, 5.27792],
				"rotation": [0, -45, 0],
				"cubes": [
					{"origin": [-1, 6, 4.27792], "size": [2, 6, 2], "uv": [55, 10]}
				]
			},
			{
				"name": "bone15",
				"parent": "bone",
				"pivot": [0, 6, 0],
				"rotation": [0, -120, 0]
			},
			{
				"name": "bone16",
				"parent": "bone15",
				"pivot": [0, 6, 5.27792],
				"rotation": [23, 0, 0]
			},
			{
				"name": "bone17",
				"parent": "bone16",
				"pivot": [0, 6, 5.27792],
				"rotation": [0, -45, 0],
				"cubes": [
					{"origin": [-1, 6, 4.27792], "size": [2, 6, 2], "uv": [55, 10]}
				]
			},
			{
				"name": "bone18",
				"parent": "bone",
				"pivot": [0, 6, 0],
				"rotation": [0, -150, 0]
			},
			{
				"name": "bone19",
				"parent": "bone18",
				"pivot": [0, 6, 5.27792],
				"rotation": [23, 0, 0]
			},
			{
				"name": "bone20",
				"parent": "bone19",
				"pivot": [0, 6, 5.27792],
				"rotation": [0, -45, 0],
				"cubes": [
					{"origin": [-1, 6, 4.27792], "size": [2, 6, 2], "uv": [55, 10]}
				]
			},
			{
				"name": "bone21",
				"parent": "bone",
				"pivot": [0, 6, 0],
				"rotation": [0, -180, 0]
			},
			{
				"name": "bone22",
				"parent": "bone21",
				"pivot": [0, 6, 5.27792],
				"rotation": [23, 0, 0]
			},
			{
				"name": "bone23",
				"parent": "bone22",
				"pivot": [0, 6, 5.27792],
				"rotation": [0, -45, 0],
				"cubes": [
					{"origin": [-1, 6, 4.27792], "size": [2, 6, 2], "uv": [55, 10]}
				]
			},
			{
				"name": "bone24",
				"parent": "bone",
				"pivot": [0, 6, 0],
				"rotation": [0, -210, 0]
			},
			{
				"name": "bone25",
				"parent": "bone24",
				"pivot": [0, 6, 5.27792],
				"rotation": [23, 0, 0]
			},
			{
				"name": "bone26",
				"parent": "bone25",
				"pivot": [0, 6, 5.27792],
				"rotation": [0, -45, 0],
				"cubes": [
					{"origin": [-1, 6, 4.27792], "size": [2, 6, 2], "uv": [55, 10]}
				]
			},
			{
				"name": "bone27",
				"parent": "bone",
				"pivot": [0, 6, 0],
				"rotation": [0, -240, 0]
			},
			{
				"name": "bone28",
				"parent": "bone27",
				"pivot": [0, 6, 5.27792],
				"rotation": [23, 0, 0]
			},
			{
				"name": "bone29",
				"parent": "bone28",
				"pivot": [0, 6, 5.27792],
				"rotation": [0, -45, 0],
				"cubes": [
					{"origin": [-1, 6, 4.27792], "size": [2, 6, 2], "uv": [55, 10]}
				]
			},
			{
				"name": "bone30",
				"parent": "bone",
				"pivot": [0, 6, 0],
				"rotation": [0, -270, 0]
			},
			{
				"name": "bone31",
				"parent": "bone30",
				"pivot": [0, 6, 5.27792],
				"rotation": [23, 0, 0]
			},
			{
				"name": "bone32",
				"parent": "bone31",
				"pivot": [0, 6, 5.27792],
				"rotation": [0, -45, 0],
				"cubes": [
					{"origin": [-1, 6, 4.27792], "size": [2, 6, 2], "uv": [55, 10]}
				]
			},
			{
				"name": "bone33",
				"parent": "bone",
				"pivot": [0, 6, 0],
				"rotation": [0, -300, 0]
			},
			{
				"name": "bone34",
				"parent": "bone33",
				"pivot": [0, 6, 5.27792],
				"rotation": [23, 0, 0]
			},
			{
				"name": "bone35",
				"parent": "bone34",
				"pivot": [0, 6, 5.27792],
				"rotation": [0, -45, 0],
				"cubes": [
					{"origin": [-1, 6, 4.27792], "size": [2, 6, 2], "uv": [55, 10]}
				]
			},
			{
				"name": "bone36",
				"parent": "bone",
				"pivot": [0, 6, 0],
				"rotation": [0, -330, 0]
			},
			{
				"name": "bone37",
				"parent": "bone36",
				"pivot": [0, 6, 5.27792],
				"rotation": [23, 0, 0]
			},
			{
				"name": "bone38",
				"parent": "bone37",
				"pivot": [0, 6, 5.27792],
				"rotation": [0, -45, 0],
				"cubes": [
					{"origin": [-1, 6, 4.27792], "size": [2, 6, 2], "uv": [55, 10]}
				]
			},
			{
				"name": "legLeft",
				"pivot": [2, 9, 0],
				"cubes": [
					{"origin": [0.499, 0, -1.5], "size": [3, 9, 3], "uv": [0, 37]}
				]
			},
			{
				"name": "legRight",
				"pivot": [-2, 9, 0],
				"cubes": [
					{"origin": [-3.499, 0, -1.5], "size": [3, 9, 3], "uv": [29, 34]}
				]
			}
		]
	}
}