{
	"format_version": "1.10.0",
	"geometry.model": {
		"texturewidth": 256,
		"textureheight": 256,
		"visible_bounds_width": 7,
		"visible_bounds_height": 3.5,
		"visible_bounds_offset": [0, 1.25, 0],
		"bones": [
			{
				"name": "all",
				"pivot": [-3, 0, -28],
				"rotation": [0, 90, 0]
			},
			{
				"name": "trailer",
				"parent": "all",
				"pivot": [-44, 5, -28],
				"cubes": [
					{"origin": [-51, 5, -29.5], "size": [7, 1, 3], "uv": [60, 7]},
					{"origin": [-50, 6, -28.5], "size": [1, 1, 1], "uv": [18, 7]},
					{"origin": [-51, 7, -29.5], "size": [7, 1, 3], "uv": [54, 46]}
				]
			},
			{
				"name": "bone32",
				"parent": "all",
				"pivot": [-34, 7, -39],
				"rotation": [90, 0, 0]
			},
			{
				"name": "bone33",
				"parent": "bone32",
				"pivot": [-34, 7, -39],
				"cubes": [
					{"origin": [-36, 7, -33.84463], "size": [4, 2, 1], "uv": [12, 63]},
					{"origin": [-36, 7, -44.84463], "size": [4, 1, 11], "uv": [15, 125]},
					{"origin": [-37, 8, -41.84463], "size": [6, 1, 6], "uv": [0, 0]}
				]
			},
			{
				"name": "bone34",
				"parent": "bone32",
				"pivot": [-34, 7, -39],
				"rotation": [0, -36, 0],
				"cubes": [
					{"origin": [-36, 7, -33.84463], "size": [4, 2, 1], "uv": [57, 62]}
				]
			},
			{
				"name": "bone35",
				"parent": "bone32",
				"pivot": [-34, 7, -39],
				"rotation": [0, -72, 0],
				"cubes": [
					{"origin": [-36, 7, -33.84463], "size": [4, 2, 1], "uv": [12, 60]}
				]
			},
			{
				"name": "bone36",
				"parent": "bone32",
				"pivot": [-34, 7, -39],
				"rotation": [0, -108, 0],
				"cubes": [
					{"origin": [-36, 7, -33.84463], "size": [4, 2, 1], "uv": [12, 46]}
				]
			},
			{
				"name": "bone37",
				"parent": "bone32",
				"pivot": [-34, 7, -39],
				"rotation": [0, -144, 0],
				"cubes": [
					{"origin": [-36, 7, -33.84463], "size": [4, 2, 1], "uv": [12, 43]}
				]
			},
			{
				"name": "bone38",
				"parent": "bone32",
				"pivot": [-34, 7, -39],
				"rotation": [0, -180, 0],
				"cubes": [
					{"origin": [-36, 7, -33.84463], "size": [4, 2, 1], "uv": [12, 39]}
				]
			},
			{
				"name": "bone39",
				"parent": "bone32",
				"pivot": [-34, 7, -39],
				"rotation": [0, -216, 0],
				"cubes": [
					{"origin": [-36, 7, -33.84463], "size": [4, 2, 1], "uv": [12, 36]},
					{"origin": [-36, 7, -44.84463], "size": [4, 1, 11], "uv": [118, 86]}
				]
			},
			{
				"name": "bone40",
				"parent": "bone32",
				"pivot": [-34, 7, -39],
				"rotation": [0, -252, 0],
				"cubes": [
					{"origin": [-36, 7, -33.84463], "size": [4, 2, 1], "uv": [12, 32]},
					{"origin": [-36, 7, -44.84463], "size": [4, 1, 11], "uv": [118, 74]}
				]
			},
			{
				"name": "bone41",
				"parent": "bone32",
				"pivot": [-34, 7, -39],
				"rotation": [0, -288, 0],
				"cubes": [
					{"origin": [-36, 7, -33.84463], "size": [4, 2, 1], "uv": [12, 29]},
					{"origin": [-36, 7, -44.84463], "size": [4, 1, 11], "uv": [14, 112]}
				]
			},
			{
				"name": "bone42",
				"parent": "bone32",
				"pivot": [-34, 7, -39],
				"rotation": [0, -324, 0],
				"cubes": [
					{"origin": [-36, 7, -33.84463], "size": [4, 2, 1], "uv": [14, 21]},
					{"origin": [-36, 7, -44.84463], "size": [4, 1, 11], "uv": [64, 104]}
				]
			},
			{
				"name": "bone21",
				"parent": "all",
				"pivot": [-34, 7, -17],
				"rotation": [-90, 0, 0]
			},
			{
				"name": "bone22",
				"parent": "bone21",
				"pivot": [-34, 7, -17],
				"cubes": [
					{"origin": [-36, 7, -11.84463], "size": [4, 2, 1], "uv": [57, 68]},
					{"origin": [-36, 7, -22.84463], "size": [4, 1, 11], "uv": [64, 132]},
					{"origin": [-37, 8, -19.84463], "size": [6, 1, 6], "uv": [0, 7]}
				]
			},
			{
				"name": "bone23",
				"parent": "bone21",
				"pivot": [-34, 7, -17],
				"rotation": [0, -36, 0],
				"cubes": [
					{"origin": [-36, 7, -11.84463], "size": [4, 2, 1], "uv": [67, 11]}
				]
			},
			{
				"name": "bone24",
				"parent": "bone21",
				"pivot": [-34, 7, -17],
				"rotation": [0, -72, 0],
				"cubes": [
					{"origin": [-36, 7, -11.84463], "size": [4, 2, 1], "uv": [10, 67]}
				]
			},
			{
				"name": "bone25",
				"parent": "bone21",
				"pivot": [-34, 7, -17],
				"rotation": [0, -108, 0],
				"cubes": [
					{"origin": [-36, 7, -11.84463], "size": [4, 2, 1], "uv": [0, 67]}
				]
			},
			{
				"name": "bone26",
				"parent": "bone21",
				"pivot": [-34, 7, -17],
				"rotation": [0, -144, 0],
				"cubes": [
					{"origin": [-36, 7, -11.84463], "size": [4, 2, 1], "uv": [48, 66]}
				]
			},
			{
				"name": "bone27",
				"parent": "bone21",
				"pivot": [-34, 7, -17],
				"rotation": [0, -180, 0],
				"cubes": [
					{"origin": [-36, 7, -11.84463], "size": [4, 2, 1], "uv": [66, 42]}
				]
			},
			{
				"name": "bone28",
				"parent": "bone21",
				"pivot": [-34, 7, -17],
				"rotation": [0, -216, 0],
				"cubes": [
					{"origin": [-36, 7, -11.84463], "size": [4, 2, 1], "uv": [66, 39]},
					{"origin": [-36, 7, -22.84463], "size": [4, 1, 11], "uv": [34, 132]}
				]
			},
			{
				"name": "bone29",
				"parent": "bone21",
				"pivot": [-34, 7, -17],
				"rotation": [0, -252, 0],
				"cubes": [
					{"origin": [-36, 7, -11.84463], "size": [4, 2, 1], "uv": [66, 35]},
					{"origin": [-36, 7, -22.84463], "size": [4, 1, 11], "uv": [132, 12]}
				]
			},
			{
				"name": "bone30",
				"parent": "bone21",
				"pivot": [-34, 7, -17],
				"rotation": [0, -288, 0],
				"cubes": [
					{"origin": [-36, 7, -11.84463], "size": [4, 2, 1], "uv": [66, 32]},
					{"origin": [-36, 7, -22.84463], "size": [4, 1, 11], "uv": [132, 0]}
				]
			},
			{
				"name": "bone31",
				"parent": "bone21",
				"pivot": [-34, 7, -17],
				"rotation": [0, -324, 0],
				"cubes": [
					{"origin": [-36, 7, -11.84463], "size": [4, 2, 1], "uv": [59, 65]},
					{"origin": [-36, 7, -22.84463], "size": [4, 1, 11], "uv": [129, 128]}
				]
			},
			{
				"name": "body",
				"parent": "all",
				"pivot": [-3, 0, -28],
				"cubes": [
					{"origin": [2, 4, -40], "size": [6, 5, 24], "uv": [0, 83]},
					{"origin": [-10, 9, -40], "size": [2, 14, 24], "uv": [46, 62]},
					{"origin": [-40, 14, -40], "size": [12, 2, 24], "uv": [52, 36]},
					{"origin": [-30, 16, -40], "size": [1, 5, 1], "uv": [18, 0]},
					{"origin": [-30, 16, -17], "size": [1, 5, 1], "uv": [0, 7]},
					{"origin": [-37, 16, -40], "size": [1, 5, 1], "uv": [0, 14]},
					{"origin": [-39, 16, -39], "size": [1, 7, 1], "uv": [52, 69]},
					{"origin": [-39, 16, -18], "size": [1, 7, 1], "uv": [48, 69]},
					{"origin": [-37, 16, -17], "size": [1, 5, 1], "uv": [0, 0]},
					{"origin": [-36, 20, -40], "size": [6, 1, 1], "uv": [60, 21]},
					{"origin": [-36, 20, -17], "size": [6, 1, 1], "uv": [0, 21]},
					{"origin": [-37, 16, -38], "size": [9, 2, 20], "uv": [104, 52]},
					{"origin": [-42, 4, -39], "size": [16, 9, 22], "uv": [0, 29]},
					{"origin": [-41, 13, -39], "size": [13, 1, 22], "uv": [0, 60]},
					{"origin": [-8, 9, -34], "size": [15, 12, 12], "uv": [116, 104]},
					{"origin": [-26, 4, -40], "size": [18, 5, 24], "uv": [0, 0]},
					{"origin": [-44, 4, -40], "size": [2, 5, 24], "uv": [104, 0]},
					{"origin": [-8, 8, -40], "size": [10, 1, 24], "uv": [60, 5]},
					{"origin": [-8, 4, -39], "size": [10, 4, 22], "uv": [76, 78]}
				]
			},
			{
				"name": "bone45",
				"parent": "body",
				"pivot": [-10, 20, -30],
				"rotation": [0, 0, 25],
				"cubes": [
					{"origin": [-14, 21, -31], "size": [4, 4, 12], "uv": [74, 62]}
				]
			},
			{
				"name": "bone46",
				"parent": "body",
				"pivot": [-10, 11, -23],
				"rotation": [0, 0, 42.5],
				"cubes": [
					{"origin": [-28, 12, -24], "size": [18, 1, 1], "uv": [54, 30]}
				]
			},
			{
				"name": "bone47",
				"parent": "body",
				"pivot": [-24, 21, -25],
				"rotation": [0, 0, 42.5],
				"cubes": [
					{"origin": [-25, 22, -26], "size": [1, 5, 5], "uv": [60, 11]}
				]
			},
			{
				"name": "bone44",
				"parent": "body",
				"pivot": [-37, 16, -37],
				"rotation": [0, 0, 80],
				"cubes": [
					{"origin": [-49, 16, -38], "size": [12, 2, 20], "uv": [100, 30]}
				]
			},
			{
				"name": "bone20",
				"parent": "body",
				"pivot": [-24, 9, -39],
				"rotation": [0, 0, -25],
				"cubes": [
					{"origin": [-26, 9, -40], "size": [2, 8, 24], "uv": [88, 104]}
				]
			},
			{
				"name": "bone43",
				"parent": "body",
				"pivot": [-44, 9, -39],
				"rotation": [0, 0, 25],
				"cubes": [
					{"origin": [-44, 9, -40], "size": [2, 8, 24], "uv": [36, 100]}
				]
			},
			{
				"name": "bone19",
				"parent": "body",
				"pivot": [8, 9, -33],
				"rotation": [0, 0, -5],
				"cubes": [
					{"origin": [7, 9, -34], "size": [1, 12, 12], "uv": [0, 112]}
				]
			},
			{
				"name": "bone10",
				"parent": "all",
				"pivot": [-3, 4, -39],
				"rotation": [90, 0, 0]
			},
			{
				"name": "bone11",
				"parent": "bone10",
				"pivot": [-3, 4, -39],
				"cubes": [
					{"origin": [-4.5, 4, -36.37868], "size": [3, 2, 1], "uv": [0, 73]},
					{"origin": [-4.5, 5, -40.37868], "size": [3, 1, 3], "uv": [12, 14]}
				]
			},
			{
				"name": "bone12",
				"parent": "bone10",
				"pivot": [-3, 4, -39],
				"rotation": [0, -45, 0],
				"cubes": [
					{"origin": [-4.5, 4, -36.37868], "size": [3, 2, 1], "uv": [72, 17]}
				]
			},
			{
				"name": "bone13",
				"parent": "bone10",
				"pivot": [-3, 4, -39],
				"rotation": [0, -90, 0],
				"cubes": [
					{"origin": [-4.5, 4, -36.37868], "size": [3, 2, 1], "uv": [72, 14]}
				]
			},
			{
				"name": "bone14",
				"parent": "bone10",
				"pivot": [-3, 4, -39],
				"rotation": [0, -135, 0],
				"cubes": [
					{"origin": [-4.5, 4, -36.37868], "size": [3, 2, 1], "uv": [72, 3]},
					{"origin": [-4.5, 4, -42.37868], "size": [3, 1, 6], "uv": [0, 43]}
				]
			},
			{
				"name": "bone15",
				"parent": "bone10",
				"pivot": [-3, 4, -39],
				"rotation": [0, -180, 0],
				"cubes": [
					{"origin": [-4.5, 4, -36.37868], "size": [3, 2, 1], "uv": [72, 0]},
					{"origin": [-4.5, 4, -42.37868], "size": [3, 1, 6], "uv": [0, 36]}
				]
			},
			{
				"name": "bone16",
				"parent": "bone10",
				"pivot": [-3, 4, -39],
				"rotation": [0, -225, 0],
				"cubes": [
					{"origin": [-4.5, 4, -36.37868], "size": [3, 2, 1], "uv": [56, 71]},
					{"origin": [-4.5, 4, -42.37868], "size": [3, 1, 6], "uv": [0, 29]}
				]
			},
			{
				"name": "bone17",
				"parent": "bone10",
				"pivot": [-3, 4, -39],
				"rotation": [0, -270, 0],
				"cubes": [
					{"origin": [-4.5, 4, -36.37868], "size": [3, 2, 1], "uv": [8, 70]},
					{"origin": [-4.5, 4, -42.37868], "size": [3, 1, 6], "uv": [0, 14]}
				]
			},
			{
				"name": "bone18",
				"parent": "bone10",
				"pivot": [-3, 4, -39],
				"rotation": [0, -315, 0],
				"cubes": [
					{"origin": [-4.5, 4, -36.37868], "size": [3, 2, 1], "uv": [0, 70]}
				]
			},
			{
				"name": "bone",
				"parent": "all",
				"pivot": [-3, 4, -17],
				"rotation": [-90, 0, 0]
			},
			{
				"name": "bone2",
				"parent": "bone",
				"pivot": [-3, 4, -17],
				"cubes": [
					{"origin": [-4.5, 4, -14.37868], "size": [3, 2, 1], "uv": [0, 76]},
					{"origin": [-4.5, 5, -18.37868], "size": [3, 1, 3], "uv": [48, 62]}
				]
			},
			{
				"name": "bone3",
				"parent": "bone",
				"pivot": [-3, 4, -17],
				"rotation": [0, -45, 0],
				"cubes": [
					{"origin": [-4.5, 4, -14.37868], "size": [3, 2, 1], "uv": [74, 71]}
				]
			},
			{
				"name": "bone4",
				"parent": "bone",
				"pivot": [-3, 4, -17],
				"rotation": [0, -90, 0],
				"cubes": [
					{"origin": [-4.5, 4, -14.37868], "size": [3, 2, 1], "uv": [74, 68]}
				]
			},
			{
				"name": "bone5",
				"parent": "bone",
				"pivot": [-3, 4, -17],
				"rotation": [0, -135, 0],
				"cubes": [
					{"origin": [-4.5, 4, -14.37868], "size": [3, 2, 1], "uv": [74, 65]},
					{"origin": [-4.5, 4, -20.37868], "size": [3, 1, 6], "uv": [0, 60]}
				]
			},
			{
				"name": "bone6",
				"parent": "bone",
				"pivot": [-3, 4, -17],
				"rotation": [0, -180, 0],
				"cubes": [
					{"origin": [-4.5, 4, -14.37868], "size": [3, 2, 1], "uv": [74, 62]},
					{"origin": [-4.5, 4, -20.37868], "size": [3, 1, 6], "uv": [54, 32]}
				]
			},
			{
				"name": "bone7",
				"parent": "bone",
				"pivot": [-3, 4, -17],
				"rotation": [0, -225, 0],
				"cubes": [
					{"origin": [-4.5, 4, -14.37868], "size": [3, 2, 1], "uv": [56, 74]},
					{"origin": [-4.5, 4, -20.37868], "size": [3, 1, 6], "uv": [60, 0]}
				]
			},
			{
				"name": "bone8",
				"parent": "bone",
				"pivot": [-3, 4, -17],
				"rotation": [0, -270, 0],
				"cubes": [
					{"origin": [-4.5, 4, -14.37868], "size": [3, 2, 1], "uv": [74, 20]},
					{"origin": [-4.5, 4, -20.37868], "size": [3, 1, 6], "uv": [54, 39]}
				]
			},
			{
				"name": "bone9",
				"parent": "bone",
				"pivot": [-3, 4, -17],
				"rotation": [0, -315, 0],
				"cubes": [
					{"origin": [-4.5, 4, -14.37868], "size": [3, 2, 1], "uv": [8, 73]}
				]
			}
		]
	}
}