{
	"format_version": "1.10.0",
	"geometry.model": {
		"texturewidth": 64,
		"textureheight": 64,
		"visible_bounds_width": 3,
		"visible_bounds_height": 3.5,
		"visible_bounds_offset": [0, 1.25, 0],
		"bones": [
			{
				"name": "body",
				"pivot": [0, 0, 0],
				"cubes": [
					{"origin": [-12, 16, -3], "size": [24, 14, 1], "uv": [0, 0]},
					{"origin": [-7, 2, -3], "size": [14, 1, 7], "uv": [0, 15]},
					{"origin": [-5, 19, -2], "size": [10, 5, 1], "uv": [35, 15]},
					{"origin": [-5, 2, -1], "size": [10, 22, 1], "uv": [0, 23]},
					{"origin": [-8, 2, -5], "size": [1, 1, 11], "uv": [22, 23]},
					{"origin": [7, 2, -5], "size": [1, 1, 11], "uv": [11, 35]}
				]
			},
			{
				"name": "left",
				"pivot": [-13, 15, -2],
				"rotation": [0, -20, 0],
				"cubes": [
					{"origin": [-15, 16, -3.5], "size": [3, 14, 1], "uv": [43, 35]}
				]
			},
			{
				"name": "right",
				"pivot": [14, 15, -2],
				"rotation": [0, 20, 0],
				"cubes": [
					{"origin": [12.2, 16, -3.5], "size": [3, 14, 1], "uv": [35, 35]}
				]
			},
			{
				"name": "Wheel",
				"pivot": [-7, 1, -4],
				"rotation": [0, 15, 0],
				"cubes": [
					{"origin": [-9, 2, -5], "size": [2, -2, 1], "uv": [0, 0]}
				]
			},
			{
				"name": "Wheel2",
				"pivot": [8, 0, -4],
				"rotation": [0, -15, 0],
				"cubes": [
					{"origin": [6, 0, -5], "size": [2, 2, 1], "uv": [22, 23]}
				]
			},
			{
				"name": "Wheel3",
				"pivot": [8, 0, 6],
				"rotation": [0, 15, 0],
				"cubes": [
					{"origin": [6, 0, 5], "size": [2, 2, 1], "uv": [0, 18]}
				]
			},
			{
				"name": "Wheel4",
				"pivot": [-7, 0, 6],
				"rotation": [0, 30, 0],
				"cubes": [
					{"origin": [-9, 0, 5], "size": [2, 2, 1], "uv": [0, 15]}
				]
			}
		]
	}
}