{
	"format_version": "1.10.0",
	"geometry.model": {
		"texturewidth": 64,
		"textureheight": 64,
		"visible_bounds_width": 2,
		"visible_bounds_height": 2.5,
		"visible_bounds_offset": [0, 0.75, 0],
		"bones": [
			{
				"name": "body",
				"pivot": [1, 6, 3],
				"cubes": [
					{"origin": [-5, 0, -7], "size": [10, 1, 4], "uv": [0, 11]},
					{"origin": [6, 0, -7], "size": [2, 1, 3], "uv": [18, 16]},
					{"origin": [-2, 6, 2], "size": [4, 1, 1], "uv": [18, 20]},
					{"origin": [-3, 0, -1], "size": [6, 1, 6], "uv": [0, 16]},
					{"origin": [-8, 4, 1], "size": [16, 10, 1], "uv": [0, 0]}
				]
			},
			{
				"name": "bone",
				"pivot": [1, 1, 5],
				"rotation": [25, 0, 0],
				"cubes": [
					{"origin": [1.5, 1, 4], "size": [1, 6, 1], "uv": [4, 23]},
					{"origin": [-2.5, 1, 4], "size": [1, 6, 1], "uv": [0, 23]}
				]
			}
		]
	}
}