{
	"format_version": "1.10.0",
	"geometry.model": {
		"texturewidth": 32,
		"textureheight": 32,
		"visible_bounds_width": 2,
		"visible_bounds_height": 1.5,
		"visible_bounds_offset": [0, 0.25, 0],
		"bones": [
			{
				"name": "tablet",
				"pivot": [0, 0, 0],
				"rotation": [-25, 0, 0],
				"cubes": [
					{"origin": [-5, 0, -1], "size": [10, 7, 1], "uv": [0, 8]}
				]
			},
			{
				"name": "zhijiia",
				"parent": "tablet",
				"pivot": [0, 0, 0],
				"rotation": [50, 0, 0],
				"cubes": [
					{"origin": [-5, -1, 2], "size": [10, 3.5, 1], "uv": [0, 16]},
					{"origin": [0.1, 1, 2.1], "size": [1, 1, 1], "uv": [0, 20]},
					{"origin": [-1.1, 1, 2.1], "size": [1, 1, 1], "uv": [0, 20]},
					{"origin": [-1.1, -0.1, 2.1], "size": [1, 1, 1], "uv": [0, 20]},
					{"origin": [0.1, -0.1, 2.1], "size": [1, 1, 1], "uv": [0, 20]}
				]
			},
			{
				"name": "tablet2",
				"pivot": [0, 0, 0],
				"rotation": [92.5, 0, 0],
				"cubes": [
					{"origin": [-5, 0.5, 0], "size": [10, 7, 1], "uv": [0, 0]}
				]
			}
		]
	}
}