{
	"format_version": "1.10.0",
	"geometry.model": {
		"texturewidth": 64,
		"textureheight": 64,
		"visible_bounds_width": 2,
		"visible_bounds_height": 2.5,
		"visible_bounds_offset": [0, 0.75, 0],
		"bones": [
			{
				"name": "bb_main",
				"pivot": [0, 0, 0],
				"cubes": [
					{"origin": [-5, 0, -5], "size": [10, 1, 10], "uv": [0, 18]},
					{"origin": [-1, 1, -1], "size": [2, 8, 2], "uv": [0, 18]},
					{"origin": [-7, 9, -4], "size": [14, 9, 9], "uv": [0, 0]},
					{"origin": [2, 9, -5], "size": [5, 9, 1], "uv": [0, 29]},
					{"origin": [-7, 9, -5], "size": [2, 9, 1], "uv": [30, 18]},
					{"origin": [-5, 9, -5], "size": [7, 3, 1], "uv": [12, 29]},
					{"origin": [-5, 16, -5], "size": [7, 2, 1], "uv": [28, 29]}
				]
			}
		]
	}
}