{
	"format_version": "1.10.0",
	"geometry.model": {
		"texturewidth": 64,
		"textureheight": 64,
		"visible_bounds_width": 2,
		"visible_bounds_height": 2.5,
		"visible_bounds_offset": [0, 0.75, 0],
		"bones": [
			{
				"name": "whole",
				"pivot": [0, 0, 0],
				"rotation": [0, -90, 0]
			},
			{
				"name": "bone",
				"parent": "whole",
				"pivot": [-5, 12, -6],
				"rotation": [0, 0, -75],
				"cubes": [
					{"origin": [-5, 11, -6], "size": [1, 1, 12], "uv": [34, 31]},
					{"origin": [0, 11, -10], "size": [1, 1, 16], "uv": [28, 14]},
					{"origin": [-4, 11, 5], "size": [4, 1, 1], "uv": [0, 10]},
					{"origin": [-5, 10, 5], "size": [6, 1, 1], "uv": [28, 40]},
					{"origin": [-4, 11, -6], "size": [4, 1, 1], "uv": [0, 8]},
					{"origin": [-4, 12, -8], "size": [2, 1, 1], "uv": [6, 0]},
					{"origin": [-5, 10, -6], "size": [6, 1, 1], "uv": [14, 40]},
					{"origin": [-8, 11, -10], "size": [8, 1, 4], "uv": [32, 7]},
					{"origin": [1, 11, -10], "size": [2, 1, 4], "uv": [0, 17]},
					{"origin": [-8, 8, -10], "size": [11, 3, 4], "uv": [32, 0]},
					{"origin": [3, 8, -10], "size": [1, 4, 4], "uv": [0, 0]}
				]
			},
			{
				"name": "bb_main",
				"parent": "whole",
				"pivot": [0, 0, 0],
				"cubes": [
					{"origin": [-4, 0, -4], "size": [8, 1, 8], "uv": [14, 31]},
					{"origin": [-1, 1, -1], "size": [2, 6, 2], "uv": [0, 30]},
					{"origin": [-5, 7, -6], "size": [10, 5, 12], "uv": [0, 0]},
					{"origin": [4, 12, -6], "size": [1, 5, 12], "uv": [0, 30]},
					{"origin": [-3, 12, -6], "size": [7, 5, 1], "uv": [46, 12]},
					{"origin": [-3, 12, 5], "size": [7, 5, 1], "uv": [36, 44]},
					{"origin": [-5, 17, -6], "size": [10, 1, 12], "uv": [0, 17]},
					{"origin": [-3, 12, -4], "size": [5, 2, 8], "uv": [18, 44]},
					{"origin": [-5, 17, -10], "size": [2, 1, 4], "uv": [0, 22]}
				]
			}
		]
	}
}