{
	"format_version": "1.10.0",
	"geometry.model": {
		"texturewidth": 64,
		"textureheight": 64,
		"visible_bounds_width": 5,
		"visible_bounds_height": 4.5,
		"visible_bounds_offset": [0, 1.75, 0],
		"bones": [
			{
				"name": "bb_main",
				"pivot": [0, 0, 0],
				"cubes": [
					{"origin": [-26, 0, -1], "size": [1, 50, 1], "uv": [60, 0]},
					{"origin": [-27, 0, -2], "size": [3, 1, 3], "uv": [46, 40]},
					{"origin": [-26, 43, 0], "size": [1, 7, 5], "uv": [46, 26]}
				]
			},
			{
				"name": "double",
				"pivot": [3, 0, -5]
			},
			{
				"name": "single2",
				"parent": "double",
				"pivot": [-3, 0, 5],
				"rotation": [0, 180, 0],
				"cubes": [
					{"origin": [-7, 20, 3], "size": [4, 8, 1], "uv": [6, 42]},
					{"origin": [-9, 18, 4], "size": [6, 10, 1], "uv": [36, 18]},
					{"origin": [-12, 30, -1], "size": [12, 3, 8], "uv": [0, 0]},
					{"origin": [-8.75, 22, 3], "size": [1.5, 1.5, 1], "uv": [4, 5]},
					{"origin": [-8.5, 18.25, 2], "size": [1, 5, 1], "uv": [16, 11]},
					{"origin": [-9, 24, 3], "size": [2, 4, 1], "uv": [0, 0]},
					{"origin": [-8.75, 18, 3], "size": [1.5, 1.5, 1], "uv": [0, 5]},
					{"origin": [-3, 14, 5], "size": [2, 16, 1], "uv": [0, 42]},
					{"origin": [-1, 14, -1], "size": [1, 16, 8], "uv": [26, 27]},
					{"origin": [-12, 14, -1], "size": [1, 16, 8], "uv": [16, 11]},
					{"origin": [-9, 1, 5], "size": [6, 29, 2], "uv": [0, 11]},
					{"origin": [-11, 14, 5], "size": [2, 16, 1], "uv": [16, 35]},
					{"origin": [-10, 0, 4], "size": [8, 1, 4], "uv": [32, 0]}
				]
			},
			{
				"name": "bone2",
				"parent": "single2",
				"pivot": [-2, 17, 5],
				"rotation": [15, 0, 0],
				"cubes": [
					{"origin": [-11, 16, -1], "size": [10, 1, 6], "uv": [26, 11]}
				]
			},
			{
				"name": "single",
				"parent": "double",
				"pivot": [3, 0, -5],
				"cubes": [
					{"origin": [-1, 20, -7], "size": [4, 8, 1], "uv": [6, 42]},
					{"origin": [-3, 18, -6], "size": [6, 10, 1], "uv": [36, 18]},
					{"origin": [-6, 30, -11], "size": [12, 3, 8], "uv": [0, 0]},
					{"origin": [-2.75, 22, -7], "size": [1.5, 1.5, 1], "uv": [4, 5]},
					{"origin": [-2.5, 18.25, -8], "size": [1, 5, 1], "uv": [16, 11]},
					{"origin": [-3, 24, -7], "size": [2, 4, 1], "uv": [0, 0]},
					{"origin": [-2.75, 18, -7], "size": [1.5, 1.5, 1], "uv": [0, 5]},
					{"origin": [3, 14, -5], "size": [2, 16, 1], "uv": [0, 42]},
					{"origin": [5, 14, -11], "size": [1, 16, 8], "uv": [26, 27]},
					{"origin": [-6, 14, -11], "size": [1, 16, 8], "uv": [16, 11]},
					{"origin": [-3, 1, -5], "size": [6, 29, 2], "uv": [0, 11]},
					{"origin": [-5, 14, -5], "size": [2, 16, 1], "uv": [16, 35]},
					{"origin": [-4, 0, -6], "size": [8, 1, 4], "uv": [32, 0]}
				]
			},
			{
				"name": "bone",
				"parent": "single",
				"pivot": [4, 17, -5],
				"rotation": [15, 0, 0],
				"cubes": [
					{"origin": [-5, 16, -11], "size": [10, 1, 6], "uv": [26, 11]}
				]
			},
			{
				"name": "double2",
				"pivot": [23, 0, -5]
			},
			{
				"name": "single3",
				"parent": "double2",
				"pivot": [17, 0, 5],
				"rotation": [0, 180, 0],
				"cubes": [
					{"origin": [13, 20, 3], "size": [4, 8, 1], "uv": [6, 42]},
					{"origin": [11, 18, 4], "size": [6, 10, 1], "uv": [36, 18]},
					{"origin": [8, 30, -1], "size": [12, 3, 8], "uv": [0, 0]},
					{"origin": [11.25, 22, 3], "size": [1.5, 1.5, 1], "uv": [4, 5]},
					{"origin": [11.5, 18.25, 2], "size": [1, 5, 1], "uv": [16, 11]},
					{"origin": [11, 24, 3], "size": [2, 4, 1], "uv": [0, 0]},
					{"origin": [11.25, 18, 3], "size": [1.5, 1.5, 1], "uv": [0, 5]},
					{"origin": [17, 14, 5], "size": [2, 16, 1], "uv": [0, 42]},
					{"origin": [19, 14, -1], "size": [1, 16, 8], "uv": [26, 27]},
					{"origin": [8, 14, -1], "size": [1, 16, 8], "uv": [16, 11]},
					{"origin": [11, 1, 5], "size": [6, 29, 2], "uv": [0, 11]},
					{"origin": [9, 14, 5], "size": [2, 16, 1], "uv": [16, 35]},
					{"origin": [10, 0, 4], "size": [8, 1, 4], "uv": [32, 0]}
				]
			},
			{
				"name": "bone3",
				"parent": "single3",
				"pivot": [18, 17, 5],
				"rotation": [15, 0, 0],
				"cubes": [
					{"origin": [9, 16, -1], "size": [10, 1, 6], "uv": [26, 11]}
				]
			},
			{
				"name": "single4",
				"parent": "double2",
				"pivot": [23, 0, -5],
				"cubes": [
					{"origin": [19, 20, -7], "size": [4, 8, 1], "uv": [6, 42]},
					{"origin": [17, 18, -6], "size": [6, 10, 1], "uv": [36, 18]},
					{"origin": [14, 30, -11], "size": [12, 3, 8], "uv": [0, 0]},
					{"origin": [17.25, 22, -7], "size": [1.5, 1.5, 1], "uv": [4, 5]},
					{"origin": [17.5, 18.25, -8], "size": [1, 5, 1], "uv": [16, 11]},
					{"origin": [17, 24, -7], "size": [2, 4, 1], "uv": [0, 0]},
					{"origin": [17.25, 18, -7], "size": [1.5, 1.5, 1], "uv": [0, 5]},
					{"origin": [23, 14, -5], "size": [2, 16, 1], "uv": [0, 42]},
					{"origin": [25, 14, -11], "size": [1, 16, 8], "uv": [26, 27]},
					{"origin": [14, 14, -11], "size": [1, 16, 8], "uv": [16, 11]},
					{"origin": [17, 1, -5], "size": [6, 29, 2], "uv": [0, 11]},
					{"origin": [15, 14, -5], "size": [2, 16, 1], "uv": [16, 35]},
					{"origin": [16, 0, -6], "size": [8, 1, 4], "uv": [32, 0]}
				]
			},
			{
				"name": "bone4",
				"parent": "single4",
				"pivot": [24, 17, -5],
				"rotation": [15, 0, 0],
				"cubes": [
					{"origin": [15, 16, -11], "size": [10, 1, 6], "uv": [26, 11]}
				]
			},
			{
				"name": "double3",
				"pivot": [-17, 0, -5]
			},
			{
				"name": "single5",
				"parent": "double3",
				"pivot": [-23, 0, 5],
				"rotation": [0, 180, 0],
				"cubes": [
					{"origin": [-27, 20, 3], "size": [4, 8, 1], "uv": [6, 42]},
					{"origin": [-29, 18, 4], "size": [6, 10, 1], "uv": [36, 18]},
					{"origin": [-32, 30, -1], "size": [12, 3, 8], "uv": [0, 0]},
					{"origin": [-28.75, 22, 3], "size": [1.5, 1.5, 1], "uv": [4, 5]},
					{"origin": [-28.5, 18.25, 2], "size": [1, 5, 1], "uv": [16, 11]},
					{"origin": [-29, 24, 3], "size": [2, 4, 1], "uv": [0, 0]},
					{"origin": [-28.75, 18, 3], "size": [1.5, 1.5, 1], "uv": [0, 5]},
					{"origin": [-23, 14, 5], "size": [2, 16, 1], "uv": [0, 42]},
					{"origin": [-21, 14, -1], "size": [1, 16, 8], "uv": [26, 27]},
					{"origin": [-32, 14, -1], "size": [1, 16, 8], "uv": [16, 11]},
					{"origin": [-29, 1, 5], "size": [6, 29, 2], "uv": [0, 11]},
					{"origin": [-31, 14, 5], "size": [2, 16, 1], "uv": [16, 35]},
					{"origin": [-30, 0, 4], "size": [8, 1, 4], "uv": [32, 0]}
				]
			},
			{
				"name": "bone5",
				"parent": "single5",
				"pivot": [-22, 17, 5],
				"rotation": [15, 0, 0],
				"cubes": [
					{"origin": [-31, 16, -1], "size": [10, 1, 6], "uv": [26, 11]}
				]
			},
			{
				"name": "single6",
				"parent": "double3",
				"pivot": [-17, 0, -5],
				"cubes": [
					{"origin": [-21, 20, -7], "size": [4, 8, 1], "uv": [6, 42]},
					{"origin": [-23, 18, -6], "size": [6, 10, 1], "uv": [36, 18]},
					{"origin": [-26, 30, -11], "size": [12, 3, 8], "uv": [0, 0]},
					{"origin": [-22.75, 22, -7], "size": [1.5, 1.5, 1], "uv": [4, 5]},
					{"origin": [-22.5, 18.25, -8], "size": [1, 5, 1], "uv": [16, 11]},
					{"origin": [-23, 24, -7], "size": [2, 4, 1], "uv": [0, 0]},
					{"origin": [-22.75, 18, -7], "size": [1.5, 1.5, 1], "uv": [0, 5]},
					{"origin": [-17, 14, -5], "size": [2, 16, 1], "uv": [0, 42]},
					{"origin": [-15, 14, -11], "size": [1, 16, 8], "uv": [26, 27]},
					{"origin": [-26, 14, -11], "size": [1, 16, 8], "uv": [16, 11]},
					{"origin": [-23, 1, -5], "size": [6, 29, 2], "uv": [0, 11]},
					{"origin": [-25, 14, -5], "size": [2, 16, 1], "uv": [16, 35]},
					{"origin": [-24, 0, -6], "size": [8, 1, 4], "uv": [32, 0]}
				]
			},
			{
				"name": "bone6",
				"parent": "single6",
				"pivot": [-16, 17, -5],
				"rotation": [15, 0, 0],
				"cubes": [
					{"origin": [-25, 16, -11], "size": [10, 1, 6], "uv": [26, 11]}
				]
			}
		]
	}
}