{
	"format_version": "1.10.0",
	"geometry.model": {
		"texturewidth": 64,
		"textureheight": 64,
		"visible_bounds_width": 2,
		"visible_bounds_height": 3.5,
		"visible_bounds_offset": [0, 1.25, 0],
		"bones": [
			{
				"name": "bb_main",
				"pivot": [0, 0, 0],
				"cubes": [
					{"origin": [-4, 0, -2], "size": [8, 1, 4], "uv": [32, 0]},
					{"origin": [-6, 30, -7], "size": [12, 3, 8], "uv": [0, 0]},
					{"origin": [-3, 18, -2], "size": [6, 10, 1], "uv": [36, 18]},
					{"origin": [-1, 20, -3], "size": [4, 8, 1], "uv": [6, 42]},
					{"origin": [-3, 24, -3], "size": [2, 4, 1], "uv": [0, 0]},
					{"origin": [-2.75, 22, -3], "size": [1.5, 1.5, 1], "uv": [4, 5]},
					{"origin": [-2.75, 18, -3], "size": [1.5, 1.5, 1], "uv": [0, 5]},
					{"origin": [-2.5, 18.25, -4], "size": [1, 5, 1], "uv": [16, 11]},
					{"origin": [5, 14, -7], "size": [1, 16, 8], "uv": [26, 27]},
					{"origin": [3, 14, -1], "size": [2, 16, 1], "uv": [0, 42]},
					{"origin": [-5, 14, -1], "size": [2, 16, 1], "uv": [16, 35]},
					{"origin": [-6, 14, -7], "size": [1, 16, 8], "uv": [16, 11]},
					{"origin": [-3, 1, -1], "size": [6, 29, 2], "uv": [0, 11]}
				]
			},
			{
				"name": "bone",
				"pivot": [4, 17, -1],
				"rotation": [15, 0, 0],
				"cubes": [
					{"origin": [-5, 16, -7], "size": [10, 1, 6], "uv": [26, 11]}
				]
			}
		]
	}
}