{
	"format_version": "1.10.0",
	"geometry.model": {
		"texturewidth": 512,
		"textureheight": 512,
		"visible_bounds_width": 8,
		"visible_bounds_height": 4.5,
		"visible_bounds_offset": [0, 1.75, 0],
		"bones": [
			{
				"name": "Whole",
				"pivot": [8, 7, 47]
			},
			{
				"name": "DoorL",
				"parent": "Whole",
				"pivot": [8, 13, -6],
				"cubes": [
					{"origin": [8, 13, -7], "size": [1, 12, 11], "uv": [136, 0]},
					{"origin": [8, 25, 3], "size": [1, 6, 1], "uv": [130, 113]},
					{"origin": [9, 25, -4], "size": [3, 6, 1], "uv": [100, 101]},
					{"origin": [-5, 13, -4], "size": [10, 2, 10], "uv": [0, 146]},
					{"origin": [-19, 13, -4], "size": [10, 2, 10], "uv": [100, 101]},
					{"origin": [10, 24, -5], "size": [1, 7, 1], "uv": [118, 156]},
					{"origin": [9, 24, -5], "size": [2, 1, 1], "uv": [68, 10]},
					{"origin": [8, 31, -5], "size": [3, 1, 1], "uv": [0, 10]},
					{"origin": [8, 31, -5], "size": [1, 2, 9], "uv": [19, 165]}
				]
			},
			{
				"name": "bone44",
				"parent": "DoorL",
				"pivot": [8, 25, -6],
				"rotation": [-20, 0, 0],
				"cubes": [
					{"origin": [8, 24, -7], "size": [1, 8, 1], "uv": [30, 146]}
				]
			},
			{
				"name": "DoorR",
				"parent": "Whole",
				"pivot": [-23, 13, -6],
				"cubes": [
					{"origin": [-23, 13, -7], "size": [1, 12, 11], "uv": [42, 146]},
					{"origin": [-23, 25, 3], "size": [1, 6, 1], "uv": [34, 165]},
					{"origin": [-27, 25, -4], "size": [3, 6, 1], "uv": [130, 101]},
					{"origin": [-26, 24, -5], "size": [1, 7, 1], "uv": [30, 165]},
					{"origin": [-25, 24, -5], "size": [2, 1, 1], "uv": [68, 28]},
					{"origin": [-26, 31, -5], "size": [3, 1, 1], "uv": [0, 28]},
					{"origin": [-23, 31, -5], "size": [1, 2, 9], "uv": [143, 166]}
				]
			},
			{
				"name": "bone43",
				"parent": "DoorR",
				"pivot": [-23, 25, -6],
				"rotation": [-20, 0, 0],
				"cubes": [
					{"origin": [-23, 24, -7], "size": [1, 8, 1], "uv": [34, 146]}
				]
			},
			{
				"name": "DoorBR",
				"parent": "Whole",
				"pivot": [-22, 13, 50],
				"cubes": [
					{"origin": [-17, 13, 49], "size": [10, 17, 1], "uv": [182, 31]},
					{"origin": [-9, 30, 49], "size": [2, 3, 1], "uv": [6, 18]},
					{"origin": [-17, 30, 49], "size": [2, 3, 1], "uv": [6, 0]},
					{"origin": [-9, 22, 50], "size": [1, 4, 1], "uv": [154, 64]},
					{"origin": [-17, 33, 49], "size": [10, 4, 1], "uv": [71, 168]}
				]
			},
			{
				"name": "DoorBL",
				"parent": "Whole",
				"pivot": [-12, 13, 50],
				"cubes": [
					{"origin": [-7, 13, 49], "size": [10, 17, 1], "uv": [182, 49]},
					{"origin": [1, 30, 49], "size": [2, 3, 1], "uv": [55, 146]},
					{"origin": [-7, 30, 49], "size": [2, 3, 1], "uv": [136, 64]},
					{"origin": [-6, 22, 50], "size": [1, 4, 1], "uv": [103, 157]},
					{"origin": [-7, 33, 49], "size": [10, 4, 1], "uv": [18, 179]}
				]
			},
			{
				"name": "WheelsBack",
				"parent": "Whole",
				"pivot": [10, 5, 40]
			},
			{
				"name": "bone19",
				"parent": "WheelsBack",
				"pivot": [-24, 5, 40],
				"rotation": [0, 0, 90]
			},
			{
				"name": "bone20",
				"parent": "bone19",
				"pivot": [-24, 5, 40],
				"cubes": [
					{"origin": [-26, 5, 43], "size": [4, 3, 2], "uv": [152, 177]}
				]
			},
			{
				"name": "bone21",
				"parent": "bone19",
				"pivot": [-24, 5, 40],
				"rotation": [0, -45, 0],
				"cubes": [
					{"origin": [-26, 5, 43], "size": [4, 3, 2], "uv": [168, 164]}
				]
			},
			{
				"name": "bone22",
				"parent": "bone19",
				"pivot": [-24, 5, 40],
				"rotation": [0, -90, 0],
				"cubes": [
					{"origin": [-26, 5, 43], "size": [4, 3, 2], "uv": [168, 159]}
				]
			},
			{
				"name": "bone23",
				"parent": "bone19",
				"pivot": [-24, 5, 40],
				"rotation": [0, -135, 0],
				"cubes": [
					{"origin": [-26, 5, 43], "size": [4, 3, 2], "uv": [140, 166]},
					{"origin": [-27, 7, 37], "size": [6, 1, 6], "uv": [168, 172]}
				]
			},
			{
				"name": "bone24",
				"parent": "bone19",
				"pivot": [-24, 5, 40],
				"rotation": [0, -180, 0],
				"cubes": [
					{"origin": [-26, 5, 43], "size": [4, 3, 2], "uv": [16, 165]}
				]
			},
			{
				"name": "bone25",
				"parent": "bone19",
				"pivot": [-24, 5, 40],
				"rotation": [0, -225, 0],
				"cubes": [
					{"origin": [-26, 5, 43], "size": [4, 3, 2], "uv": [124, 164]}
				]
			},
			{
				"name": "bone26",
				"parent": "bone19",
				"pivot": [-24, 5, 40],
				"rotation": [0, -270, 0],
				"cubes": [
					{"origin": [-26, 5, 43], "size": [4, 3, 2], "uv": [0, 163]},
					{"origin": [-25.5, 6, 38.5], "size": [3, 1, 3], "uv": [54, 169]}
				]
			},
			{
				"name": "bone27",
				"parent": "bone19",
				"pivot": [-24, 5, 40],
				"rotation": [0, -315, 0],
				"cubes": [
					{"origin": [-26, 5, 43], "size": [4, 3, 2], "uv": [124, 159]}
				]
			},
			{
				"name": "bone28",
				"parent": "WheelsBack",
				"pivot": [10, 5, 40],
				"rotation": [0, 0, -90]
			},
			{
				"name": "bone29",
				"parent": "bone28",
				"pivot": [10, 5, 40],
				"cubes": [
					{"origin": [8, 5, 43], "size": [4, 3, 2], "uv": [0, 158]}
				]
			},
			{
				"name": "bone30",
				"parent": "bone28",
				"pivot": [10, 5, 40],
				"rotation": [0, -45, 0],
				"cubes": [
					{"origin": [8, 5, 43], "size": [4, 3, 2], "uv": [149, 5]}
				]
			},
			{
				"name": "bone31",
				"parent": "bone28",
				"pivot": [10, 5, 40],
				"rotation": [0, -90, 0],
				"cubes": [
					{"origin": [8, 5, 43], "size": [4, 3, 2], "uv": [149, 0]}
				]
			},
			{
				"name": "bone32",
				"parent": "bone28",
				"pivot": [10, 5, 40],
				"rotation": [0, -135, 0],
				"cubes": [
					{"origin": [8, 5, 43], "size": [4, 3, 2], "uv": [28, 112]},
					{"origin": [7, 7, 37], "size": [6, 1, 6], "uv": [0, 172]}
				]
			},
			{
				"name": "bone33",
				"parent": "bone28",
				"pivot": [10, 5, 40],
				"rotation": [0, -180, 0],
				"cubes": [
					{"origin": [8, 5, 43], "size": [4, 3, 2], "uv": [68, 23]}
				]
			},
			{
				"name": "bone34",
				"parent": "bone28",
				"pivot": [10, 5, 40],
				"rotation": [0, -225, 0],
				"cubes": [
					{"origin": [8, 5, 43], "size": [4, 3, 2], "uv": [68, 18]}
				]
			},
			{
				"name": "bone35",
				"parent": "bone28",
				"pivot": [10, 5, 40],
				"rotation": [0, -270, 0],
				"cubes": [
					{"origin": [8, 5, 43], "size": [4, 3, 2], "uv": [68, 5]},
					{"origin": [8.5, 6, 38.5], "size": [3, 1, 3], "uv": [42, 169]}
				]
			},
			{
				"name": "bone36",
				"parent": "bone28",
				"pivot": [10, 5, 40],
				"rotation": [0, -315, 0],
				"cubes": [
					{"origin": [8, 5, 43], "size": [4, 3, 2], "uv": [68, 0]}
				]
			},
			{
				"name": "WheelsFront",
				"parent": "Whole",
				"pivot": [10, 5, -14]
			},
			{
				"name": "bone",
				"parent": "WheelsFront",
				"pivot": [-24, 5, -14],
				"rotation": [0, 0, 90]
			},
			{
				"name": "bone2",
				"parent": "bone",
				"pivot": [-24, 5, -14],
				"cubes": [
					{"origin": [-26, 5, -11], "size": [4, 3, 2], "uv": [196, 184]}
				]
			},
			{
				"name": "bone3",
				"parent": "bone",
				"pivot": [-24, 5, -14],
				"rotation": [0, -45, 0],
				"cubes": [
					{"origin": [-26, 5, -11], "size": [4, 3, 2], "uv": [192, 195]}
				]
			},
			{
				"name": "bone4",
				"parent": "bone",
				"pivot": [-24, 5, -14],
				"rotation": [0, -90, 0],
				"cubes": [
					{"origin": [-26, 5, -11], "size": [4, 3, 2], "uv": [180, 195]}
				]
			},
			{
				"name": "bone5",
				"parent": "bone",
				"pivot": [-24, 5, -14],
				"rotation": [0, -135, 0],
				"cubes": [
					{"origin": [-26, 5, -11], "size": [4, 3, 2], "uv": [168, 195]},
					{"origin": [-27, 7, -17], "size": [6, 1, 6], "uv": [0, 179]}
				]
			},
			{
				"name": "bone6",
				"parent": "bone",
				"pivot": [-24, 5, -14],
				"rotation": [0, -180, 0],
				"cubes": [
					{"origin": [-26, 5, -11], "size": [4, 3, 2], "uv": [194, 67]}
				]
			},
			{
				"name": "bone7",
				"parent": "bone",
				"pivot": [-24, 5, -14],
				"rotation": [0, -225, 0],
				"cubes": [
					{"origin": [-26, 5, -11], "size": [4, 3, 2], "uv": [184, 88]}
				]
			},
			{
				"name": "bone8",
				"parent": "bone",
				"pivot": [-24, 5, -14],
				"rotation": [0, -270, 0],
				"cubes": [
					{"origin": [-26, 5, -11], "size": [4, 3, 2], "uv": [182, 93]},
					{"origin": [-25.5, 6, -15.5], "size": [3, 1, 3], "uv": [61, 198]}
				]
			},
			{
				"name": "bone9",
				"parent": "bone",
				"pivot": [-24, 5, -14],
				"rotation": [0, -315, 0],
				"cubes": [
					{"origin": [-26, 5, -11], "size": [4, 3, 2], "uv": [182, 67]}
				]
			},
			{
				"name": "bone10",
				"parent": "WheelsFront",
				"pivot": [10, 5, -14],
				"rotation": [0, 0, -90]
			},
			{
				"name": "bone11",
				"parent": "bone10",
				"pivot": [10, 5, -14],
				"cubes": [
					{"origin": [8, 5, -11], "size": [4, 3, 2], "uv": [104, 181]}
				]
			},
			{
				"name": "bone12",
				"parent": "bone10",
				"pivot": [10, 5, -14],
				"rotation": [0, -45, 0],
				"cubes": [
					{"origin": [8, 5, -11], "size": [4, 3, 2], "uv": [92, 181]}
				]
			},
			{
				"name": "bone13",
				"parent": "bone10",
				"pivot": [10, 5, -14],
				"rotation": [0, -90, 0],
				"cubes": [
					{"origin": [8, 5, -11], "size": [4, 3, 2], "uv": [80, 181]}
				]
			},
			{
				"name": "bone14",
				"parent": "bone10",
				"pivot": [10, 5, -14],
				"rotation": [0, -135, 0],
				"cubes": [
					{"origin": [8, 5, -11], "size": [4, 3, 2], "uv": [180, 179]},
					{"origin": [7, 7, -17], "size": [6, 1, 6], "uv": [124, 173]}
				]
			},
			{
				"name": "bone15",
				"parent": "bone10",
				"pivot": [10, 5, -14],
				"rotation": [0, -180, 0],
				"cubes": [
					{"origin": [8, 5, -11], "size": [4, 3, 2], "uv": [136, 180]}
				]
			},
			{
				"name": "bone16",
				"parent": "bone10",
				"pivot": [10, 5, -14],
				"rotation": [0, -225, 0],
				"cubes": [
					{"origin": [8, 5, -11], "size": [4, 3, 2], "uv": [124, 180]}
				]
			},
			{
				"name": "bone17",
				"parent": "bone10",
				"pivot": [10, 5, -14],
				"rotation": [0, -270, 0],
				"cubes": [
					{"origin": [8, 5, -11], "size": [4, 3, 2], "uv": [68, 179]},
					{"origin": [8.5, 6, -15.5], "size": [3, 1, 3], "uv": [124, 185]}
				]
			},
			{
				"name": "bone18",
				"parent": "bone10",
				"pivot": [10, 5, -14],
				"rotation": [0, -315, 0],
				"cubes": [
					{"origin": [8, 5, -11], "size": [4, 3, 2], "uv": [56, 179]}
				]
			},
			{
				"name": "bone49",
				"parent": "Whole",
				"pivot": [-10, 15, 7],
				"rotation": [80, 0, 0],
				"cubes": [
					{"origin": [-19, 15, 6], "size": [10, 2, 13], "uv": [61, 201]}
				]
			},
			{
				"name": "bone48",
				"parent": "Whole",
				"pivot": [4, 15, 7],
				"rotation": [80, 0, 0],
				"cubes": [
					{"origin": [-5, 15, 6], "size": [10, 2, 13], "uv": [94, 203]}
				]
			},
			{
				"name": "bone45",
				"parent": "Whole",
				"pivot": [8, 40, 8],
				"rotation": [47.5, 0, 0],
				"cubes": [
					{"origin": [-23, 37, 4], "size": [32, 3, 4], "uv": [124, 149]}
				]
			},
			{
				"name": "bodymain",
				"parent": "Whole",
				"pivot": [-8, -1, 15],
				"cubes": [
					{"origin": [-21, 5, -26], "size": [28, 2, 80], "uv": [0, 0]},
					{"origin": [-23, 5, -8], "size": [2, 2, 42], "uv": [122, 159]},
					{"origin": [-23, 5, 46], "size": [2, 2, 8], "uv": [168, 179]},
					{"origin": [7, 5, 46], "size": [2, 2, 8], "uv": [140, 177]},
					{"origin": [7, 5, -26], "size": [2, 2, 6], "uv": [103, 149]},
					{"origin": [-23, 5, -26], "size": [2, 2, 6], "uv": [120, 114]},
					{"origin": [-17, 7, -26], "size": [20, 14, 1], "uv": [136, 49]},
					{"origin": [-24, 4, -28], "size": [35, 3, 2], "uv": [136, 75]},
					{"origin": [-21, 7, -20], "size": [28, 5, 12], "uv": [0, 18]},
					{"origin": [-24, 8, -26], "size": [7, 1, 6], "uv": [100, 113]},
					{"origin": [3, 8, -26], "size": [7, 1, 6], "uv": [0, 112]},
					{"origin": [-18, 9, -26], "size": [1, 3, 6], "uv": [71, 158]},
					{"origin": [9, 9, -26], "size": [1, 3, 6], "uv": [66, 70]},
					{"origin": [3, 9, -26], "size": [1, 3, 6], "uv": [55, 146]},
					{"origin": [-23, 9, -25], "size": [5, 3, 1], "uv": [28, 117]},
					{"origin": [4, 9, -25], "size": [5, 3, 1], "uv": [100, 94]},
					{"origin": [-24, 9, -26], "size": [1, 3, 6], "uv": [103, 157]},
					{"origin": [-24, 13, -19], "size": [1, 8, 1], "uv": [6, 146]},
					{"origin": [-26, 21, -19], "size": [9, 1, 1], "uv": [100, 120]},
					{"origin": [3, 21, -19], "size": [9, 1, 1], "uv": [0, 119]},
					{"origin": [-26, 22, -19], "size": [1, 2, 1], "uv": [0, 18]},
					{"origin": [11, 22, -19], "size": [1, 2, 1], "uv": [0, 0]},
					{"origin": [10, 22, -18], "size": [3, 3, 1], "uv": [113, 149]},
					{"origin": [-27, 22, -18], "size": [3, 3, 1], "uv": [108, 82]},
					{"origin": [9, 13, -19], "size": [1, 8, 1], "uv": [136, 113]},
					{"origin": [10, 7, -28], "size": [1, 15, 1], "uv": [85, 146]},
					{"origin": [-24, 7, -28], "size": [1, 15, 1], "uv": [74, 60]},
					{"origin": [-24, 12, -26], "size": [7, 1, 18], "uv": [29, 198]},
					{"origin": [3, 12, -26], "size": [7, 1, 18], "uv": [71, 149]},
					{"origin": [7, 5, -8], "size": [2, 2, 42], "uv": [136, 31]},
					{"origin": [-23, 7, 46], "size": [32, 6, 4], "uv": [0, 66]},
					{"origin": [3, 7, 50], "size": [1, 6, 4], "uv": [0, 18]},
					{"origin": [7, 27, 50], "size": [1, 5, 1], "uv": [100, 113]},
					{"origin": [9, 25, 4], "size": [1, 4, 1], "uv": [71, 146]},
					{"origin": [-24, 25, 4], "size": [1, 4, 1], "uv": [63, 146]},
					{"origin": [-22, 27, 50], "size": [1, 5, 1], "uv": [20, 112]},
					{"origin": [-18, 7, 50], "size": [1, 6, 4], "uv": [0, 0]},
					{"origin": [-23, 7, 9], "size": [32, 6, 25], "uv": [136, 0]},
					{"origin": [-21, 7, 34], "size": [28, 6, 12], "uv": [0, 0]},
					{"origin": [7, 11, 34], "size": [2, 2, 12], "uv": [124, 159]},
					{"origin": [8, 13, 9], "size": [1, 12, 40], "uv": [82, 149]},
					{"origin": [-23, 13, 9], "size": [1, 12, 40], "uv": [0, 146]},
					{"origin": [8, 31, 9], "size": [1, 6, 40], "uv": [184, 42]},
					{"origin": [-23, 31, 9], "size": [1, 6, 40], "uv": [168, 149]},
					{"origin": [8, 25, 9], "size": [1, 6, 6], "uv": [71, 146]},
					{"origin": [-23, 25, 9], "size": [1, 6, 6], "uv": [100, 82]},
					{"origin": [8, 25, 22], "size": [1, 6, 27], "uv": [0, 198]},
					{"origin": [-23, 25, 22], "size": [1, 6, 27], "uv": [42, 146]},
					{"origin": [-23, 11, 34], "size": [2, 2, 12], "uv": [0, 158]},
					{"origin": [-23, 11, -20], "size": [2, 1, 12], "uv": [86, 168]},
					{"origin": [7, 11, -20], "size": [2, 1, 12], "uv": [168, 159]},
					{"origin": [-23, 7, -8], "size": [32, 6, 16], "uv": [194, 195]},
					{"origin": [-23, 13, -8], "size": [32, 11, 1], "uv": [196, 88]},
					{"origin": [3, 13, 49], "size": [6, 24, 1], "uv": [0, 198]},
					{"origin": [-23, 13, 49], "size": [6, 24, 1], "uv": [66, 35]},
					{"origin": [-23, 7, 8], "size": [32, 30, 1], "uv": [0, 35]},
					{"origin": [8, 13, 7], "size": [1, 21, 1], "uv": [22, 198]},
					{"origin": [-23, 13, 7], "size": [1, 21, 1], "uv": [14, 198]},
					{"origin": [8, 13, 4], "size": [1, 21, 1], "uv": [18, 198]},
					{"origin": [-23, 13, 4], "size": [1, 21, 1], "uv": [196, 149]},
					{"origin": [8, 13, 5], "size": [1, 12, 2], "uv": [192, 172]},
					{"origin": [-23, 13, 5], "size": [1, 12, 2], "uv": [188, 157]},
					{"origin": [8, 31, 5], "size": [1, 3, 2], "uv": [0, 112]},
					{"origin": [-23, 31, 5], "size": [1, 3, 2], "uv": [100, 82]},
					{"origin": [-24, 25, 24], "size": [1, 5, 1], "uv": [120, 113]},
					{"origin": [-20, 40, 12], "size": [6, 1, 6], "uv": [140, 159]},
					{"origin": [-20, 40, 40], "size": [6, 1, 6], "uv": [154, 65]},
					{"origin": [0, 40, 40], "size": [6, 1, 6], "uv": [136, 64]},
					{"origin": [0, 40, 12], "size": [6, 1, 6], "uv": [16, 158]},
					{"origin": [-22, 13, 9], "size": [30, 24, 40], "uv": [0, 82]},
					{"origin": [8, 33, -5], "size": [1, 1, 9], "uv": [102, 168]},
					{"origin": [-23, 33, -5], "size": [1, 1, 9], "uv": [17, 112]},
					{"origin": [-23, 37, 8], "size": [32, 3, 43], "uv": [97, 103]},
					{"origin": [-23, 34, -8], "size": [32, 3, 16], "uv": [100, 82]}
				]
			},
			{
				"name": "bone38",
				"parent": "bodymain",
				"pivot": [-16, 7, -25],
				"rotation": [0, 82.5, 0],
				"cubes": [
					{"origin": [-34, 7, -26], "size": [18, 14, 1], "uv": [0, 97]}
				]
			},
			{
				"name": "bone39",
				"parent": "bodymain",
				"pivot": [2, 7, -25],
				"rotation": [0, 97.5, 0],
				"cubes": [
					{"origin": [-16, 7, -25], "size": [18, 14, 1], "uv": [0, 82]}
				]
			},
			{
				"name": "bone40",
				"parent": "bodymain",
				"pivot": [3, 21, -25],
				"rotation": [-82.5, 0, 0],
				"cubes": [
					{"origin": [-17, 21, -25], "size": [20, 17, 1], "uv": [136, 31]}
				]
			},
			{
				"name": "bone41",
				"parent": "bone40",
				"pivot": [-17, 27, -25],
				"rotation": [0, 52.5, 0],
				"cubes": [
					{"origin": [-18, 27, -25], "size": [1, 12, 1], "uv": [37, 198]},
					{"origin": [-19, 30, -25], "size": [1, 8, 1], "uv": [46, 146]},
					{"origin": [-20, 34, -25], "size": [1, 4, 1], "uv": [103, 149]}
				]
			},
			{
				"name": "bone42",
				"parent": "bone40",
				"pivot": [2, 27, -24],
				"rotation": [0, 132.5, 0],
				"cubes": [
					{"origin": [1, 27, -24], "size": [1, 12, 1], "uv": [33, 198]},
					{"origin": [0, 30, -24], "size": [1, 8, 1], "uv": [42, 146]},
					{"origin": [-1, 34, -24], "size": [1, 4, 1], "uv": [79, 146]}
				]
			},
			{
				"name": "bone46",
				"parent": "bodymain",
				"pivot": [-18, 13, -11],
				"rotation": [47.5, 32.5, 0],
				"cubes": [
					{"origin": [-19, 13, -12], "size": [1, 12, 1], "uv": [29, 198]}
				]
			},
			{
				"name": "bone47",
				"parent": "bodymain",
				"pivot": [4, 12, -11],
				"rotation": [40, -30, 0],
				"cubes": [
					{"origin": [4, 13, -12], "size": [1, 12, 1], "uv": [180, 82]}
				]
			},
			{
				"name": "bone51",
				"parent": "bodymain",
				"pivot": [0, 13, -7],
				"rotation": [-17.5, 0, 0],
				"cubes": [
					{"origin": [0.5, 13, -8], "size": [1, 10, 1], "uv": [136, 0]}
				]
			},
			{
				"name": "bone50",
				"parent": "bodymain",
				"pivot": [0, 21, -1],
				"rotation": [25, 0, 0],
				"cubes": [
					{"origin": [-2, 21, -4], "size": [6, 6, 1], "uv": [42, 179]}
				]
			},
			{
				"name": "bone37",
				"parent": "bodymain",
				"pivot": [8, 24, -7],
				"rotation": [-17.5, 0, 0],
				"cubes": [
					{"origin": [-23, 23, -8], "size": [32, 2, 1], "uv": [124, 156]},
					{"origin": [7, 25, -8], "size": [2, 8, 1], "uv": [0, 146]},
					{"origin": [-23, 25, -8], "size": [2, 8, 1], "uv": [140, 0]},
					{"origin": [-8, 25, -8], "size": [2, 8, 1], "uv": [68, 60]},
					{"origin": [-23, 33, -8], "size": [32, 2, 1], "uv": [0, 76]}
				]
			}
		]
	}
}