{
	"format_version": "1.10.0",
	"geometry.model": {
		"texturewidth": 256,
		"textureheight": 256,
		"visible_bounds_width": 7,
		"visible_bounds_height": 3.5,
		"visible_bounds_offset": [0, 1.25, 0],
		"bones": [
			{
				"name": "body",
				"pivot": [0, 0, 0],
				"rotation": [0, -90, 0],
				"cubes": [
					{"origin": [36, 2, 9], "size": [6, 6, 1], "uv": [52, 100]},
					{"origin": [6, 2, 9], "size": [22, 6, 1], "uv": [76, 73]},
					{"origin": [-9, 8, -10], "size": [51, 1, 20], "uv": [0, 0]},
					{"origin": [14, 9, -10], "size": [28, 3, 20], "uv": [76, 80]},
					{"origin": [14.5, 17, -10], "size": [27, 3, 20], "uv": [77, 50]},
					{"origin": [14.5, 21, -10], "size": [27, 10, 20], "uv": [1, 70]},
					{"origin": [-1.5, 32.8, -10], "size": [16, 1, 20], "uv": [0, 100]},
					{"origin": [-1.5, 30.8, -10], "size": [16, 2, 1], "uv": [74, 24]},
					{"origin": [-12.5, 30.8, -11], "size": [10, 2, 2], "uv": [122, 73]},
					{"origin": [-12.5, 26.8, -11], "size": [1, 4, 2], "uv": [14, 70]},
					{"origin": [-12.5, 26.8, 9], "size": [1, 4, 2], "uv": [0, 70]},
					{"origin": [-11.5, 22.8, 8], "size": [1, 7, 4], "uv": [100, 27]},
					{"origin": [-11.5, 22.8, -12], "size": [1, 7, 4], "uv": [8, 21]},
					{"origin": [-12.5, 30.8, 9], "size": [10, 2, 2], "uv": [22, 121]},
					{"origin": [-1.5, 30.8, 9], "size": [16, 2, 1], "uv": [74, 21]},
					{"origin": [-5.5, 16.8, -10], "size": [20, 3, 1], "uv": [122, 15]},
					{"origin": [-5.5, 16.8, 9], "size": [20, 3, 1], "uv": [122, 11]},
					{"origin": [10.5, 11.8, 9], "size": [4, 19, 1], "uv": [10, 0]},
					{"origin": [10.5, 11.8, -10], "size": [4, 19, 1], "uv": [0, 0]},
					{"origin": [-6.5, 8.8, -10], "size": [21, 3, 1], "uv": [122, 7]},
					{"origin": [-6.5, 8.8, 9], "size": [21, 3, 1], "uv": [92, 45]},
					{"origin": [-6, 9, -8], "size": [16, 3, 16], "uv": [72, 103]},
					{"origin": [36, 2, -10], "size": [6, 6, 1], "uv": [70, 103]},
					{"origin": [6, 2, -10], "size": [22, 6, 1], "uv": [122, 0]},
					{"origin": [-6, 2, -10], "size": [4, 6, 1], "uv": [52, 107]},
					{"origin": [-6, 2, 9], "size": [4, 6, 1], "uv": [8, 32]},
					{"origin": [-9, 2, -9], "size": [19, 6, 18], "uv": [92, 21]},
					{"origin": [13, 2, -9], "size": [28, 31, 18], "uv": [0, 21]}
				]
			},
			{
				"name": "bone",
				"parent": "body",
				"pivot": [2, 3, -10],
				"rotation": [90, 0, 0],
				"cubes": [
					{"origin": [-1, 2, -12], "size": [6, 1, 4], "uv": [60, 122]},
					{"origin": [1, 3, -11], "size": [2, 1, 2], "uv": [124, 132]}
				]
			},
			{
				"name": "bone2",
				"parent": "bone",
				"pivot": [2, 3, -10],
				"cubes": [
					{"origin": [0.5, 2, -7.37868], "size": [3, 2, 1], "uv": [38, 136]}
				]
			},
			{
				"name": "bone3",
				"parent": "bone",
				"pivot": [2, 3, -10],
				"rotation": [0, -45, 0],
				"cubes": [
					{"origin": [0.5, 2, -7.37868], "size": [3, 2, 1], "uv": [116, 135]}
				]
			},
			{
				"name": "bone4",
				"parent": "bone",
				"pivot": [2, 3, -10],
				"rotation": [0, -90, 0],
				"cubes": [
					{"origin": [0.5, 2, -7.37868], "size": [3, 2, 1], "uv": [108, 135]}
				]
			},
			{
				"name": "bone5",
				"parent": "bone",
				"pivot": [2, 3, -10],
				"rotation": [0, -135, 0],
				"cubes": [
					{"origin": [0.5, 2, -7.37868], "size": [3, 2, 1], "uv": [68, 135]}
				]
			},
			{
				"name": "bone6",
				"parent": "bone",
				"pivot": [2, 3, -10],
				"rotation": [0, -180, 0],
				"cubes": [
					{"origin": [0.5, 2, -7.37868], "size": [3, 2, 1], "uv": [60, 135]},
					{"origin": [0, 2, -13], "size": [4, 1, 6], "uv": [0, 100]}
				]
			},
			{
				"name": "bone7",
				"parent": "bone",
				"pivot": [2, 3, -10],
				"rotation": [0, -225, 0],
				"cubes": [
					{"origin": [0.5, 2, -7.37868], "size": [3, 2, 1], "uv": [131, 134]}
				]
			},
			{
				"name": "bone8",
				"parent": "bone",
				"pivot": [2, 3, -10],
				"rotation": [0, -270, 0],
				"cubes": [
					{"origin": [0.5, 2, -7.37868], "size": [3, 2, 1], "uv": [46, 134]}
				]
			},
			{
				"name": "bone9",
				"parent": "bone",
				"pivot": [2, 3, -10],
				"rotation": [0, -315, 0],
				"cubes": [
					{"origin": [0.5, 2, -7.37868], "size": [3, 2, 1], "uv": [0, 134]}
				]
			},
			{
				"name": "bone74",
				"parent": "body",
				"pivot": [32, 3, -10],
				"rotation": [90, 0, 0],
				"cubes": [
					{"origin": [29, 2, -12], "size": [6, 1, 4], "uv": [0, 107]},
					{"origin": [31, 3, -11], "size": [2, 1, 2], "uv": [30, 130]}
				]
			},
			{
				"name": "bone75",
				"parent": "bone74",
				"pivot": [32, 3, -10],
				"cubes": [
					{"origin": [30.5, 2, -7.37868], "size": [3, 2, 1], "uv": [0, 131]}
				]
			},
			{
				"name": "bone76",
				"parent": "bone74",
				"pivot": [32, 3, -10],
				"rotation": [0, -45, 0],
				"cubes": [
					{"origin": [30.5, 2, -7.37868], "size": [3, 2, 1], "uv": [130, 77]}
				]
			},
			{
				"name": "bone77",
				"parent": "bone74",
				"pivot": [32, 3, -10],
				"rotation": [0, -90, 0],
				"cubes": [
					{"origin": [30.5, 2, -7.37868], "size": [3, 2, 1], "uv": [38, 130]}
				]
			},
			{
				"name": "bone78",
				"parent": "bone74",
				"pivot": [32, 3, -10],
				"rotation": [0, -135, 0],
				"cubes": [
					{"origin": [30.5, 2, -7.37868], "size": [3, 2, 1], "uv": [22, 130]}
				]
			},
			{
				"name": "bone79",
				"parent": "bone74",
				"pivot": [32, 3, -10],
				"rotation": [0, -180, 0],
				"cubes": [
					{"origin": [30.5, 2, -7.37868], "size": [3, 2, 1], "uv": [124, 129]},
					{"origin": [30, 2, -13], "size": [4, 1, 6], "uv": [0, 77]}
				]
			},
			{
				"name": "bone80",
				"parent": "bone74",
				"pivot": [32, 3, -10],
				"rotation": [0, -225, 0],
				"cubes": [
					{"origin": [30.5, 2, -7.37868], "size": [3, 2, 1], "uv": [116, 129]}
				]
			},
			{
				"name": "bone81",
				"parent": "bone74",
				"pivot": [32, 3, -10],
				"rotation": [0, -270, 0],
				"cubes": [
					{"origin": [30.5, 2, -7.37868], "size": [3, 2, 1], "uv": [128, 115]}
				]
			},
			{
				"name": "bone82",
				"parent": "bone74",
				"pivot": [32, 3, -10],
				"rotation": [0, -315, 0],
				"cubes": [
					{"origin": [30.5, 2, -7.37868], "size": [3, 2, 1], "uv": [128, 103]}
				]
			},
			{
				"name": "bone10",
				"parent": "body",
				"pivot": [2, 3, 8],
				"rotation": [-90, 0, 0],
				"cubes": [
					{"origin": [-1, 4, 6], "size": [6, 1, 4], "uv": [0, 112]},
					{"origin": [1, 5, 7], "size": [2, 1, 2], "uv": [116, 132]}
				]
			},
			{
				"name": "bone11",
				"parent": "bone10",
				"pivot": [2, 3, 8],
				"cubes": [
					{"origin": [0.5, 4, 10.62132], "size": [3, 2, 1], "uv": [38, 133]}
				]
			},
			{
				"name": "bone12",
				"parent": "bone10",
				"pivot": [2, 3, 8],
				"rotation": [0, -45, 0],
				"cubes": [
					{"origin": [0.5, 4, 10.62132], "size": [3, 2, 1], "uv": [30, 133]}
				]
			},
			{
				"name": "bone13",
				"parent": "bone10",
				"pivot": [2, 3, 8],
				"rotation": [0, -90, 0],
				"cubes": [
					{"origin": [0.5, 4, 10.62132], "size": [3, 2, 1], "uv": [22, 133]}
				]
			},
			{
				"name": "bone14",
				"parent": "bone10",
				"pivot": [2, 3, 8],
				"rotation": [0, -135, 0],
				"cubes": [
					{"origin": [0.5, 4, 10.62132], "size": [3, 2, 1], "uv": [108, 132]}
				]
			},
			{
				"name": "bone15",
				"parent": "bone10",
				"pivot": [2, 3, 8],
				"rotation": [0, -180, 0],
				"cubes": [
					{"origin": [0.5, 4, 10.62132], "size": [3, 2, 1], "uv": [68, 132]},
					{"origin": [0, 4, 5], "size": [4, 1, 6], "uv": [76, 80]}
				]
			},
			{
				"name": "bone16",
				"parent": "bone10",
				"pivot": [2, 3, 8],
				"rotation": [0, -225, 0],
				"cubes": [
					{"origin": [0.5, 4, 10.62132], "size": [3, 2, 1], "uv": [60, 132]}
				]
			},
			{
				"name": "bone17",
				"parent": "bone10",
				"pivot": [2, 3, 8],
				"rotation": [0, -270, 0],
				"cubes": [
					{"origin": [0.5, 4, 10.62132], "size": [3, 2, 1], "uv": [131, 131]}
				]
			},
			{
				"name": "bone18",
				"parent": "bone10",
				"pivot": [2, 3, 8],
				"rotation": [0, -315, 0],
				"cubes": [
					{"origin": [0.5, 4, 10.62132], "size": [3, 2, 1], "uv": [46, 131]}
				]
			},
			{
				"name": "bone83",
				"parent": "body",
				"pivot": [32, 3, 8],
				"rotation": [-90, 0, 0],
				"cubes": [
					{"origin": [29, 4, 6], "size": [6, 1, 4], "uv": [0, 84]},
					{"origin": [31, 5, 7], "size": [2, 1, 2], "uv": [60, 112]}
				]
			},
			{
				"name": "bone84",
				"parent": "bone83",
				"pivot": [32, 3, 8],
				"cubes": [
					{"origin": [30.5, 4, 10.62132], "size": [3, 2, 1], "uv": [127, 112]}
				]
			},
			{
				"name": "bone85",
				"parent": "bone83",
				"pivot": [32, 3, 8],
				"rotation": [0, -45, 0],
				"cubes": [
					{"origin": [30.5, 4, 10.62132], "size": [3, 2, 1], "uv": [127, 107]}
				]
			},
			{
				"name": "bone86",
				"parent": "bone83",
				"pivot": [32, 3, 8],
				"rotation": [0, -90, 0],
				"cubes": [
					{"origin": [30.5, 4, 10.62132], "size": [3, 2, 1], "uv": [122, 77]}
				]
			},
			{
				"name": "bone87",
				"parent": "bone83",
				"pivot": [32, 3, 8],
				"rotation": [0, -135, 0],
				"cubes": [
					{"origin": [30.5, 4, 10.62132], "size": [3, 2, 1], "uv": [8, 117]}
				]
			},
			{
				"name": "bone88",
				"parent": "bone83",
				"pivot": [32, 3, 8],
				"rotation": [0, -180, 0],
				"cubes": [
					{"origin": [30.5, 4, 10.62132], "size": [3, 2, 1], "uv": [0, 117]},
					{"origin": [30, 4, 5], "size": [4, 1, 6], "uv": [0, 70]}
				]
			},
			{
				"name": "bone89",
				"parent": "bone83",
				"pivot": [32, 3, 8],
				"rotation": [0, -225, 0],
				"cubes": [
					{"origin": [30.5, 4, 10.62132], "size": [3, 2, 1], "uv": [84, 87]}
				]
			},
			{
				"name": "bone90",
				"parent": "bone83",
				"pivot": [32, 3, 8],
				"rotation": [0, -270, 0],
				"cubes": [
					{"origin": [30.5, 4, 10.62132], "size": [3, 2, 1], "uv": [76, 87]}
				]
			},
			{
				"name": "bone91",
				"parent": "bone83",
				"pivot": [32, 3, 8],
				"rotation": [0, -315, 0],
				"cubes": [
					{"origin": [30.5, 4, 10.62132], "size": [3, 2, 1], "uv": [0, 35]}
				]
			},
			{
				"name": "bone73",
				"parent": "body",
				"pivot": [11, 10, 0],
				"rotation": [0, 0, 12.5],
				"cubes": [
					{"origin": [8, 10, -8], "size": [3, 16, 16], "uv": [0, 121]}
				]
			},
			{
				"name": "bone19",
				"parent": "body",
				"pivot": [-2, 7, 8],
				"rotation": [0, 0, 45],
				"cubes": [
					{"origin": [-3, 6, 9], "size": [2, 4, 1], "uv": [8, 131]},
					{"origin": [-3, 6, -10], "size": [2, 4, 1], "uv": [62, 107]}
				]
			},
			{
				"name": "bone93",
				"parent": "body",
				"pivot": [28, 7, 8],
				"rotation": [0, 0, 45],
				"cubes": [
					{"origin": [27, 6, 9], "size": [2, 4, 1], "uv": [14, 77]},
					{"origin": [27, 6, -10], "size": [2, 4, 1], "uv": [0, 77]}
				]
			},
			{
				"name": "bone20",
				"parent": "body",
				"pivot": [6, 7, 8],
				"rotation": [0, 0, -45],
				"cubes": [
					{"origin": [5, 6, 9], "size": [2, 4, 1], "uv": [14, 100]},
					{"origin": [5, 6, -10], "size": [2, 4, 1], "uv": [0, 100]}
				]
			},
			{
				"name": "bone92",
				"parent": "body",
				"pivot": [36, 7, 8],
				"rotation": [0, 0, -45],
				"cubes": [
					{"origin": [35, 6, 9], "size": [2, 4, 1], "uv": [90, 80]},
					{"origin": [35, 6, -10], "size": [2, 4, 1], "uv": [76, 80]}
				]
			},
			{
				"name": "bone21",
				"parent": "body",
				"pivot": [-9, 2, 0],
				"rotation": [0, 0, 12.5],
				"cubes": [
					{"origin": [-12, 2, -10], "size": [3, 6, 20], "uv": [116, 103]},
					{"origin": [-12, 8, -10], "size": [1, 23, 2], "uv": [102, 122]},
					{"origin": [-10, 8, -1], "size": [2, 12, 2], "uv": [0, 21]},
					{"origin": [-12, 8, 8], "size": [1, 23, 2], "uv": [96, 122]},
					{"origin": [-11, 8, 9], "size": [3, 23, 1], "uv": [88, 122]},
					{"origin": [-11, 8, -10], "size": [3, 23, 1], "uv": [80, 122]},
					{"origin": [-12, 14, -8], "size": [1, 3, 16], "uv": [52, 100]}
				]
			},
			{
				"name": "bone22",
				"parent": "bone21",
				"pivot": [-11, 30, 0],
				"rotation": [0, 0, 45],
				"cubes": [
					{"origin": [-12.5, 30, -10], "size": [1, 5, 20], "uv": [38, 121]},
					{"origin": [-4.5, 23, -4], "size": [5, 2, 8], "uv": [74, 27]},
					{"origin": [-12.5, 30, -10], "size": [3, 5, 1], "uv": [92, 27]},
					{"origin": [-12.5, 30, 9], "size": [3, 5, 1], "uv": [74, 27]}
				]
			},
			{
				"name": "yRotationLowA",
				"pivot": [-8, -1, -10]
			},
			{
				"name": "bone23",
				"parent": "yRotationLowA",
				"pivot": [-8, -1, -10],
				"cubes": [
					{"origin": [-9, -1, -11], "size": [2, 4, 2], "uv": [78, 110]}
				]
			},
			{
				"name": "bone24",
				"parent": "bone23",
				"pivot": [-8, -1, -10]
			},
			{
				"name": "bone25",
				"parent": "bone24",
				"pivot": [-8, -1, -6.58579],
				"rotation": [23, 0, 0]
			},
			{
				"name": "bone26",
				"parent": "bone25",
				"pivot": [-8, -1, -6.58579],
				"rotation": [0, -45, 0],
				"cubes": [
					{"origin": [-9, -1, -7.58579], "size": [2, 3, 2], "uv": [108, 127]}
				]
			},
			{
				"name": "bone27",
				"parent": "bone23",
				"pivot": [-8, -1, -10],
				"rotation": [0, -45, 0]
			},
			{
				"name": "bone28",
				"parent": "bone27",
				"pivot": [-8, -1, -6.58579],
				"rotation": [23, 0, 0]
			},
			{
				"name": "bone29",
				"parent": "bone28",
				"pivot": [-8, -1, -6.58579],
				"rotation": [0, -45, 0],
				"cubes": [
					{"origin": [-9, -1, -7.58579], "size": [2, 3, 2], "uv": [68, 127]}
				]
			},
			{
				"name": "bone30",
				"parent": "bone23",
				"pivot": [-8, -1, -10],
				"rotation": [0, -90, 0]
			},
			{
				"name": "bone31",
				"parent": "bone30",
				"pivot": [-8, -1, -6.58579],
				"rotation": [23, 0, 0]
			},
			{
				"name": "bone32",
				"parent": "bone31",
				"pivot": [-8, -1, -6.58579],
				"rotation": [0, -45, 0],
				"cubes": [
					{"origin": [-9, -1, -7.58579], "size": [2, 3, 2], "uv": [60, 127]}
				]
			},
			{
				"name": "bone33",
				"parent": "bone23",
				"pivot": [-8, -1, -10],
				"rotation": [0, -135, 0]
			},
			{
				"name": "bone34",
				"parent": "bone33",
				"pivot": [-8, -1, -6.58579],
				"rotation": [23, 0, 0]
			},
			{
				"name": "bone35",
				"parent": "bone34",
				"pivot": [-8, -1, -6.58579],
				"rotation": [0, -45, 0],
				"cubes": [
					{"origin": [-9, -1, -7.58579], "size": [2, 3, 2], "uv": [46, 126]}
				]
			},
			{
				"name": "bone36",
				"parent": "bone23",
				"pivot": [-8, -1, -10],
				"rotation": [0, -180, 0]
			},
			{
				"name": "bone37",
				"parent": "bone36",
				"pivot": [-8, -1, -6.58579],
				"rotation": [23, 0, 0]
			},
			{
				"name": "bone38",
				"parent": "bone37",
				"pivot": [-8, -1, -6.58579],
				"rotation": [0, -45, 0],
				"cubes": [
					{"origin": [-9, -1, -7.58579], "size": [2, 3, 2], "uv": [8, 126]}
				]
			},
			{
				"name": "bone39",
				"parent": "bone23",
				"pivot": [-8, -1, -10],
				"rotation": [0, -225, 0]
			},
			{
				"name": "bone40",
				"parent": "bone39",
				"pivot": [-8, -1, -6.58579],
				"rotation": [23, 0, 0]
			},
			{
				"name": "bone41",
				"parent": "bone40",
				"pivot": [-8, -1, -6.58579],
				"rotation": [0, -45, 0],
				"cubes": [
					{"origin": [-9, -1, -7.58579], "size": [2, 3, 2], "uv": [0, 126]}
				]
			},
			{
				"name": "bone42",
				"parent": "bone23",
				"pivot": [-8, -1, -10],
				"rotation": [0, -270, 0]
			},
			{
				"name": "bone43",
				"parent": "bone42",
				"pivot": [-8, -1, -6.58579],
				"rotation": [23, 0, 0]
			},
			{
				"name": "bone44",
				"parent": "bone43",
				"pivot": [-8, -1, -6.58579],
				"rotation": [0, -45, 0],
				"cubes": [
					{"origin": [-9, -1, -7.58579], "size": [2, 3, 2], "uv": [38, 125]}
				]
			},
			{
				"name": "bone45",
				"parent": "bone23",
				"pivot": [-8, -1, -10],
				"rotation": [0, -315, 0]
			},
			{
				"name": "bone46",
				"parent": "bone45",
				"pivot": [-8, -1, -6.58579],
				"rotation": [23, 0, 0]
			},
			{
				"name": "bone47",
				"parent": "bone46",
				"pivot": [-8, -1, -6.58579],
				"rotation": [0, -45, 0],
				"cubes": [
					{"origin": [-9, -1, -7.58579], "size": [2, 3, 2], "uv": [30, 125]}
				]
			},
			{
				"name": "yRotationLowB",
				"pivot": [8, -1, -10]
			},
			{
				"name": "bone48",
				"parent": "yRotationLowB",
				"pivot": [8, -1, -10],
				"cubes": [
					{"origin": [7, -1, -11], "size": [2, 4, 2], "uv": [70, 110]}
				]
			},
			{
				"name": "bone49",
				"parent": "bone48",
				"pivot": [8, -1, -10]
			},
			{
				"name": "bone50",
				"parent": "bone49",
				"pivot": [8, -1, -6.58579],
				"rotation": [23, 0, 0]
			},
			{
				"name": "bone51",
				"parent": "bone50",
				"pivot": [8, -1, -6.58579],
				"rotation": [0, -45, 0],
				"cubes": [
					{"origin": [7, -1, -7.58579], "size": [2, 3, 2], "uv": [22, 125]}
				]
			},
			{
				"name": "bone52",
				"parent": "bone48",
				"pivot": [8, -1, -10],
				"rotation": [0, -45, 0]
			},
			{
				"name": "bone53",
				"parent": "bone52",
				"pivot": [8, -1, -6.58579],
				"rotation": [23, 0, 0]
			},
			{
				"name": "bone54",
				"parent": "bone53",
				"pivot": [8, -1, -6.58579],
				"rotation": [0, -45, 0],
				"cubes": [
					{"origin": [7, -1, -7.58579], "size": [2, 3, 2], "uv": [108, 122]}
				]
			},
			{
				"name": "bone55",
				"parent": "bone48",
				"pivot": [8, -1, -10],
				"rotation": [0, -90, 0]
			},
			{
				"name": "bone56",
				"parent": "bone55",
				"pivot": [8, -1, -6.58579],
				"rotation": [23, 0, 0]
			},
			{
				"name": "bone57",
				"parent": "bone56",
				"pivot": [8, -1, -6.58579],
				"rotation": [0, -45, 0],
				"cubes": [
					{"origin": [7, -1, -7.58579], "size": [2, 3, 2], "uv": [46, 121]}
				]
			},
			{
				"name": "bone58",
				"parent": "bone48",
				"pivot": [8, -1, -10],
				"rotation": [0, -135, 0]
			},
			{
				"name": "bone59",
				"parent": "bone58",
				"pivot": [8, -1, -6.58579],
				"rotation": [23, 0, 0]
			},
			{
				"name": "bone60",
				"parent": "bone59",
				"pivot": [8, -1, -6.58579],
				"rotation": [0, -45, 0],
				"cubes": [
					{"origin": [7, -1, -7.58579], "size": [2, 3, 2], "uv": [8, 121]}
				]
			},
			{
				"name": "bone61",
				"parent": "bone48",
				"pivot": [8, -1, -10],
				"rotation": [0, -180, 0]
			},
			{
				"name": "bone62",
				"parent": "bone61",
				"pivot": [8, -1, -6.58579],
				"rotation": [23, 0, 0]
			},
			{
				"name": "bone63",
				"parent": "bone62",
				"pivot": [8, -1, -6.58579],
				"rotation": [0, -45, 0],
				"cubes": [
					{"origin": [7, -1, -7.58579], "size": [2, 3, 2], "uv": [0, 121]}
				]
			},
			{
				"name": "bone64",
				"parent": "bone48",
				"pivot": [8, -1, -10],
				"rotation": [0, -225, 0]
			},
			{
				"name": "bone65",
				"parent": "bone64",
				"pivot": [8, -1, -6.58579],
				"rotation": [23, 0, 0]
			},
			{
				"name": "bone66",
				"parent": "bone65",
				"pivot": [8, -1, -6.58579],
				"rotation": [0, -45, 0],
				"cubes": [
					{"origin": [7, -1, -7.58579], "size": [2, 3, 2], "uv": [120, 113]}
				]
			},
			{
				"name": "bone67",
				"parent": "bone48",
				"pivot": [8, -1, -10],
				"rotation": [0, -270, 0]
			},
			{
				"name": "bone68",
				"parent": "bone67",
				"pivot": [8, -1, -6.58579],
				"rotation": [23, 0, 0]
			},
			{
				"name": "bone69",
				"parent": "bone68",
				"pivot": [8, -1, -6.58579],
				"rotation": [0, -45, 0],
				"cubes": [
					{"origin": [7, -1, -7.58579], "size": [2, 3, 2], "uv": [120, 108]}
				]
			},
			{
				"name": "bone70",
				"parent": "bone48",
				"pivot": [8, -1, -10],
				"rotation": [0, -315, 0]
			},
			{
				"name": "bone71",
				"parent": "bone70",
				"pivot": [8, -1, -6.58579],
				"rotation": [23, 0, 0]
			},
			{
				"name": "bone72",
				"parent": "bone71",
				"pivot": [8, -1, -6.58579],
				"rotation": [0, -45, 0],
				"cubes": [
					{"origin": [7, -1, -7.58579], "size": [2, 3, 2], "uv": [120, 103]}
				]
			}
		]
	}
}