{
	"format_version": "1.10.0",
	"geometry.model": {
		"texturewidth": 32,
		"textureheight": 32,
		"visible_bounds_width": 2,
		"visible_bounds_height": 1.5,
		"visible_bounds_offset": [0, 0.25, 0],
		"bones": [
			{
				"name": "keyboard",
				"pivot": [3, 0, 3],
				"cubes": [
					{"origin": [-4, 0.5, 2], "size": [8, 1, 2], "uv": [0, 16]},
					{"origin": [-3.75, 0.25, 2.5], "size": [8, 1, 1], "uv": [1, 17]},
					{"origin": [-4, 0, -4], "size": [8, 1, 8], "uv": [0, 0]}
				]
			},
			{
				"name": "tablet",
				"pivot": [0, 1, 2],
				"rotation": [-22.5, 0, 0],
				"cubes": [
					{"origin": [-4, 0.5, 1], "size": [8, 6, 1], "uv": [0, 9]}
				]
			}
		]
	}
}