{
	"format_version": "1.10.0",
	"geometry.model": {
		"texturewidth": 32,
		"textureheight": 32,
		"visible_bounds_width": 2,
		"visible_bounds_height": 1.5,
		"visible_bounds_offset": [0, 0.25, 0],
		"bones": [
			{
				"name": "body",
				"pivot": [4, 0, -3],
				"cubes": [
					{"origin": [-5, 0, -4], "size": [10, 1, 6], "uv": [0, 7]}
				]
			},
			{
				"name": "screen",
				"pivot": [0, 0, 2],
				"rotation": [-102.5, 0, 0],
				"cubes": [
					{"origin": [-5, -0.5, -4.5], "size": [10, 1, 6], "uv": [0, 0]},
					{"origin": [2, -0.6, 1], "size": [2, 1, 1], "uv": [0, 2]},
					{"origin": [-4, -0.6, 1], "size": [2, 1, 1], "uv": [0, 0]}
				]
			}
		]
	}
}