{
	"format_version": "1.10.0",
	"geometry.model": {
		"texturewidth": 32,
		"textureheight": 32,
		"visible_bounds_width": 2,
		"visible_bounds_height": 3,
		"visible_bounds_offset": [0, 0.5, 0],
		"bones": [
			{
				"name": "bodymain",
				"pivot": [0, 0, 0],
				"cubes": [
					{"origin": [-1, 16, -1], "size": [2, 3, 2], "uv": [0, 21]},
					{"origin": [-1.5, 18, 0.5], "size": [3, 1, 1], "uv": [22, 15]},
					{"origin": [-3.5, 18.25, -1.75], "size": [3.5, 0.5, 0.5], "uv": [25, 31]},
					{"origin": [-2, 18, -2], "size": [4, 1, 1], "uv": [22, 7]},
					{"origin": [-1.5, 18, -1.5], "size": [3, 1, 1], "uv": [16, 23]},
					{"origin": [-1.5, 19, -1.5], "size": [3, 1, 3], "uv": [4, 0]},
					{"origin": [-1.5, 14, -1.5], "size": [3, 1, 3], "uv": [8, 4]},
					{"origin": [-0.5, 3, -0.5], "size": [1, 13, 1], "uv": [12, 12]}
				]
			},
			{
				"name": "jio1",
				"pivot": [0, 0, -5],
				"rotation": [-10, 0, 0],
				"cubes": [
					{"origin": [-0.5, 0, -4.5], "size": [1, 16, 1], "uv": [8, 8]},
					{"origin": [-0.25, 6, -4.5], "size": [0.5, 0.5, 3], "uv": [2, 12]},
					{"origin": [-1, 0.5, -5], "size": [2, 5, 2], "uv": [17, 0]}
				]
			},
			{
				"name": "jio2",
				"pivot": [-4, 0, 3],
				"rotation": [-10, 120, 0],
				"cubes": [
					{"origin": [-4.25, 0, 3.5], "size": [1, 16, 1], "uv": [4, 4]},
					{"origin": [-3.75, 6, 3.5], "size": [0.5, 0.5, 3], "uv": [2, 12]},
					{"origin": [-4.75, 0.5, 3], "size": [2, 5, 2], "uv": [16, 8]}
				]
			},
			{
				"name": "jio3",
				"pivot": [4, 0, 2],
				"rotation": [-10, -135, 0],
				"cubes": [
					{"origin": [4.75, 0, 2], "size": [1, 16, 1], "uv": [0, 0]},
					{"origin": [5.25, 6, 2], "size": [0.5, 0.5, 3], "uv": [3, 11]},
					{"origin": [4.25, 0.5, 1.5], "size": [2, 5, 2], "uv": [16, 16]}
				]
			},
			{
				"name": "metal",
				"pivot": [-9, 10, 0],
				"rotation": [0, 0, 32.5],
				"cubes": [
					{"origin": [-9.25, 14, -2], "size": [1, 3, 1], "uv": [12, 8]},
					{"origin": [-9, 17, -1.75], "size": [0.5, 3, 0.5], "uv": [28, 29]}
				]
			}
		]
	}
}