{
	"format_version": "1.10.0",
	"geometry.model": {
		"texturewidth": 128,
		"textureheight": 128,
		"visible_bounds_width": 2,
		"visible_bounds_height": 2.5,
		"visible_bounds_offset": [0, 0.75, 0],
		"bones": [
			{
				"name": "bb_main",
				"pivot": [0, 0, 0],
				"cubes": [
					{"origin": [-8, 0, -5], "size": [16, 1, 3], "uv": [0, 31]},
					{"origin": [-8, 1.5, -5], "size": [16, 2, 3], "uv": [0, 18]},
					{"origin": [-7, 3.5, -4], "size": [14, 8, 1], "uv": [11, 51]},
					{"origin": [7, 3.5, -5], "size": [1, 8, 3], "uv": [18, 38]},
					{"origin": [-8, 3.5, -5], "size": [1, 8, 3], "uv": [10, 38]},
					{"origin": [-8, 0, -2], "size": [1, 11, 4], "uv": [0, 38]},
					{"origin": [-8, 2, 2], "size": [1, 9, 2], "uv": [26, 38]},
					{"origin": [-7, 2, 2], "size": [14, 9, 2], "uv": [0, 7]},
					{"origin": [7, 2, 2], "size": [1, 9, 2], "uv": [38, 18]},
					{"origin": [7, 0, -2], "size": [1, 11, 4], "uv": [34, 34]},
					{"origin": [7, 10.5, -2], "size": [1, 1, 3], "uv": [38, 0]},
					{"origin": [7, 1.5, 2], "size": [1, 1, 1], "uv": [0, 2]},
					{"origin": [-8, 1.5, 2], "size": [1, 1, 1], "uv": [0, 0]},
					{"origin": [-8, 10.5, -2], "size": [1, 1, 3], "uv": [35, 29]},
					{"origin": [-8, 11.5, -5], "size": [16, 1, 3], "uv": [0, 27]},
					{"origin": [-8, 1, -4], "size": [16, 1, 2], "uv": [0, 35]},
					{"origin": [-8, 1, -4.5], "size": [16, 1, 1], "uv": [32, 16]}
				]
			},
			{
				"name": "bone",
				"pivot": [7, 11, -2],
				"rotation": [-12.5, 0, 0],
				"cubes": [
					{"origin": [-8, 11.5, -2.3], "size": [16, 1, 6], "uv": [0, 0]}
				]
			},
			{
				"name": "bone2",
				"pivot": [7, 0, 2],
				"rotation": [47.5, 0, 0],
				"cubes": [
					{"origin": [-8, 0, 1.7], "size": [16, 1, 3], "uv": [0, 23]}
				]
			},
			{
				"name": "bone3",
				"pivot": [6, 0, -2],
				"cubes": [
					{"origin": [-7, 0, -2], "size": [14, 1, 4], "uv": [33, 10]}
				]
			}
		]
	}
}