{
	"format_version": "1.10.0",
	"geometry.model": {
		"texturewidth": 64,
		"textureheight": 64,
		"visible_bounds_width": 2,
		"visible_bounds_height": 2.5,
		"visible_bounds_offset": [0, 0.75, 0],
		"bones": [
			{
				"name": "bone4",
				"pivot": [0, 0, -7],
				"rotation": [0, 180, 0],
				"cubes": [
					{"origin": [-6, 8, -12], "size": [12, 1, 3], "uv": [0, 0]},
					{"origin": [-6, 1, -12], "size": [1, 7, 3], "uv": [0, 31]},
					{"origin": [5, 1, -12], "size": [1, 7, 3], "uv": [8, 31]},
					{"origin": [-4, 0, -18.5], "size": [8, 8, 1], "uv": [22, 28]},
					{"origin": [-4.5, 0, -14], "size": [9, 1, 2], "uv": [30, 5]},
					{"origin": [-4, 0, -18], "size": [8, 1, 4], "uv": [25, 8]},
					{"origin": [-5, 1, -11], "size": [10, 7, 1], "uv": [0, 23]},
					{"origin": [-6, 0, -12], "size": [12, 1, 3], "uv": [0, 4]}
				]
			},
			{
				"name": "bone3",
				"parent": "bone4",
				"pivot": [3, 7, -18],
				"rotation": [10, 0, 0],
				"cubes": [
					{"origin": [-4, 6.8, -18], "size": [8, 1, 4], "uv": [22, 23]},
					{"origin": [-4.5, 6.8, -14], "size": [9, 1, 3], "uv": [27, 1]}
				]
			},
			{
				"name": "bone2",
				"parent": "bone4",
				"pivot": [-3, 0, -18],
				"rotation": [0, -12.5, 0],
				"cubes": [
					{"origin": [-4, 0, -18], "size": [1, 8, 7], "uv": [0, 8]}
				]
			},
			{
				"name": "bone",
				"parent": "bone4",
				"pivot": [3, 0, -18],
				"rotation": [0, 12.5, 0],
				"cubes": [
					{"origin": [3, 0, -18], "size": [1, 8, 7], "uv": [16, 8]}
				]
			}
		]
	}
}