{
	"format_version": "1.10.0",
	"geometry.model": {
		"texturewidth": 64,
		"textureheight": 64,
		"visible_bounds_width": 2,
		"visible_bounds_height": 1.5,
		"visible_bounds_offset": [0, 0.25, 0],
		"bones": [
			{
				"name": "bb_main",
				"pivot": [0, 0, 0],
				"cubes": [
					{"origin": [-5, 0, 0], "size": [10, 6, 6], "uv": [0, 8]},
					{"origin": [5, 0, -1], "size": [1, 6, 7], "uv": [16, 20]},
					{"origin": [-3.5, 1.5, -1], "size": [2, 2, 1], "uv": [0, 0]},
					{"origin": [-6, 0, -1], "size": [1, 6, 7], "uv": [0, 20]},
					{"origin": [-6, 6, -1], "size": [12, 1, 7], "uv": [0, 0]}
				]
			},
			{
				"name": "mic",
				"pivot": [-5, 0, -5],
				"rotation": [0, -22.5, 0],
				"cubes": [
					{"origin": [-6, 0, -6], "size": [3, 1, 3], "uv": [9, 20]},
					{"origin": [-5, 1, -5], "size": [1, 3, 1], "uv": [0, 3]}
				]
			},
			{
				"name": "bone",
				"parent": "mic",
				"pivot": [-5, 4, -4],
				"rotation": [-12.5, 0, 0],
				"cubes": [
					{"origin": [-5.5, 3, -5.5], "size": [2, 3, 2], "uv": [25, 20]}
				]
			},
			{
				"name": "cable",
				"pivot": [-4, 0, -5],
				"rotation": [0, -40, 0],
				"cubes": [
					{"origin": [-4, 0, -4], "size": [6, 0, 1], "uv": [8, 24]}
				]
			}
		]
	}
}