{
	"pack_name": "{maid_pack.cirnosoft_prop_pack.name}",
	"model_list": [
		{
			"model_id": "cirnosoft_prop_pack:hoa_chi_nyan_default"
		},
		{
			"model_id": "cirnosoft_prop_pack:hoa_chi_nyan_summer",
			"description": ["{model.cirnosoft_prop_pack.hoa_chi_nyan_summer.desc}"]
		},
		{
			"model_id": "cirnosoft_prop_pack:hoa_chi_nyan_winter",
			"description": ["{model.cirnosoft_prop_pack.hoa_chi_nyan_winter.desc}"]
		}
	],
	"version": "2.0.1",
	"description": ["{maid_pack.cirnosoft_prop_pack.desc}"],
	"date": "2024-07-24",
	"icon": "cirnosoft_prop_pack:textures/maid_icon.png",
	"author": ["Cirnosoft Corp."]
}