{
	"pack_name": "{chair_pack.cirnosoft_prop_pack.name}",
	"model_list": [
		{
			"model_id": "cirnosoft_prop_pack:desktop_pc",
			"animation": [],
			"description": ["{model.cirnosoft_prop_pack.desktop_pc.desc}"],
			"tameable_can_ride": false
		},
		{
			"model_id": "cirnosoft_prop_pack:ms_surface",
			"animation": [],
			"description": ["{model.cirnosoft_prop_pack.ms_surface.desc}"],
			"tameable_can_ride": false
		},
		{
			"model_id": "cirnosoft_prop_pack:microsoft_surface_hub",
			"animation": [],
			"description": ["{model.cirnosoft_prop_pack.microsoft_surface_hub.desc}"],
			"tameable_can_ride": false
		},
		{
			"model_id": "cirnosoft_prop_pack:microsoft_surface_studio",
			"animation": [],
			"description": ["{model.cirnosoft_prop_pack.microsoft_surface_studio.desc}"],
			"tameable_can_ride": false
		},
		{
			"model_id": "cirnosoft_prop_pack:thinkpad_e550c",
			"animation": [],
			"description": ["{model.cirnosoft_prop_pack.thinkpad_e550c.desc}"],
			"tameable_can_ride": false
		},
		{
			"model_id": "cirnosoft_prop_pack:thinkpad_e450",
			"animation": [],
			"description": ["{model.cirnosoft_prop_pack.thinkpad_e450.desc}"],
			"tameable_can_ride": false
		},
		{
			"model_id": "cirnosoft_prop_pack:thinkpad_10",
			"animation": [],
			"description": ["{model.cirnosoft_prop_pack.thinkpad_10.desc}"],
			"tameable_can_ride": false
		},
		{
			"model_id": "cirnosoft_prop_pack:ibm_thinkpad_t60",
			"animation": [],
			"description": ["{model.cirnosoft_prop_pack.ibm_thinkpad_t60.desc}"],
			"tameable_can_ride": false
		},
		{
			"model_id": "cirnosoft_prop_pack:canon_pixma__e410",
			"animation": [],
			"description": ["{model.cirnosoft_prop_pack.canon_pixma__e410.desc}"],
			"tameable_can_ride": false
		},
		{
			"model_id": "cirnosoft_prop_pack:canon_canonet_ql19",
			"animation": [],
			"description": ["{model.cirnosoft_prop_pack.canon_canonet_ql19.desc}"],
			"tameable_can_ride": false
		},
		{
			"model_id": "cirnosoft_prop_pack:tripod",
			"animation": [],
			"description": ["{model.cirnosoft_prop_pack.tripod.desc}"],
			"tameable_can_ride": false
		},
		{
			"model_id": "cirnosoft_prop_pack:desk_telephone",
			"animation": [],
			"description": ["{model.cirnosoft_prop_pack.desk_telephone.desc}"],
			"tameable_can_ride": false
		},
		{
			"model_id": "cirnosoft_prop_pack:calculator",
			"animation": [],
			"description": ["{model.cirnosoft_prop_pack.calculator.desc}"],
			"tameable_can_ride": false
		},
		{
			"model_id": "cirnosoft_prop_pack:ham_radio",
			"animation": [],
			"tameable_can_ride": false
		},
		{
			"model_id": "cirnosoft_prop_pack:us_army_ham_radio",
			"animation": [],
			"tameable_can_ride": false
		},
		{
			"model_id": "cirnosoft_prop_pack:tvblack",
			"animation": [],
			"tameable_can_ride": false
		},
		{
			"model_id": "cirnosoft_prop_pack:tv_widescreen",
			"animation": [],
			"tameable_can_ride": false
		},
		{
			"model_id": "cirnosoft_prop_pack:npb_1",
			"animation": [],
			"tameable_can_ride": false
		},
		{
			"model_id": "cirnosoft_prop_pack:npb_2",
			"animation": [],
			"tameable_can_ride": false
		},
		{
			"model_id": "cirnosoft_prop_pack:payphone",
			"animation": [],
			"render_item_scale": 0.7,
			"tameable_can_ride": false
		},
		{
			"model_id": "cirnosoft_prop_pack:double_payphone",
			"animation": [],
			"render_item_scale": 0.6,
			"tameable_can_ride": false
		},
		{
			"model_id": "cirnosoft_prop_pack:payphone_complex",
			"animation": [],
			"render_item_scale": 0.5,
			"tameable_can_ride": false
		},
		{
			"model_id": "cirnosoft_prop_pack:street_sweeper",
			"animation": ["touhou_little_maid:animation/base/rotation/y_low_speed.js"],
			"description": ["{model.cirnosoft_prop_pack.street_sweeper.desc}"],
			"render_item_scale": 0.8,
			"mounted_height": 11
		},
		{
			"model_id": "cirnosoft_prop_pack:gmc_rts",
			"render_item_scale": 0.2,
			"mounted_height": 16,
			"animation": [],
			"description": ["{model.cirnosoft_prop_pack.gmc_rts.desc}"]
		},
		{
			"model_id": "cirnosoft_prop_pack:taxi",
			"render_item_scale": 0.4,
			"mounted_height": 10,
			"animation": [],
			"description": ["{model.cirnosoft_prop_pack.taxi.desc}"]
		},
		{
			"model_id": "cirnosoft_prop_pack:cop_car",
			"mounted_height": 9,
			"animation": [],
			"description": ["{model.cirnosoft_prop_pack.cop_car.desc}"],
			"render_item_scale": 0.5
		},
		{
			"model_id": "cirnosoft_prop_pack:cab",
			"render_item_scale": 0.5,
			"mounted_height": 9,
			"animation": [],
			"description": ["{model.cirnosoft_prop_pack.cab.desc}"]
		},
		{
			"model_id": "cirnosoft_prop_pack:electrician",
			"mounted_height": 7,
			"animation": [],
			"description": ["{model.cirnosoft_prop_pack.electrician.desc}"],
			"render_item_scale": 0.3
		},
		{
			"model_id": "cirnosoft_prop_pack:electrician_unfold",
			"render_item_scale": 0.3,
			"mounted_height": 40,
			"animation": [],
			"description": ["{model.cirnosoft_prop_pack.electrician_unfold.desc}"]
		},
		{
			"model_id": "cirnosoft_prop_pack:luggage_tractor",
			"animation": [],
			"mounted_height": 16,
			"render_item_scale": 0.4
		},
		{
			"model_id": "cirnosoft_prop_pack:stockade",
			"animation": [],
			"render_item_scale": 0.4,
			"render_entity_scale": 1.4
		}
	],
	"version": "0.3.6",
	"author": ["Cirnosoft Corp."],
	"description": ["{chair_pack.cirnosoft_prop_pack.desc}"],
	"date": "2024-06-06",
	"icon": "cirnosoft_prop_pack:textures/maid_icon.png"
}