{
	"format_version": "1.12.0",
	"minecraft:geometry": [
		{
			"description": {
				"identifier": "geometry.default",
				"texture_width": 256,
				"texture_height": 256,
				"visible_bounds_width": 5,
				"visible_bounds_height": 6.5,
				"visible_bounds_offset": [0, 2.75, 0]
			},
			"bones": [
				{
					"name": "Root",
					"pivot": [0, -0.45, 0]
				},
				{
					"name": "AllBody",
					"parent": "Root",
					"pivot": [0, 22.1491, 0.575]
				},
				{
					"name": "UpBody",
					"parent": "AllBody",
					"pivot": [0, 22.14907, 0],
					"cubes": [
						{"origin": [-3.05, 24.825, 0.975], "size": [6.1, 1.2, 2], "pivot": [0.05, 28.625, 0.1], "rotation": [-17.5, 0, 0], "uv": [56, 51]},
						{"origin": [-3.42, 24.42945, 0.28463], "size": [1, 1.1, 2], "pivot": [-2.6, 26.32945, 1.34463], "rotation": [-17.14022, -3.58448, -11.45964], "uv": [16, 57]},
						{"origin": [2.42, 24.42945, 0.28463], "size": [1, 1.1, 2], "pivot": [2.6, 26.32945, 1.34463], "rotation": [-17.14022, 3.58448, 11.45964], "uv": [79, 47]},
						{"origin": [-2.45, 21.125, -1.8], "size": [4.9, 4, 3], "uv": [51, 32]},
						{"origin": [-2.5, 25.21635, -0.08266], "size": [5, 1.5, 2.1], "pivot": [0, 25.89135, 0.94234], "rotation": [2.5, 0, 0], "uv": [42, 55]},
						{"origin": [-3, 22.075, 0.575], "size": [6, 2, 1.25], "pivot": [0, 23.41174, 0.35], "rotation": [12.5, 0, 0], "uv": [63, 6]},
						{"origin": [-3.3261, 21.51834, 0.5], "size": [1.075, 3, 1.3], "pivot": [0, 23.41174, 0.35], "rotation": [12.3159, -2.1539, 9.7676], "uv": [47, 82]},
						{"origin": [-3.27283, 20.65, -1.775], "size": [2, 4, 2.95], "pivot": [0.00217, 24, -0.325], "rotation": [0, 0, 10], "uv": [49, 75]},
						{"origin": [1.27283, 20.65, -1.775], "size": [2, 4, 2.95], "pivot": [-0.00217, 24, -0.325], "rotation": [0, 0, -10], "uv": [69, 74]},
						{"origin": [2.2511, 21.51834, 0.5], "size": [1.075, 3, 1.3], "pivot": [0, 23.41174, 0.35], "rotation": [12.3159, 2.1539, -9.7676], "uv": [82, 34]},
						{"origin": [-3.63046, 25.68952, 0.85], "size": [2, 1.25, 1], "pivot": [0, 27.97407, -0.125], "rotation": [2.46207, 0.43399, -9.99067], "uv": [43, 22]},
						{"origin": [1.30232, 25.32429, 0.93981], "size": [2, 1.25, 1], "pivot": [2.30232, 25.94929, 1.43981], "rotation": [1.96207, -0.43399, 9.99067], "uv": [43, 22], "mirror": true},
						{"origin": [0.34404, 24.50271, -1.87073], "size": [2.9, 2, 2.9], "pivot": [1.79404, 25.50271, -0.42073], "rotation": [2.48633, -0.26124, 5.99433], "uv": [77, 64]},
						{"origin": [-2.5, 24.32534, -2.00499], "size": [5, 2, 2], "pivot": [0, 26.32534, -1.55499], "rotation": [5, 0, 0], "uv": [40, 21]},
						{"origin": [-3.63046, 24.86452, -1.975], "size": [2.9, 2, 2.9], "pivot": [0, 27.89907, -0.15], "rotation": [2.46207, 0.43399, -9.99067], "uv": [77, 69]}
					]
				},
				{
					"name": "UpperBody",
					"parent": "UpBody",
					"pivot": [0, 25.04907, -0.075],
					"cubes": [
						{"origin": [-3.7, 26.95, -2.225], "size": [7.4, 4.1, 4], "uv": [25, 11]},
						{"origin": [-3.695, 26.95, 1.484], "size": [7.39, 3.075, 1], "uv": [57, 20]},
						{"origin": [-3.69, 28.55, -0.1], "size": [7.38, 1, 1.25], "pivot": [-0.11, 28.5, 2.275], "rotation": [-55, 0, 0], "uv": [60, 25]},
						{"origin": [-3.1, 25.2431, -2.00476], "size": [6.2, 3, 3], "pivot": [0, 26.9431, -0.92976], "rotation": [5, 0, 0], "uv": [38, 20]},
						{"origin": [-3.1, 25.24433, 1.28267], "size": [6.2, 2, 1], "pivot": [0, 26.32923, 1.50267], "rotation": [-12.5, 0, 0], "uv": [62, 65]},
						{"origin": [-3.43083, 25.88676, 0.22267], "size": [1, 2.1, 2], "pivot": [0, 26.32923, 1.50267], "rotation": [-12.23516, -2.5792, -11.72352], "uv": [78, 5]},
						{"origin": [2.43083, 25.88676, 0.22267], "size": [1, 2.1, 2], "pivot": [0, 26.32923, 1.50267], "rotation": [-12.23516, 2.5792, 11.72352], "uv": [0, 59]},
						{"origin": [-3.73046, 25.86452, -1.95], "size": [3, 2, 3], "pivot": [0, 27.89907, -0.075], "rotation": [2.46207, 0.43399, -9.99067], "uv": [38, 67]},
						{"origin": [0.73046, 25.86452, -1.95], "size": [3, 2, 3], "pivot": [0, 27.89907, -0.075], "rotation": [2.46207, -0.43399, 9.99067], "uv": [13, 64]}
					]
				},
				{
					"name": "AllHead",
					"parent": "UpperBody",
					"pivot": [0, 31, 0],
					"cubes": [
						{"origin": [-1.5, 30.65, -1.275], "size": [3, 2, 3], "uv": [51, 69]}
					]
				},
				{
					"name": "Head",
					"parent": "AllHead",
					"pivot": [0, 31.95, -0.5],
					"cubes": [
						{
							"origin": [-3.5, 31.95, -4],
							"size": [7, 7, 7],
							"uv": {
								"north": {"uv": [7, 7], "uv_size": [7, 7]},
								"east": {"uv": [0, 7], "uv_size": [7, 7]},
								"south": {"uv": [21, 7], "uv_size": [7, 7]},
								"west": {"uv": [14, 7], "uv_size": [7, 7]},
								"up": {"uv": [7, 0], "uv_size": [7, 7]},
								"down": {"uv": [14, 7], "uv_size": [7, -7]}
							}
						},
						{"origin": [1.83319, 32.85, -1.83132], "size": [3, 3, 1], "pivot": [3.73319, 34.55, -1.33132], "rotation": [-3.2993, -22.26923, 8.64954], "uv": [0, 78], "mirror": true},
						{"origin": [-4.83319, 32.85, -1.83132], "size": [3, 3, 1], "pivot": [-3.73319, 34.55, -1.33132], "rotation": [-3.2993, 22.26923, -8.64954], "uv": [0, 78]}
					]
				},
				{
					"name": "Face",
					"parent": "Head",
					"pivot": [0, 33.9, 0]
				},
				{
					"name": "Eyes",
					"parent": "Face",
					"pivot": [0, 33.95, -0.5]
				},
				{
					"name": "Eyelid",
					"parent": "Eyes",
					"pivot": [0, 33.95, -0.5]
				},
				{
					"name": "RightEyelid",
					"parent": "Eyelid",
					"pivot": [-2.5, 33.15, -3.525],
					"cubes": [
						{"origin": [-3.5, 32.94, -4.025], "size": [2, 2.02, 1], "uv": [1, 232]}
					]
				},
				{
					"name": "RightEyelidBase",
					"parent": "RightEyelid",
					"pivot": [-2.325, 33.95, -3.575],
					"cubes": [
						{"origin": [-3.025, 32.95, -4.075], "size": [1.4, 2, 1], "uv": [1, 242]}
					]
				},
				{
					"name": "RightPupil",
					"parent": "RightEyelidBase",
					"pivot": [-2.3275, 33.9375, -3.6075],
					"cubes": [
						{"origin": [-2.505, 33.76, -4.12], "size": [0.35, 0.63, 1], "uv": [1.5, 248.5]},
						{"origin": [-2.575, 33.66, -4.095], "size": [0.5, 0.8, 1], "uv": [1.5, 251.5]}
					]
				},
				{
					"name": "RightEyesDot",
					"parent": "RightEyelidBase",
					"pivot": [-4.82, 33.7925, -3.9925],
					"cubes": [
						{"origin": [-2.05, 34.3, -4.1], "size": [0.385, 0.25, 0.2], "uv": [7.5, 246.5], "mirror": true},
						{"origin": [-3.03, 33.275, -4.1], "size": [0.26, 0.25, 0.2], "uv": [7.5, 246.5], "mirror": true},
						{"origin": [-3.025, 32.935, -4.085], "size": [1.4, 0.358, 0.2], "uv": [6.5, 254.5], "mirror": true},
						{"origin": [-2.375, 33.064, -4.085], "size": [0.71, 0.35, 0.2], "pivot": [-2.325, 33.0975, -3.985], "rotation": [0, 0, 10], "uv": [6.5, 254.5], "mirror": true},
						{"origin": [-2.91, 33.87, -4.085], "size": [0.717, 0.35, 0.2], "pivot": [2.325, 33.0975, -3.985], "rotation": [0, 0, -10], "uv": [6.5, 254.5]}
					]
				},
				{
					"name": "LeftEyelid",
					"parent": "Eyelid",
					"pivot": [2.5, 33.15, -3.525],
					"cubes": [
						{"origin": [1.5, 32.94, -4.025], "size": [2, 2.02, 1], "uv": [8, 232]}
					]
				},
				{
					"name": "LeftEyelidBase",
					"parent": "LeftEyelid",
					"pivot": [2.325, 33.95, -3.575],
					"cubes": [
						{"origin": [1.625, 32.95, -4.075], "size": [1.4, 2, 1], "uv": [6, 242]}
					]
				},
				{
					"name": "LeftPupil",
					"parent": "LeftEyelidBase",
					"pivot": [2.3275, 33.9375, -3.6075],
					"cubes": [
						{"origin": [2.075, 33.66, -4.095], "size": [0.5, 0.8, 1], "uv": [6.5, 251.5]},
						{"origin": [2.155, 33.76, -4.12], "size": [0.35, 0.63, 1], "uv": [6.5, 248.5]}
					]
				},
				{
					"name": "LeftEyesDot",
					"parent": "LeftEyelidBase",
					"pivot": [2.5675, 33.7925, -3.9925],
					"cubes": [
						{"origin": [2.59, 34.3, -4.1], "size": [0.385, 0.25, 0.2], "uv": [7.5, 246.5]},
						{"origin": [1.619, 33.275, -4.1], "size": [0.26, 0.25, 0.2], "uv": [7.5, 246.5]},
						{"origin": [1.625, 32.935, -4.085], "size": [1.4, 0.358, 0.2], "uv": [6.5, 254.5]},
						{"origin": [1.665, 33.064, -4.085], "size": [0.71, 0.35, 0.2], "pivot": [2.325, 33.0975, -3.985], "rotation": [0, 0, -10], "uv": [6.5, 254.5]},
						{"origin": [2.193, 33.87, -4.085], "size": [0.717, 0.35, 0.2], "pivot": [-2.325, 33.0975, -3.985], "rotation": [0, 0, 10], "uv": [6.5, 254.5], "mirror": true}
					]
				},
				{
					"name": "LeftEyebrow",
					"parent": "Eyes",
					"pivot": [2.875, 34.75, -3.7],
					"cubes": [
						{"origin": [1.375, 34.75, -4.2], "size": [2.3, 1, 1], "uv": [8, 239]},
						{"origin": [3.35, 34.475, -4.375], "size": [1.1, 1, 1], "uv": [7, 236]}
					]
				},
				{
					"name": "RightEyebrow",
					"parent": "Eyes",
					"pivot": [-2.875, 34.75, -3.7],
					"cubes": [
						{"origin": [-3.675, 34.75, -4.2], "size": [2.3, 1, 1], "uv": [1, 239]},
						{"origin": [-4.45, 34.475, -4.375], "size": [1.1, 1, 1], "uv": [2, 236]}
					]
				},
				{
					"name": "Mouth",
					"parent": "Face",
					"pivot": [0, 32.9, -2.41]
				},
				{
					"name": "Mouth1",
					"parent": "Mouth",
					"pivot": [-0.01026, 32.59535, -2.96],
					"cubes": [
						{"origin": [-0.175, 32.525, -3.01], "size": [0.4, 0.15, 0.1], "pivot": [0.125, 32.6, -3.01], "rotation": [0, 0, -37.5], "uv": [11.5, 243.5]},
						{"origin": [-0.425, 32.825, -3.01], "size": [0.4, 0.15, 0.1], "pivot": [0.15, 32.6, -3.01], "rotation": [0, 0, -37.5], "uv": [11.5, 243.5]},
						{"origin": [-0.175, 32.3, -3.01], "size": [0.35, 0.15, 0.1], "pivot": [0.125, 32.6, -3.01], "rotation": [0, 0, 50], "uv": [11.5, 243.5]},
						{"origin": [-0.9603, 32.54994, -3.01], "size": [0.4, 0.15, 0.1], "pivot": [-0.7353, 32.67494, -2.96], "rotation": [0, 0, -42], "uv": [12.5, 242.5]},
						{"origin": [-0.65, 32.325, -3.01], "size": [0.4, 0.15, 0.1], "pivot": [-0.275, 32.6, -3.01], "rotation": [0, 0, 50], "uv": [11.5, 243.5]},
						{"origin": [0.5603, 32.54994, -3.01], "size": [0.4, 0.15, 0.1], "pivot": [0.7353, 32.67494, -2.96], "rotation": [0, 0, 42], "uv": [12.5, 242.5]},
						{"origin": [0.25, 32.325, -3.01], "size": [0.4, 0.15, 0.1], "pivot": [0.275, 32.6, -3.01], "rotation": [0, 0, -50], "uv": [12.5, 242.5]},
						{"origin": [0.025, 32.825, -3.01], "size": [0.4, 0.15, 0.1], "pivot": [-0.15, 32.6, -3.01], "rotation": [0, 0, 37.5], "uv": [11.5, 243.5]}
					]
				},
				{
					"name": "Mouth2",
					"parent": "Mouth",
					"pivot": [0.0125, 32.66, -3.01],
					"cubes": [
						{"origin": [-0.575, 32.31, -3.01], "size": [1.175, 0.7, 0.1], "uv": [11.5, 242.5]},
						{"origin": [0.015, 32.54313, -3.01], "size": [0.575, 0.45, 0.1], "pivot": [0.44047, 32.90002, -2.9725], "rotation": [0, 0, -110], "uv": [11.5, 243.5]},
						{"origin": [-0.08953, 32.75442, -3.01], "size": [0.45, 0.45, 0.1], "pivot": [0.44047, 32.90002, -2.9725], "rotation": [0, 0, -135], "uv": [11.5, 243.5]},
						{"origin": [-0.08042, 32.78755, -3.01], "size": [0.525, 0.275, 0.1], "pivot": [0.44047, 32.90002, -2.9725], "rotation": [0, 0, 17.5], "uv": [11.5, 243.5]},
						{"origin": [-0.59, 32.54313, -3.01], "size": [0.575, 0.45, 0.1], "pivot": [-0.44047, 32.90002, -2.9725], "rotation": [0, 0, 110], "uv": [11.5, 242.5]},
						{"origin": [-0.36047, 32.75442, -3.01], "size": [0.45, 0.45, 0.1], "pivot": [-0.44047, 32.90002, -2.9725], "rotation": [0, 0, 135], "uv": [11.5, 242.5]},
						{"origin": [-0.44458, 32.78755, -3.01], "size": [0.525, 0.275, 0.1], "pivot": [-0.44047, 32.90002, -2.9725], "rotation": [0, 0, -17.5], "uv": [11.5, 243.5]}
					]
				},
				{
					"name": "Mouth3",
					"parent": "Mouth",
					"pivot": [-0.00142, 32.52428, -2.96],
					"cubes": [
						{"origin": [-0.175, 32.725, -3.01], "size": [0.4, 0.35, 0.1], "pivot": [0.125, 33, -3.01], "rotation": [0, 0, -37.5], "uv": [12.5, 242.5]},
						{"origin": [-0.425, 32.85, -3.01], "size": [0.4, 0.525, 0.1], "pivot": [0.15, 33, -3.01], "rotation": [0, 0, -37.5], "uv": [11.5, 243.5]},
						{"origin": [-0.175, 32.7, -3.01], "size": [0.35, 0.15, 0.1], "pivot": [0.125, 33, -3.01], "rotation": [0, 0, 50], "uv": [11.5, 243.5]},
						{"origin": [-0.9603, 32.72494, -3.01], "size": [0.4, 0.375, 0.1], "pivot": [-0.7353, 33.07494, -2.96], "rotation": [0, 0, -42], "uv": [11.5, 244.5]},
						{"origin": [-1.6103, 32.14994, -3.01], "size": [0.7, 1.075, 0.1], "pivot": [-0.7353, 33.07494, -2.96], "rotation": [0, 0, -77], "uv": [11.5, 242.5]},
						{"origin": [0.9103, 32.09994, -3.01], "size": [0.7, 1.125, 0.1], "pivot": [0.7353, 33.07494, -2.96], "rotation": [0, 0, 77], "uv": [11.5, 242.5]},
						{"origin": [1.6103, 32.84994, -3.01], "size": [0.2, 0.375, 0.1], "pivot": [0.7353, 33.07494, -2.96], "rotation": [0, 0, 77], "uv": [11.5, 243.5]},
						{"origin": [1.6103, 32.47494, -3.01], "size": [0.1, 0.375, 0.1], "pivot": [0.7353, 33.07494, -2.96], "rotation": [0, 0, 77], "uv": [12.5, 242.5]},
						{"origin": [1.6103, 32.37494, -3.01], "size": [0.1, 0.175, 0.1], "pivot": [0.7353, 33.07494, -2.96], "rotation": [0, 0, 77], "uv": [11.5, 243.5]},
						{"origin": [-1.7103, 32.37494, -3.01], "size": [0.1, 0.175, 0.1], "pivot": [-0.7353, 33.07494, -2.96], "rotation": [0, 0, -77], "uv": [11.5, 243.5]},
						{"origin": [-1.7353, 32.52494, -3.01], "size": [0.125, 0.325, 0.1], "pivot": [-0.7353, 33.07494, -2.96], "rotation": [0, 0, -77], "uv": [11.5, 243.5]},
						{"origin": [-1.8103, 32.84994, -3.01], "size": [0.2, 0.375, 0.1], "pivot": [-0.7353, 33.07494, -2.96], "rotation": [0, 0, -77], "uv": [11.5, 243.5]},
						{"origin": [1.7353, 31.19994, -3.01], "size": [0.1, 2.25, 0.1], "pivot": [0.7353, 33.07494, -2.96], "rotation": [0, 0, 89.5], "uv": [11.5, 242.5]},
						{"origin": [-0.65, 32.725, -3.01], "size": [0.4, 0.15, 0.1], "pivot": [-0.275, 33, -3.01], "rotation": [0, 0, 50], "uv": [12.5, 242.5]},
						{"origin": [0.5603, 32.74994, -3.01], "size": [0.4, 0.35, 0.1], "pivot": [0.7353, 33.07494, -2.96], "rotation": [0, 0, 42], "uv": [11.5, 243.5]},
						{"origin": [0.25, 32.725, -3.01], "size": [0.4, 0.15, 0.1], "pivot": [0.275, 33, -3.01], "rotation": [0, 0, -50], "uv": [11.5, 243.5]},
						{"origin": [0.025, 33, -3.01], "size": [0.4, 0.375, 0.1], "pivot": [-0.15, 33, -3.01], "rotation": [0, 0, 37.5], "uv": [11.5, 242.5]}
					]
				},
				{
					"name": "Mouth4",
					"parent": "Mouth",
					"pivot": [0, 32.6821, -2.96],
					"cubes": [
						{"origin": [-0.02418, 32.82735, -3.01], "size": [0.925, 0.15, 0.1], "pivot": [0.43832, 32.90235, -3.01], "rotation": [0, 0, 8.25], "uv": [11.5, 244.5]},
						{"origin": [0.34582, 32.91735, -3.02], "size": [0.2, 0.2, 0.1], "pivot": [0.43832, 32.90235, -3.01], "rotation": [0, 0, 53.25], "uv": [13.5, 244.5]},
						{"origin": [-0.6, 32.15, -3.01], "size": [1.2, 0.75, 0.1], "uv": [11.5, 242.5]},
						{"origin": [0.02193, 32.37739, -3.01], "size": [0.675, 0.4, 0.1], "pivot": [0.48943, 32.71739, -3.01], "rotation": [0, 0, -65], "uv": [11.5, 243.5]},
						{"origin": [-0.90082, 32.82735, -3.01], "size": [0.925, 0.15, 0.1], "pivot": [-0.43832, 32.90235, -3.01], "rotation": [0, 0, -8.25], "uv": [11.5, 242.5]},
						{"origin": [-0.69693, 32.37739, -3.01], "size": [0.675, 0.4, 0.1], "pivot": [-0.48943, 32.71739, -3.01], "rotation": [0, 0, 65], "uv": [11.5, 243.5]}
					]
				},
				{
					"name": "Mouth5",
					"parent": "Mouth",
					"pivot": [0, 32.48939, -2.96],
					"cubes": [
						{"origin": [-0.0625, 32.38912, -3.01], "size": [0.125, 0.125, 0.1], "uv": [11.5, 244.5]},
						{"origin": [-0.25173, 32.41738, -3.01], "size": [0.25, 0.125, 0.1], "pivot": [-0.07673, 32.49238, -3.01], "rotation": [0, 0, 32], "uv": [11.5, 243.5]},
						{"origin": [0.00173, 32.41738, -3.01], "size": [0.25, 0.125, 0.1], "pivot": [0.07673, 32.49238, -3.01], "rotation": [0, 0, -32], "uv": [12.5, 242.5]}
					]
				},
				{
					"name": "Mouth6",
					"parent": "Mouth",
					"pivot": [-0.003, 33.07299, -0.09928],
					"cubes": [
						{"origin": [-0.15015, 32.77827, -0.15762], "size": [0.3003, 0.3003, 0.14024], "pivot": [0, 33.12061, -0.0375], "rotation": [-12.5, 0, 0], "uv": [11.5, 246.5]},
						{"origin": [-0.43844, 32.97046, -0.15762], "size": [0.85285, 0.68468, 0.14024], "pivot": [0, 33.12061, -0.0375], "rotation": [-12.5, 0, 0], "uv": [11.5, 246.5]},
						{"origin": [-0.28656, 32.7628, -0.15762], "size": [0.36036, 0.3003, 0.14024], "pivot": [0, 33.12061, -0.0375], "rotation": [-10.64776, 6.58606, 31.38559], "uv": [11.5, 246.5]},
						{"origin": [-0.0738, 32.7628, -0.15762], "size": [0.36036, 0.3003, 0.14024], "pivot": [0, 33.12061, -0.0375], "rotation": [-10.64776, -6.58606, -31.38559], "uv": [11.5, 246.5]}
					]
				},
				{
					"name": "Mouth7",
					"parent": "Mouth6",
					"pivot": [0.18434, 33.02634, -0.05762],
					"cubes": [
						{"origin": [-0.77643, 33.55046, -0.05762], "size": [0.77285, 0.18468, 0.24024], "uv": [11.5, 242.5]},
						{"origin": [0.00357, 33.55046, -0.05762], "size": [0.77285, 0.18468, 0.24024], "uv": [11.5, 242.5], "mirror": true}
					]
				},
				{
					"name": "Hair",
					"parent": "Head",
					"pivot": [-0.14783, 36.56957, -0.12826]
				},
				{
					"name": "TopHair",
					"parent": "Hair",
					"pivot": [0, 15.1, -0.75],
					"cubes": [
						{"origin": [1.499, 36.825, -5.55], "size": [1, 3, 1], "uv": [28, 82]},
						{"origin": [-2.499, 36.825, -5.55], "size": [1, 3, 1], "uv": [28, 82], "mirror": true},
						{"origin": [-1.5, 37.825, -5.375], "size": [3, 2, 1], "uv": [76, 30]},
						{"origin": [-2.495, 36.825, -5.225], "size": [1, 3, 1], "uv": [69, 81]},
						{"origin": [-4.3375, 36.325, -4.7], "size": [1, 3.3, 3], "uv": [9, 70]},
						{"origin": [3.3875, 36.1, -4.75], "size": [1, 3.525, 3], "uv": [0, 70]},
						{"origin": [-4.5, 32.2, -3.2], "size": [1, 8, 6], "uv": [0, 34]},
						{"origin": [-3, 32.4, 3.45], "size": [6, 7, 1], "uv": [48, 0]},
						{"origin": [-4, 32.4, 2.45], "size": [8, 7, 1], "uv": [29, 0]},
						{"origin": [-2.975, 40.1, -4.35], "size": [6, 1, 7], "uv": [0, 25]},
						{"origin": [-2, 38.8, -4.95], "size": [4, 2, 1], "uv": [72, 10]},
						{"origin": [-4, 39.4, -4.55], "size": [8, 1, 8], "uv": [0, 15]},
						{"origin": [-2, 41.1, -3.35], "size": [4, 1, 5], "uv": [37, 35]},
						{"origin": [-3, 41.1, -2.35], "size": [1, 1, 3], "uv": [75, 59]},
						{"origin": [2, 41.1, -2.35], "size": [1, 1, 3], "uv": [74, 25]},
						{"origin": [-3.975, 40.1, -3.35], "size": [1, 1, 5], "uv": [8, 57]},
						{"origin": [3.025, 40.1, -3.35], "size": [1, 1, 5], "uv": [52, 55]},
						{"origin": [2.425, 36.825, -5.25], "size": [1.1, 3, 1], "uv": [42, 80]},
						{"origin": [-3.5, 37.125, -5.125], "size": [1, 2.6, 1], "uv": [37, 80]}
					]
				},
				{
					"name": "RightHair",
					"parent": "Hair",
					"pivot": [0, 15.1, -0.75],
					"cubes": [
						{"origin": [-5.5, 33.2, 0.275], "size": [1, 6, 2], "uv": [62, 74]},
						{"origin": [4.5, 33.2, 0.275], "size": [1, 6, 2], "uv": [74, 40]},
						{"origin": [-5.5, 31.2, -0.725], "size": [1, 8, 1], "uv": [18, 76]},
						{"origin": [-5.5, 34.2, -1.725], "size": [1, 4, 1], "uv": [78, 74]},
						{"origin": [3.5, 32.2, -3.2], "size": [1, 8, 6], "uv": [0, 34], "mirror": true},
						{"origin": [4.5, 31.2, -0.725], "size": [1, 8, 1], "uv": [18, 76], "mirror": true},
						{"origin": [4.5, 34.2, -1.725], "size": [1, 4, 1], "uv": [78, 74], "mirror": true},
						{"origin": [-4.4, 34.8, -4.35], "size": [1, 4, 2], "uv": [22, 0]},
						{"origin": [1.84924, 31.94972, 6.93277], "size": [2, 6, 1], "pivot": [2.36604, 15.90616, 2.33004], "rotation": [49.1895, 86.7138, 42.8839], "uv": [0, 15]},
						{"origin": [-5.65695, 32.41898, 2.44112], "size": [2, 6, 1], "pivot": [-4.65695, 35.41898, 2.89112], "rotation": [1.2933, -55.2049, 3.0808], "uv": [75, 51], "mirror": true},
						{"origin": [3.65695, 32.41898, 2.44112], "size": [2, 6, 1], "pivot": [4.65695, 35.41898, 2.89112], "rotation": [1.2933, 55.2049, -3.0808], "uv": [75, 51]},
						{"origin": [-3.84924, 31.94972, 6.93276], "size": [2, 6, 1], "pivot": [-2.36604, 15.90616, 2.33003], "rotation": [49.1895, -86.7138, -42.8839], "uv": [0, 15], "mirror": true}
					]
				},
				{
					"name": "FrontHair",
					"parent": "Hair",
					"pivot": [0, 14.3, -0.75]
				},
				{
					"name": "FrontHair1",
					"parent": "FrontHair",
					"pivot": [2, 38.075, -5.25],
					"cubes": [
						{"origin": [-1.2, 35.15, -5.75], "size": [1.225, 4.9, 1], "pivot": [-0.7, 37.45, -5.25], "rotation": [0, 0, 1], "uv": [32, 76]},
						{"origin": [-0.125, 35.15, -5.75], "size": [1.325, 4.9, 1], "pivot": [0.7, 37.45, -5.25], "rotation": [0, 0, -1], "uv": [32, 76], "mirror": true},
						{"origin": [-2.225, 36.075, -5.75], "size": [1.025, 3, 1], "pivot": [0, 37.05, -5.25], "rotation": [0, 0, 1], "uv": [57, 81]},
						{"origin": [1.2, 36.075, -5.75], "size": [1.025, 3, 1], "pivot": [0, 37.05, -5.25], "rotation": [0, 0, -1], "uv": [57, 81], "mirror": true},
						{"origin": [-3.25, 36, -5.625], "size": [1.05, 2.8, 1], "pivot": [-2, 38.075, -5.125], "rotation": [0, 0, 1], "uv": [23, 81]},
						{"origin": [2.2, 36, -5.625], "size": [1.05, 2.8, 1], "pivot": [2, 38.075, -5.125], "rotation": [0, 0, -1], "uv": [23, 81], "mirror": true},
						{"origin": [-4.125, 35.375, -5.625], "size": [1, 3.225, 1], "pivot": [-2, 38.075, -5.125], "rotation": [0, 0, 6], "uv": [23, 81]},
						{"origin": [3.125, 35.375, -5.625], "size": [1, 3.225, 1], "pivot": [2, 38.075, -5.125], "rotation": [0, 0, -6], "uv": [23, 81], "mirror": true}
					]
				},
				{
					"name": "FrontHair2",
					"parent": "FrontHair",
					"pivot": [-4.37735, 35.42243, -3.41577],
					"cubes": [
						{"origin": [-4.47485, 35.24593, -4.24748], "size": [1.025, 2, 1], "pivot": [-4.37735, 35.42243, -3.41577], "rotation": [-0.4948, 0.2395, 7.4885], "uv": [82, 13], "mirror": true},
						{"origin": [4.42592, 34.46357, -3.47341], "size": [1.025, 2, 1], "pivot": [4.92833, 34.79488, -3.38741], "rotation": [-0.4995, 0.0219, -4.9792], "uv": [82, 13]},
						{"origin": [4.52853, 36.25397, -3.47152], "size": [1.025, 3, 1], "pivot": [4.52187, 35.49327, -3.41585], "rotation": [-0.4958, -0.0652, -14.9788], "uv": [77, 80]},
						{"origin": [3.48618, 32.31399, -4.22248], "size": [1.025, 3, 1], "pivot": [4.37735, 35.42243, -3.41577], "rotation": [-0.5218, -0.1729, 0.0112], "uv": [77, 80]},
						{"origin": [3.52485, 35.24593, -4.24748], "size": [0.95, 2, 1], "pivot": [4.37735, 35.42243, -3.41577], "rotation": [-0.4948, -0.2395, -7.4885], "uv": [82, 13]},
						{"origin": [-5.22769, 29.24069, -3.65957], "size": [1.025, 2.6, 1], "pivot": [-4.58767, 31.40539, -3.45296], "rotation": [-3.8111, 1.1568, -9.8928], "uv": [82, 13], "mirror": true},
						{"origin": [4.20269, 29.24069, -3.65957], "size": [1.025, 2.6, 1], "pivot": [4.58767, 31.40539, -3.45296], "rotation": [-3.8111, -1.1568, 9.8928], "uv": [82, 13]},
						{"origin": [-5.43683, 31.71888, -3.6598], "size": [1.025, 3, 1], "pivot": [-4.71154, 31.38917, -3.44858], "rotation": [-3.5529, 1.8006, 0.0899], "uv": [77, 80], "mirror": true},
						{"origin": [4.41183, 31.71888, -3.6598], "size": [1.025, 3, 1], "pivot": [4.71154, 31.38917, -3.44858], "rotation": [-3.5529, -1.8006, -0.0899], "uv": [77, 80]},
						{"origin": [-4.38637, 30.59775, -4.50435], "size": [1.025, 2.3, 1], "pivot": [-3.78868, 30.71337, -3.91685], "rotation": [-6.0826, 1.7564, -4.4725], "uv": [82, 13], "mirror": true},
						{"origin": [3.36137, 30.59775, -4.50435], "size": [1.025, 2.3, 1], "pivot": [3.78868, 30.71337, -3.91685], "rotation": [-6.0826, -1.7564, 4.4725], "uv": [82, 13]},
						{"origin": [-5.55353, 36.25397, -3.47152], "size": [1.025, 3, 1], "pivot": [-4.52187, 35.49327, -3.41585], "rotation": [-0.4958, 0.0652, 14.9788], "uv": [77, 80], "mirror": true},
						{"origin": [-5.45092, 34.46357, -3.47341], "size": [1.025, 2, 1], "pivot": [-4.92833, 34.79488, -3.38741], "rotation": [-0.4996, -0.0219, 4.9792], "uv": [82, 13], "mirror": true},
						{"origin": [-4.51118, 32.31399, -4.22248], "size": [1.025, 3, 1], "pivot": [-4.37735, 35.42243, -3.41577], "rotation": [-0.5218, 0.1729, -0.0112], "uv": [77, 80], "mirror": true}
					]
				},
				{
					"name": "BackHair",
					"parent": "Hair",
					"pivot": [0, 37, 4]
				},
				{
					"name": "BackHair1",
					"parent": "BackHair",
					"pivot": [0, 34, 3.5],
					"cubes": [
						{"origin": [4.75602, 28.65383, 1.61344], "size": [2, 5, 1], "pivot": [5.48102, 31.15383, 2.11344], "rotation": [-5.52696, 75.26092, -18.5121], "uv": [0, 0]},
						{"origin": [-6.75602, 28.65383, 1.61344], "size": [2, 5, 1], "pivot": [-5.48102, 31.15383, 2.11344], "rotation": [-5.52696, -75.26092, 18.5121], "uv": [0, 0], "mirror": true},
						{"origin": [5.34825, 23.68009, 2.36261], "size": [2, 5, 1], "pivot": [6.34825, 26.18009, 2.76261], "rotation": [-12.4775, 49.3157, -30.9666], "uv": [0, 0]},
						{"origin": [-7.34825, 23.68009, 2.36261], "size": [2, 5, 1], "pivot": [-6.34825, 26.18009, 2.76261], "rotation": [-12.4775, -49.3157, 30.9666], "uv": [0, 0], "mirror": true},
						{"origin": [13.3521, 19.60306, 12.3767], "size": [1, 4, 1], "pivot": [-2.78264, 11.21642, 9.88881], "rotation": [-19.4775, 49.3157, -30.9666], "uv": [0, 34]},
						{"origin": [15.71874, 25.69662, 16.45257], "size": [3, 5, 1], "pivot": [1.60103, 9.81808, 19.61395], "rotation": [11.9446, 52.8785, -3.6717], "uv": [40, 73]},
						{"origin": [15.88533, 18.5841, 12.36842], "size": [2, 5, 1], "pivot": [2.44485, 6.41452, 15.32866], "rotation": [-8.8434, 52.9314, -20.2885], "uv": [0, 0]},
						{"origin": [-14.50505, 24.71627, 16.55662], "size": [3, 6.9, 1], "pivot": [3.24919, 14.17844, 13.89856], "rotation": [-0.1122, -51.2465, 15.5809], "uv": [40, 73], "mirror": true},
						{"origin": [11.50505, 24.71627, 16.55662], "size": [3, 6.9, 1], "pivot": [-3.24919, 14.17844, 13.89856], "rotation": [-0.1122, 51.2465, -15.5809], "uv": [40, 73]},
						{"origin": [-14.3521, 19.60306, 12.3767], "size": [1, 4, 1], "pivot": [2.78264, 11.21642, 9.88881], "rotation": [-19.4775, -49.3157, 30.9666], "uv": [0, 34], "mirror": true},
						{"origin": [-18.71874, 25.69662, 16.45257], "size": [3, 5, 1], "pivot": [-1.60103, 9.81808, 19.61395], "rotation": [11.9446, -52.8785, 3.6717], "uv": [40, 73], "mirror": true},
						{"origin": [-17.88533, 18.5841, 12.36842], "size": [2, 5, 1], "pivot": [-2.44485, 6.41452, 15.32866], "rotation": [-8.8434, -52.9314, 20.2885], "uv": [0, 0], "mirror": true}
					]
				},
				{
					"name": "BackHair2",
					"parent": "BackHair",
					"pivot": [0, 37, 4],
					"cubes": [
						{"origin": [-2.5, 32.14601, 6.33558], "size": [5, 5, 1], "pivot": [0, 17.94601, 1.33558], "rotation": [7.5, 0, 0], "uv": [13, 50]},
						{"origin": [-4.1, 19.13127, 1.97525], "size": [1.3, 2, 1], "pivot": [-0.5, 5.93127, -2.39975], "rotation": [-7.5, 0, 0], "uv": [81, 58]},
						{"origin": [2.8, 19.13127, 1.97525], "size": [1.3, 2, 1], "pivot": [0.5, 5.93127, -2.39975], "rotation": [-7.5, 0, 0], "uv": [81, 58], "mirror": true},
						{"origin": [-4.85, 21.13127, 1.97525], "size": [2.4, 4, 1], "pivot": [-0.5, 5.93127, -2.39975], "rotation": [-7.5, 0, 0], "uv": [0, 25]},
						{"origin": [2.45, 21.13127, 1.97525], "size": [2.4, 4, 1], "pivot": [0.5, 5.93127, -2.39975], "rotation": [-7.5, 0, 0], "uv": [0, 25], "mirror": true},
						{"origin": [-1.5, 19.05295, 2.94511], "size": [3, 1, 1], "pivot": [-2, 5.85295, -1.80489], "rotation": [-7.5, 0, 0], "uv": [25, 20]},
						{"origin": [-2, 20.05295, 2.94511], "size": [4, 2, 1], "pivot": [-2.5, 5.85295, -1.80489], "rotation": [-7.5, 0, 0], "uv": [20, 25]},
						{"origin": [-2.5, 22.05295, 2.94511], "size": [5, 3, 1], "pivot": [-2, 5.85295, -1.80489], "rotation": [-7.5, 0, 0], "uv": [64, 69]},
						{"origin": [-4.85, 24.38395, 2.7435], "size": [3, 3, 1], "pivot": [0.5, 10.18395, -1.6315], "rotation": [-5, 0, 0], "uv": [74, 20]},
						{"origin": [-4, 24.33165, 3.71622], "size": [8, 3, 1], "pivot": [-1.5, 10.13165, -1.03378], "rotation": [-5, 0, 0], "uv": [44, 9]},
						{"origin": [-4.5, 26.80864, 4.12032], "size": [3, 4, 1], "uv": [9, 34]},
						{"origin": [-3.5, 25.80864, 5.09532], "size": [7, 5, 1], "uv": [30, 42]},
						{"origin": [-4, 30.12846, 5.64281], "size": [3, 4, 1], "pivot": [0.5, 16.92846, 1.26781], "rotation": [7.5, 0, 0], "uv": [9, 34]},
						{"origin": [-3, 29.20677, 6.61268], "size": [6, 5, 1], "pivot": [0.5, 17.00677, 1.86268], "rotation": [7.5, 0, 0], "uv": [54, 42]},
						{"origin": [1.85, 24.38395, 2.7435], "size": [3, 3, 1], "pivot": [-0.5, 10.18395, -1.6315], "rotation": [-5, 0, 0], "uv": [74, 20], "mirror": true},
						{"origin": [1.5, 26.80864, 4.12032], "size": [3, 4, 1], "uv": [9, 34], "mirror": true},
						{"origin": [1, 30.12846, 5.64281], "size": [3, 4, 1], "pivot": [-0.5, 16.92846, 1.26781], "rotation": [7.5, 0, 0], "uv": [9, 34], "mirror": true}
					]
				},
				{
					"name": "bone",
					"parent": "Hair",
					"pivot": [-0.14783, 36.66957, 0.87174],
					"rotation": [0, 0, 5],
					"cubes": [
						{"origin": [-6.075, 37.5, 2.375], "size": [1, 2.2, 1], "pivot": [-2, 38.175, -4.125], "rotation": [0, 0, 6], "uv": [92, 79]},
						{"origin": [-6.075, 30.7, -2.625], "size": [1, 3, 1], "pivot": [-2, 38.175, -4.125], "rotation": [0, 0, 6], "uv": [92, 79]},
						{"origin": [-6.075, 33.5, -1.625], "size": [1, 4.2, 1], "pivot": [-2, 38.175, -4.125], "rotation": [0, 0, 6], "uv": [92, 79]},
						{"origin": [-6.075, 33.5, 1.375], "size": [1, 2.2, 1], "pivot": [-2, 38.175, -4.125], "rotation": [0, 0, 6], "uv": [92, 79]},
						{"origin": [-6.075, 30.7, 3.375], "size": [1, 3, 1], "pivot": [-2, 38.175, -4.125], "rotation": [0, 0, 6], "uv": [92, 79]},
						{"origin": [-6.075, 35.5, 0.675], "size": [1, 1.2, 1], "pivot": [-2, 38.175, -4.125], "rotation": [0, 0, 6], "uv": [92, 79]},
						{"origin": [-6.075, 33.5, 2.375], "size": [1, 1.2, 1], "pivot": [-2, 38.175, -4.125], "rotation": [0, 0, 6], "uv": [92, 79]},
						{"origin": [-6.075, 31.5, -2.625], "size": [1, 2.2, 1], "pivot": [-2, 38.175, -4.125], "rotation": [90, 0, 6], "uv": [92, 79]},
						{"origin": [-6.075, 31.5, -5.625], "size": [1, 2.2, 1], "pivot": [-2, 38.175, -4.125], "rotation": [90, 0, 6], "uv": [92, 79]},
						{"origin": [-6.075, 33.5, -1.625], "size": [1, 2.2, 1], "pivot": [-2, 38.175, -4.125], "rotation": [90, 0, 6], "uv": [92, 79]},
						{"origin": [-6.075, 34.5, -2.625], "size": [1, 2.2, 1], "pivot": [-2, 38.175, -4.125], "rotation": [90, 0, 6], "uv": [92, 79]},
						{"origin": [-6.075, 33.5, -3.625], "size": [1, 2.2, 1], "pivot": [-2, 38.175, -4.125], "rotation": [90, 0, 6], "uv": [92, 79]},
						{"origin": [-6.075, 36.5, -3.625], "size": [1, 1.2, 1], "pivot": [-2, 38.175, -4.125], "rotation": [90, 0, 6], "uv": [92, 79]},
						{"origin": [-6.075, 34.5, -4.625], "size": [1, 2.2, 1], "pivot": [-2, 38.175, -4.125], "rotation": [90, 0, 6], "uv": [188, 7]}
					]
				},
				{
					"name": "bone28",
					"parent": "Hair",
					"pivot": [0.14783, 36.66957, 0.87174],
					"rotation": [0, 0, -5],
					"cubes": [
						{"origin": [5.075, 37.5, 2.375], "size": [1, 2.2, 1], "pivot": [2, 38.175, -4.125], "rotation": [0, 0, -6], "uv": [92, 79], "mirror": true},
						{"origin": [5.075, 30.7, -2.625], "size": [1, 3, 1], "pivot": [2, 38.175, -4.125], "rotation": [0, 0, -6], "uv": [92, 79], "mirror": true},
						{"origin": [5.075, 33.5, -1.625], "size": [1, 4.2, 1], "pivot": [2, 38.175, -4.125], "rotation": [0, 0, -6], "uv": [92, 79], "mirror": true},
						{"origin": [5.075, 33.5, 1.375], "size": [1, 2.2, 1], "pivot": [2, 38.175, -4.125], "rotation": [0, 0, -6], "uv": [92, 79], "mirror": true},
						{"origin": [5.075, 30.7, 3.375], "size": [1, 3, 1], "pivot": [2, 38.175, -4.125], "rotation": [0, 0, -6], "uv": [92, 79], "mirror": true},
						{"origin": [5.075, 35.5, 0.675], "size": [1, 1.2, 1], "pivot": [2, 38.175, -4.125], "rotation": [0, 0, -6], "uv": [92, 79], "mirror": true},
						{"origin": [5.075, 33.5, 2.375], "size": [1, 1.2, 1], "pivot": [2, 38.175, -4.125], "rotation": [0, 0, -6], "uv": [92, 79], "mirror": true},
						{"origin": [5.075, 31.5, -2.625], "size": [1, 2.2, 1], "pivot": [2, 38.175, -4.125], "rotation": [90, 0, -6], "uv": [92, 79], "mirror": true},
						{"origin": [5.075, 31.5, -5.625], "size": [1, 2.2, 1], "pivot": [2, 38.175, -4.125], "rotation": [90, 0, -6], "uv": [92, 79], "mirror": true},
						{"origin": [5.075, 33.5, -1.625], "size": [1, 2.2, 1], "pivot": [2, 38.175, -4.125], "rotation": [90, 0, -6], "uv": [92, 79], "mirror": true},
						{"origin": [5.075, 34.5, -2.625], "size": [1, 2.2, 1], "pivot": [2, 38.175, -4.125], "rotation": [90, 0, -6], "uv": [92, 79], "mirror": true},
						{"origin": [5.075, 33.5, -3.625], "size": [1, 2.2, 1], "pivot": [2, 38.175, -4.125], "rotation": [90, 0, -6], "uv": [92, 79], "mirror": true},
						{"origin": [5.075, 36.5, -3.625], "size": [1, 1.2, 1], "pivot": [2, 38.175, -4.125], "rotation": [90, 0, -6], "uv": [92, 79], "mirror": true},
						{"origin": [5.075, 34.5, -4.625], "size": [1, 2.2, 1], "pivot": [2, 38.175, -4.125], "rotation": [90, 0, -6], "uv": [188, 7], "mirror": true}
					]
				},
				{
					"name": "bone3",
					"parent": "Hair",
					"pivot": [-5.14783, 36.66957, 3.97174],
					"cubes": [
						{"origin": [-7.84924, 32.14972, 8.4], "size": [2.25, 7, 2.3], "pivot": [-5.36604, 16.00616, 1.43003], "rotation": [63.1895, -90, -42.8839], "uv": [101, 42], "mirror": true},
						{"origin": [-7.44924, 32.14972, 10.3], "size": [1.25, 6.6, 2.5], "pivot": [-5.36604, 16.00616, 1.43003], "rotation": [67.6895, -90, -42.8839], "uv": [101, 43], "mirror": true}
					]
				},
				{
					"name": "bone4",
					"parent": "Hair",
					"pivot": [5.05217, 36.66957, -3.82826],
					"rotation": [0, 180, 0],
					"cubes": [
						{"origin": [2.35076, 32.1497, 0.6], "size": [2.25, 7, 2.3], "pivot": [4.83396, 16.00616, -6.36997], "rotation": [63.1895, -90, -42.8839], "uv": [101, 42], "mirror": true},
						{"origin": [2.75076, 32.1497, 2.5], "size": [1.25, 6.6, 2.5], "pivot": [4.83396, 16.00616, -6.36997], "rotation": [67.6895, -90, -42.8839], "uv": [101, 43], "mirror": true}
					]
				},
				{
					"name": "bone5",
					"parent": "Hair",
					"pivot": [4.29072, 35.72222, -5.66872],
					"rotation": [0, -35, 0],
					"cubes": [
						{
							"origin": [3.40183, 37, -5.91872],
							"size": [0.5, 1, 0.5],
							"uv": {
								"north": {"uv": [249, 9], "uv_size": [1, 2]},
								"east": {"uv": [246, 9], "uv_size": [1, 2]},
								"south": {"uv": [247, 9], "uv_size": [1, 2]},
								"west": {"uv": [248, 9], "uv_size": [1, 2]},
								"up": {"uv": [245, 11], "uv_size": [-1, -1]},
								"down": {"uv": [246, 11], "uv_size": [-1, -1]}
							}
						},
						{
							"origin": [4.40183, 37, -5.91872],
							"size": [0.5, 1, 0.5],
							"uv": {
								"north": {"uv": [249, 9], "uv_size": [1, 2]},
								"east": {"uv": [246, 9], "uv_size": [1, 2]},
								"south": {"uv": [247, 9], "uv_size": [1, 2]},
								"west": {"uv": [248, 9], "uv_size": [1, 2]},
								"up": {"uv": [245, 11], "uv_size": [-1, -1]},
								"down": {"uv": [246, 11], "uv_size": [-1, -1]}
							}
						},
						{
							"origin": [2.90183, 37.5, -5.91872],
							"size": [0.5, 1, 0.5],
							"uv": {
								"north": {"uv": [249, 4], "uv_size": [-1, 2]},
								"east": {"uv": [246, 4], "uv_size": [1, 2]},
								"south": {"uv": [246, 4], "uv_size": [1, 2]},
								"west": {"uv": [247, 4], "uv_size": [1, 2]},
								"up": {"uv": [245, 6], "uv_size": [-1, -2]},
								"down": {"uv": [246, 6], "uv_size": [-1, -1]}
							}
						},
						{
							"origin": [4.90183, 37.5, -5.91872],
							"size": [0.5, 1, 0.5],
							"pivot": [5.15183, 38, -5.66872],
							"rotation": [0, -90, 0],
							"uv": {
								"north": {"uv": [249, 4], "uv_size": [-1, 2]},
								"east": {"uv": [246, 4], "uv_size": [1, 2]},
								"south": {"uv": [246, 4], "uv_size": [1, 2]},
								"west": {"uv": [247, 4], "uv_size": [1, 2]},
								"up": {"uv": [245, 6], "uv_size": [-1, -2]},
								"down": {"uv": [246, 6], "uv_size": [-1, -1]}
							}
						},
						{"origin": [2.90183, 36.5, -5.91872], "size": [0.5, 0.5, 0.5], "uv": [245, 3]},
						{"origin": [4.90183, 34, -5.91872], "size": [0.5, 0.5, 0.5], "uv": [245, 3]},
						{"origin": [3.40183, 33.5, -5.91872], "size": [0.5, 0.5, 0.5], "uv": [245, 3]},
						{"origin": [4.90183, 36.5, -5.91872], "size": [0.5, 0.5, 0.5], "uv": [245, 3]},
						{"origin": [3.90183, 37, -5.91872], "size": [0.5, 0.5, 0.5], "uv": [245, 3]},
						{"origin": [3.90183, 36.5, -5.91872], "size": [0.5, 0.5, 0.5], "uv": [245, 35]},
						{"origin": [4.90183, 34.5, -5.91872], "size": [0.5, 0.5, 0.5], "uv": [245, 35]},
						{"origin": [3.40183, 33, -5.91872], "size": [0.5, 0.5, 0.5], "uv": [245, 35]},
						{
							"origin": [3.40183, 34, -5.91872],
							"size": [0.5, 2.5, 0.5],
							"uv": {
								"north": {"uv": [248, 37], "uv_size": [1, 4]},
								"east": {"uv": [245, 37], "uv_size": [1, 4]},
								"south": {"uv": [246, 37], "uv_size": [1, 4]},
								"west": {"uv": [247, 37], "uv_size": [1, 4]},
								"up": {"uv": [244, 39], "uv_size": [-1, -1]},
								"down": {"uv": [245, 38], "uv_size": [-1, 1]}
							}
						},
						{
							"origin": [4.40183, 35, -5.91872],
							"size": [0.5, 1.5, 0.5],
							"uv": {
								"north": {"uv": [248, 38], "uv_size": [1, 3]},
								"east": {"uv": [245, 37], "uv_size": [1, 4]},
								"south": {"uv": [246, 37], "uv_size": [1, 4]},
								"west": {"uv": [247, 37], "uv_size": [1, 4]},
								"up": {"uv": [244, 39], "uv_size": [-1, -1]},
								"down": {"uv": [245, 38], "uv_size": [-1, 1]}
							}
						},
						{
							"origin": [4.90183, 33.5, -5.91872],
							"size": [0.5, 0.5, 0.5],
							"uv": {
								"north": {"uv": [248, 40], "uv_size": [1, 1]},
								"east": {"uv": [245, 40], "uv_size": [1, 1]},
								"south": {"uv": [245, 40], "uv_size": [1, 1]},
								"west": {"uv": [248, 40], "uv_size": [1, 1]},
								"up": {"uv": [249, 41], "uv_size": [-1, -1]},
								"down": {"uv": [246, 40], "uv_size": [-1, 1]}
							}
						},
						{"origin": [3.90183, 37.5, -5.91872], "size": [0.5, 0.5, 0.5], "uv": [196, 2]},
						{"origin": [4.90183, 33, -5.91872], "size": [0.5, 0.5, 0.5], "uv": [196, 2]},
						{"origin": [3.40183, 32.5, -5.91872], "size": [0.5, 0.5, 0.5], "uv": [196, 2]}
					]
				},
				{
					"name": "YP",
					"parent": "Head",
					"pivot": [-2.875, 34.75, -1.7]
				},
				{
					"name": "YP2",
					"parent": "YP",
					"pivot": [2.875, 34.75, -1.7],
					"cubes": [
						{"origin": [-3.675, 34.75, -2.2], "size": [2.3, 1, 1], "uv": [1, 239]},
						{"origin": [-4.45, 34.475, -2.375], "size": [1.1, 1, 1], "uv": [2, 236]},
						{"origin": [1.375, 34.75, -2.2], "size": [2.3, 1, 1], "uv": [8, 239]},
						{"origin": [3.35, 34.475, -2.375], "size": [1.1, 1, 1], "uv": [7, 236]}
					]
				},
				{
					"name": "Face2",
					"parent": "YP",
					"pivot": [0, 33.9, 1.7]
				},
				{
					"name": "Eyes2",
					"parent": "Face2",
					"pivot": [0, 33.95, 0.5]
				},
				{
					"name": "Eyelid2",
					"parent": "Eyes2",
					"pivot": [0, 33.95, 0.5]
				},
				{
					"name": "RightEyelid2",
					"parent": "Eyelid2",
					"pivot": [-2.5, 33.15, -2.525],
					"cubes": [
						{"origin": [-3.5, 32.94, -3.025], "size": [2, 2.02, 1], "uv": [1, 232]}
					]
				},
				{
					"name": "RightEyelidBase2",
					"parent": "RightEyelid2",
					"pivot": [-2.325, 33.95, -2.575],
					"cubes": [
						{"origin": [-3.025, 32.95, -3.075], "size": [1.4, 2, 1], "uv": [1, 242]}
					]
				},
				{
					"name": "RightPupil2",
					"parent": "RightEyelidBase2",
					"pivot": [-2.3275, 33.9375, -2.6075],
					"cubes": [
						{"origin": [-2.505, 33.76, -3.12], "size": [0.35, 0.63, 1], "uv": [1.5, 248.5]},
						{"origin": [-2.575, 33.66, -3.095], "size": [0.5, 0.8, 1], "uv": [1.5, 251.5]}
					]
				},
				{
					"name": "RightEyesDot2",
					"parent": "RightEyelidBase2",
					"pivot": [-4.82, 33.7925, -2.9925],
					"cubes": [
						{"origin": [-2.05, 34.3, -3.1], "size": [0.385, 0.25, 0.2], "uv": [7.5, 246.5], "mirror": true},
						{"origin": [-3.03, 33.275, -3.1], "size": [0.26, 0.25, 0.2], "uv": [7.5, 246.5], "mirror": true},
						{"origin": [-3.025, 32.935, -3.085], "size": [1.4, 0.358, 0.2], "uv": [6.5, 254.5], "mirror": true},
						{"origin": [-2.375, 33.064, -3.085], "size": [0.71, 0.35, 0.2], "pivot": [-2.325, 33.0975, -2.985], "rotation": [0, 0, 10], "uv": [6.5, 254.5], "mirror": true},
						{"origin": [-2.91, 33.87, -3.085], "size": [0.717, 0.35, 0.2], "pivot": [2.325, 33.0975, -2.985], "rotation": [0, 0, -10], "uv": [6.5, 254.5]}
					]
				},
				{
					"name": "LeftEyelid2",
					"parent": "Eyelid2",
					"pivot": [2.5, 33.15, -2.525],
					"cubes": [
						{"origin": [1.5, 32.94, -3.025], "size": [2, 2.02, 1], "uv": [8, 232]}
					]
				},
				{
					"name": "LeftEyelidBase2",
					"parent": "LeftEyelid2",
					"pivot": [2.325, 33.95, -2.575],
					"cubes": [
						{"origin": [1.625, 32.95, -3.075], "size": [1.4, 2, 1], "uv": [6, 242]}
					]
				},
				{
					"name": "LeftPupil2",
					"parent": "LeftEyelidBase2",
					"pivot": [2.3275, 33.9375, -2.6075],
					"cubes": [
						{"origin": [2.075, 33.66, -3.095], "size": [0.5, 0.8, 1], "uv": [6.5, 251.5]},
						{"origin": [2.155, 33.76, -3.12], "size": [0.35, 0.63, 1], "uv": [6.5, 248.5]}
					]
				},
				{
					"name": "LeftEyesDot2",
					"parent": "LeftEyelidBase2",
					"pivot": [2.5675, 33.7925, -2.9925],
					"cubes": [
						{"origin": [2.59, 34.3, -3.1], "size": [0.385, 0.25, 0.2], "uv": [7.5, 246.5]},
						{"origin": [1.619, 33.275, -3.1], "size": [0.26, 0.25, 0.2], "uv": [7.5, 246.5]},
						{"origin": [1.625, 32.935, -3.085], "size": [1.4, 0.358, 0.2], "uv": [6.5, 254.5]},
						{"origin": [1.665, 33.064, -3.085], "size": [0.71, 0.35, 0.2], "pivot": [2.325, 33.0975, -2.985], "rotation": [0, 0, -10], "uv": [6.5, 254.5]},
						{"origin": [2.193, 33.87, -3.085], "size": [0.717, 0.35, 0.2], "pivot": [-2.325, 33.0975, -2.985], "rotation": [0, 0, 10], "uv": [6.5, 254.5], "mirror": true}
					]
				},
				{
					"name": "Wwww",
					"parent": "Head",
					"pivot": [0, 32.95, -3.95]
				},
				{
					"name": "MeiMao_BQ",
					"parent": "Wwww",
					"pivot": [0, 36.95, 1.05]
				},
				{
					"name": "MeiMaoZuo2",
					"parent": "MeiMao_BQ",
					"pivot": [2.625, 36.65, 1.85],
					"cubes": [
						{"origin": [1.125, 33.55, -2.95], "size": [3.4, 1, 1], "pivot": [1.275, 34.05, -2.45], "rotation": [0, 0, -17.5], "uv": [86, 200]},
						{"origin": [1.125, 33.55, -2.925], "size": [3.4, 1, 1], "pivot": [1.275, 34.05, -2.45], "rotation": [0, 0, 22.5], "uv": [86, 200]}
					]
				},
				{
					"name": "MeiMaoZuo3",
					"parent": "MeiMao_BQ",
					"pivot": [-2.625, 36.65, 1.85],
					"cubes": [
						{"origin": [-4.525, 33.55, -2.95], "size": [3.4, 1, 1], "pivot": [-1.275, 34.05, -2.45], "rotation": [0, 0, 17.5], "uv": [86, 200], "mirror": true},
						{"origin": [-4.525, 33.55, -2.925], "size": [3.4, 1, 1], "pivot": [-1.275, 34.05, -2.45], "rotation": [0, 0, -22.5], "uv": [86, 200], "mirror": true}
					]
				},
				{
					"name": "Zui",
					"parent": "Head",
					"pivot": [0.7, 15.025, -5.15]
				},
				{
					"name": "Zui2",
					"parent": "Zui",
					"pivot": [0.14167, 32.85, 0],
					"cubes": [
						{"origin": [-0.9, 32.725, -3.301], "size": [1.8, 0.4, 0.01], "uv": [59, 253], "mirror": true},
						{"origin": [-0.9, 33.125, -3.303], "size": [1.8, 0.4, 0.01], "uv": [12, 11], "mirror": true},
						{"origin": [-0.6, 32.1, -3.301], "size": [1.2, 0.9, 0.01], "uv": [59, 253], "mirror": true}
					]
				},
				{
					"name": "bone58",
					"parent": "Zui2",
					"pivot": [0.6875, 33.125, -3.65],
					"rotation": [0, 0, 45],
					"cubes": [
						{"origin": [0.525, 32.975, -3.302], "size": [0.325, 0.3, 0.01], "uv": [86, 252], "mirror": true}
					]
				},
				{
					"name": "bone59",
					"parent": "Zui2",
					"pivot": [-0.65, 32.675, -3.55],
					"rotation": [0, 0, 65],
					"cubes": [
						{"origin": [-0.8, 32.475, -3.301], "size": [0.7, 0.4, 0.01], "uv": [59, 253], "mirror": true}
					]
				},
				{
					"name": "bone60",
					"parent": "Zui2",
					"pivot": [0.65, 32.675, -3.55],
					"rotation": [0, 0, -65],
					"cubes": [
						{"origin": [0.1, 32.475, -3.301], "size": [0.7, 0.4, 0.01], "uv": [59, 253]}
					]
				},
				{
					"name": "Arm",
					"parent": "UpperBody",
					"pivot": [0, 25.04907, -0.075]
				},
				{
					"name": "LeftArm",
					"parent": "Arm",
					"pivot": [4.4, 29.6, 0],
					"rotation": [0, 0, -15],
					"cubes": [
						{"origin": [2.75, 24.55, -1.5], "size": [3.05, 6.2, 3.05], "uv": [27, 49]}
					]
				},
				{
					"name": "LeftForeArm",
					"parent": "LeftArm",
					"pivot": [3.875, 24.4, 0.025],
					"cubes": [
						{"origin": [2.85, 23.57586, -0.85842], "size": [2.85, 2.1, 2.1], "pivot": [4.275, 24.82586, 0.09158], "rotation": [-45, 0, 0], "uv": [23, 76]},
						{"origin": [2.775, 18.65, -1.475], "size": [3, 6, 3], "uv": [0, 49]}
					]
				},
				{
					"name": "bone8",
					"parent": "LeftForeArm",
					"pivot": [3.875, 21.1, 0.025],
					"cubes": [
						{"origin": [3.41826, 14.65, -2.48], "size": [1.6, 4.2, 5.08], "pivot": [-4.98174, 23.99688, -0.39], "rotation": [0, 0, -20], "uv": [199, 244]},
						{"origin": [2.38174, 18.09688, -2.49], "size": [3.8, 7, 5.1], "uv": [211, 230], "mirror": true}
					]
				},
				{
					"name": "LeftHand",
					"parent": "bone8",
					"pivot": [4.375, 18.925, 0.025],
					"cubes": [
						{"origin": [3.075, 18.15, -1.275], "size": [2.6, 2.1, 2], "pivot": [0, 18.65, -0.575], "rotation": [-45, 0, 0], "uv": [76, 0]},
						{"origin": [2.775, 16.65, -1.475], "size": [3, 2, 3], "uv": [0, 49]}
					]
				},
				{
					"name": "LeftHandLocator",
					"parent": "LeftHand",
					"pivot": [4.375, 17.925, 0.025]
				},
				{
					"name": "bone7",
					"parent": "LeftArm",
					"pivot": [7.4, 29.6, 0],
					"cubes": [
						{"origin": [2.49174, 22.99688, -2.39], "size": [3.59, 4.9, 4.9], "uv": [211, 231], "mirror": true},
						{"origin": [2.38174, 27.89688, -2.49], "size": [3.8, 1, 5.1], "uv": [232, 174], "mirror": true},
						{"origin": [6.08174, 27.49688, -0.79], "size": [1, 1, 1], "pivot": [6.68174, 28.39688, -0.69], "rotation": [-50, 0, 0], "uv": [232, 174], "mirror": true},
						{"origin": [6.08174, 27.49688, -0.21], "size": [1, 1, 1], "pivot": [6.68174, 28.39688, 0.69], "rotation": [50, 0, 0], "uv": [232, 174], "mirror": true}
					]
				},
				{
					"name": "RightArm",
					"parent": "Arm",
					"pivot": [-4.4, 29.6, 0],
					"rotation": [0, 0, 15],
					"cubes": [
						{"origin": [-5.8, 24.55, -1.5], "size": [3.05, 6.2, 3.05], "uv": [27, 49], "mirror": true}
					]
				},
				{
					"name": "RightForeArm",
					"parent": "RightArm",
					"pivot": [-3.875, 24.4, 0.025],
					"cubes": [
						{"origin": [-5.7, 23.57586, -0.85842], "size": [2.85, 2.1, 2.1], "pivot": [-4.275, 24.82586, 0.09158], "rotation": [-45, 0, 0], "uv": [23, 76], "mirror": true},
						{"origin": [-5.775, 18.65, -1.475], "size": [3, 6, 3], "uv": [0, 49], "mirror": true}
					]
				},
				{
					"name": "RightHand",
					"parent": "RightForeArm",
					"pivot": [-4.375, 18.925, 0.025],
					"cubes": [
						{"origin": [-5.675, 18.15, -1.275], "size": [2.6, 2.1, 2], "pivot": [0, 18.65, -0.575], "rotation": [-45, 0, 0], "uv": [76, 0], "mirror": true},
						{"origin": [-5.775, 16.65, -1.475], "size": [3, 2, 3], "uv": [0, 49], "mirror": true}
					]
				},
				{
					"name": "RightHandLocator",
					"parent": "RightHand",
					"pivot": [-4.375, 17.925, 0.025]
				},
				{
					"name": "bone10",
					"parent": "RightForeArm",
					"pivot": [-3.875, 21.1, 0.025],
					"cubes": [
						{"origin": [-5.01826, 14.65, -2.48], "size": [1.6, 4.2, 5.08], "pivot": [4.98174, 23.99688, -0.39], "rotation": [0, 0, 20], "uv": [199, 244], "mirror": true},
						{"origin": [-6.18174, 18.09688, -2.49], "size": [3.8, 7, 5.1], "uv": [221, 234]}
					]
				},
				{
					"name": "bone11",
					"parent": "RightArm",
					"pivot": [-7.4, 29.6, 0],
					"cubes": [
						{"origin": [-6.08174, 22.99688, -2.39], "size": [3.6, 4.9, 4.9], "uv": [221, 234]},
						{"origin": [-6.18174, 27.89688, -2.49], "size": [3.8, 1, 5.1], "uv": [232, 174]},
						{"origin": [-7.08174, 27.49688, -0.79], "size": [1, 1, 1], "pivot": [-6.68174, 28.39688, -0.69], "rotation": [-50, 0, 0], "uv": [232, 174]},
						{"origin": [-7.08174, 27.49688, -0.21], "size": [1, 1, 1], "pivot": [-6.68174, 28.39688, 0.69], "rotation": [50, 0, 0], "uv": [232, 174]}
					]
				},
				{
					"name": "bone6",
					"parent": "UpperBody",
					"pivot": [-1.16454, 28.44682, -2.92817],
					"cubes": [
						{"origin": [-1.93672, 24.13926, -0.65317], "size": [5.25, 8.4, 1.375], "pivot": [0.68828, 28.03926, 0.07183], "rotation": [0, -90, -40], "uv": [211, 226], "mirror": true},
						{"origin": [-3.31328, 24.13926, -0.65317], "size": [5.25, 8.4, 1.375], "pivot": [-0.68828, 28.03926, 0.07183], "rotation": [0, 90, 40], "uv": [211, 226]},
						{"origin": [-3.31328, 32.36426, -0.65317], "size": [5.25, 0.2, 0.275], "pivot": [-0.68828, 28.03926, 0.07183], "rotation": [0, 90, 40], "uv": [188, 203]},
						{"origin": [-1.93672, 32.36426, -0.65317], "size": [5.25, 0.2, 0.275], "pivot": [0.68828, 28.03926, 0.07183], "rotation": [0, -90, -40], "uv": [188, 203], "mirror": true},
						{"origin": [3.13828, 29.93926, -0.67817], "size": [0.2, 2.625, 0.3], "pivot": [0.68828, 28.03926, 0.07183], "rotation": [0, -90, -40], "uv": [211, 203], "mirror": true},
						{"origin": [-1.96172, 24.13926, -0.67817], "size": [5.3, 4.45, 0.3], "pivot": [0.68828, 28.03926, 0.07183], "rotation": [0, -90, -40], "uv": [211, 203], "mirror": true},
						{"origin": [-3.33828, 24.13926, -0.67817], "size": [0.2, 8.425, 0.3], "pivot": [-0.68828, 28.03926, 0.07183], "rotation": [0, 90, 40], "uv": [211, 203]},
						{
							"origin": [1.76172, 24.13926, -0.67817],
							"size": [0.2, 8.425, 0.3],
							"pivot": [-0.68828, 28.03926, 0.07183],
							"rotation": [0, 90, 40],
							"uv": {
								"north": {"uv": [211, 203], "uv_size": [0, 8]},
								"east": {"uv": [211, 203], "uv_size": [0, 8]},
								"south": {"uv": [211, 203], "uv_size": [0, 8]},
								"west": {"uv": [220, 203], "uv_size": [1, 8]},
								"up": {"uv": [211, 203], "uv_size": [0, 0]},
								"down": {"uv": [211, 203], "uv_size": [0, 0]}
							}
						},
						{
							"origin": [-1.96172, 29.93926, -0.67817],
							"size": [0.2, 2.625, 0.3],
							"pivot": [0.68828, 28.03926, 0.07183],
							"rotation": [0, -90, -40],
							"uv": {
								"north": {"uv": [211, 203], "uv_size": [0, 8]},
								"east": {"uv": [221, 203], "uv_size": [-1, 3]},
								"south": {"uv": [211, 203], "uv_size": [0, 8]},
								"west": {"uv": [213, 203], "uv_size": [-1, 8]},
								"up": {"uv": [211, 203], "uv_size": [0, 0]},
								"down": {"uv": [211, 203], "uv_size": [0, 0]}
							}
						},
						{
							"origin": [-4, 25.65, -2.825],
							"size": [8, 1.3, 5.75],
							"uv": {
								"north": {"uv": [237, 133], "uv_size": [8, 1]},
								"east": {"uv": [232, 133], "uv_size": [5, 1]},
								"south": {"uv": [248, 136], "uv_size": [8, 1]},
								"west": {"uv": [245, 133], "uv_size": [5, 1]},
								"up": {"uv": [237, 128], "uv_size": [8, 5]},
								"down": {"uv": [245, 133], "uv_size": [8, -5]}
							}
						},
						{"origin": [-3.8, 24.15, -2.625], "size": [7.6, 1.5, 5.35], "uv": [231, 58]},
						{
							"origin": [-0.2, 24.15, -2.925],
							"size": [1, 1.5, 5.55],
							"uv": {
								"north": {"uv": [234, 44], "uv_size": [1, 2]},
								"east": {"uv": [229, 44], "uv_size": [5, 1]},
								"south": {"uv": [240, 44], "uv_size": [1, 1]},
								"west": {"uv": [235, 44], "uv_size": [5, 1]},
								"up": {"uv": [234, 39], "uv_size": [1, 5]},
								"down": {"uv": [235, 44], "uv_size": [1, -5]}
							}
						},
						{
							"origin": [0.8, 24.15, -2.8],
							"size": [1, 1.5, 5.425],
							"pivot": [1.3, 24.9, 0.05],
							"rotation": [0, 0, -180],
							"uv": {
								"north": {"uv": [236, 39], "uv_size": [1, 2]},
								"east": {"uv": [229, 44], "uv_size": [5, 1]},
								"south": {"uv": [240, 44], "uv_size": [1, 1]},
								"west": {"uv": [235, 44], "uv_size": [5, 1]},
								"up": {"uv": [234, 39], "uv_size": [1, 5]},
								"down": {"uv": [235, 44], "uv_size": [1, -5]}
							}
						},
						{
							"origin": [1.8, 24.15, -2.925],
							"size": [1, 1.5, 5.55],
							"uv": {
								"north": {"uv": [234, 44], "uv_size": [1, 2]},
								"east": {"uv": [229, 44], "uv_size": [5, 1]},
								"south": {"uv": [240, 44], "uv_size": [1, 1]},
								"west": {"uv": [235, 44], "uv_size": [5, 1]},
								"up": {"uv": [234, 39], "uv_size": [1, 5]},
								"down": {"uv": [235, 44], "uv_size": [1, -5]}
							}
						},
						{
							"origin": [-0.59, 23.5, -2.85],
							"size": [0.7, 1.5, 5.55],
							"pivot": [0.3, 24.9, 0.05],
							"rotation": [0, 0, 50],
							"uv": {
								"north": {"uv": [229, 50], "uv_size": [1, 2]},
								"east": {"uv": [233, 45], "uv_size": [1, 2]},
								"south": {"uv": [239, 44], "uv_size": [0, 1]},
								"west": {"uv": [235, 44], "uv_size": [5, 1]},
								"up": {"uv": [234, 39], "uv_size": [0, 5]},
								"down": {"uv": [233, 44], "uv_size": [-1, -5]}
							}
						},
						{
							"origin": [1.565, 21.5, -2.85],
							"size": [0.7, 1.5, 0.225],
							"pivot": [-0.3, 24.9, 0.05],
							"rotation": [0, 0, -50],
							"uv": {
								"north": {"uv": [235, 49], "uv_size": [1, 2]},
								"east": {"uv": [240, 44], "uv_size": [-5, 1]},
								"south": {"uv": [239, 44], "uv_size": [0, 1]},
								"west": {"uv": [234, 45], "uv_size": [-1, 2]},
								"up": {"uv": [234, 39], "uv_size": [0, 5]},
								"down": {"uv": [241, 49], "uv_size": [-1, -5]}
							}
						},
						{
							"origin": [-4, 22.85, -2.825],
							"size": [8, 1.3, 5.75],
							"uv": {
								"north": {"uv": [237, 133], "uv_size": [8, 1]},
								"east": {"uv": [232, 133], "uv_size": [5, 1]},
								"south": {"uv": [248, 140], "uv_size": [8, 1]},
								"west": {"uv": [245, 133], "uv_size": [5, 1]},
								"up": {"uv": [237, 128], "uv_size": [8, 5]},
								"down": {"uv": [245, 133], "uv_size": [8, -5]}
							}
						},
						{"origin": [-0.14544, 26.65103, -2.39], "size": [4.2, 1.6, 4.9], "pivot": [1.55456, 27.30103, 0.06], "rotation": [0, 0, -43.5], "uv": [230, 105], "mirror": true},
						{"origin": [-0.14544, 27.75103, -2.415], "size": [4.2, 0.1, 4.95], "pivot": [1.55456, 27.30103, 0.06], "rotation": [0, 0, -43.5], "uv": [171, 249], "mirror": true},
						{"origin": [-0.44544, 28.25103, -2.365], "size": [4.3, 0.2, 4.85], "pivot": [1.55456, 27.30103, 0.06], "rotation": [0, 0, -43.5], "uv": [198, 173], "mirror": true},
						{"origin": [-3.85456, 28.25103, -2.365], "size": [4.3, 0.2, 4.85], "pivot": [-1.55456, 27.30103, 0.06], "rotation": [0, 0, 43.5], "uv": [198, 173]},
						{"origin": [-4.05456, 27.75103, -2.415], "size": [4.2, 0.1, 4.95], "pivot": [-1.55456, 27.30103, 0.06], "rotation": [0, 0, 43.5], "uv": [171, 249]},
						{"origin": [-4.05456, 26.65103, -2.39], "size": [4.2, 1.6, 4.9], "pivot": [-1.55456, 27.30103, 0.06], "rotation": [0, 0, 43.5], "uv": [230, 105]},
						{"origin": [0.9, 27.968, -2.49], "size": [3.3, 1, 5.1], "pivot": [4.98174, 27.29688, -0.39], "rotation": [0, 0, -15], "uv": [232, 174], "mirror": true},
						{"origin": [-4.2, 27.968, -2.49], "size": [3.3, 1, 5.1], "pivot": [-4.98174, 27.29688, -0.39], "rotation": [0, 0, 15], "uv": [232, 174]},
						{"origin": [0.8, 27.168, -2.39], "size": [3.4, 0.8, 4.9], "pivot": [4.98174, 27.29688, -0.39], "rotation": [0, 0, -15], "uv": [209, 232], "mirror": true},
						{"origin": [-4.2, 27.168, -2.39], "size": [3.4, 0.8, 4.9], "pivot": [-4.98174, 27.29688, -0.39], "rotation": [0, 0, 15], "uv": [209, 232]}
					]
				},
				{
					"name": "headdress",
					"parent": "UpperBody",
					"pivot": [0, 24.35, 3],
					"rotation": [0.5, 0, 0]
				},
				{
					"name": "headdressMiddle",
					"parent": "headdress",
					"pivot": [0, 25.35, 3.5],
					"cubes": [
						{"origin": [-2, 22.35, 2], "size": [4, 5, 3], "inflate": -0.7, "uv": [190, 182]}
					]
				},
				{
					"name": "headdressRightBottom",
					"parent": "headdress",
					"pivot": [0, 24.35, 3.5],
					"rotation": [0, 5, -55],
					"cubes": [
						{
							"origin": [-10.16754, 23.20265, 3.07283],
							"size": [10, 4, 1],
							"inflate": -0.3,
							"uv": {
								"north": {"uv": [164, 200], "uv_size": [10, 4]},
								"east": {"uv": [163, 200], "uv_size": [1, 4]},
								"south": {"uv": [175, 200], "uv_size": [10, 4]},
								"west": {"uv": [174, 200], "uv_size": [1, 4]},
								"up": {"uv": [164, 196], "uv_size": [10, 1]},
								"down": {"uv": [174, 200], "uv_size": [10, -1]}
							}
						}
					]
				},
				{
					"name": "headdressLeftBottom",
					"parent": "headdress",
					"pivot": [0, 24.35, 3.5],
					"rotation": [0, -5, 55],
					"cubes": [
						{"origin": [0.1104, 23.12074, 3.07783], "size": [10, 4, 1], "inflate": -0.3, "uv": [183, 171]}
					]
				},
				{
					"name": "headdressLeftTop",
					"parent": "headdress",
					"pivot": [-1, 24.85, 3.5],
					"rotation": [0, 10, 10],
					"cubes": [
						{"origin": [-7, 21.67205, 3.23235], "size": [7, 5, 1], "inflate": -0.3, "uv": [189, 176]}
					]
				},
				{
					"name": "headdressRightTop",
					"parent": "headdress",
					"pivot": [1, 24.85, 3.5],
					"rotation": [0, -10, -10],
					"cubes": [
						{"origin": [0.07021, 21.672, 3.2323], "size": [7, 5, 1], "inflate": -0.3, "uv": [180, 194]}
					]
				},
				{
					"name": "LeftWaistLocator",
					"parent": "UpperBody",
					"pivot": [4.25, 24.04907, -0.075],
					"rotation": [-20, 0, 0]
				},
				{
					"name": "RightWaistLocator",
					"parent": "UpperBody",
					"pivot": [-4.25, 24.04907, -0.075],
					"rotation": [-5, 0, 0]
				},
				{
					"name": "BackpackLocator",
					"parent": "UpperBody",
					"pivot": [0, 29.04907, -0.075]
				},
				{
					"name": "DownBody",
					"parent": "AllBody",
					"pivot": [0, 22.1491, 0],
					"cubes": [
						{"origin": [-3, 20.075, 0.625], "size": [6, 2.7, 1.225], "pivot": [0, 23.41174, 0.35], "rotation": [12.5, 0, 0], "uv": [26, 66]},
						{"origin": [1.98427, 19.61455, 1.25], "size": [1, 1, 1.125], "pivot": [0.98427, 20.28955, -0.25], "rotation": [0, 0, -20], "uv": [47, 32]},
						{"origin": [-2.98427, 19.61455, 1.25], "size": [1, 1, 1.125], "pivot": [-0.98427, 20.28955, -0.25], "rotation": [0, 0, 20], "uv": [47, 42]},
						{"origin": [-0.5, 19.2, -1.8], "size": [1, 1.3, 4.325], "uv": [29, 70]},
						{"origin": [-3.32283, 19.475, -1.8], "size": [2, 2, 3], "pivot": [0.00217, 23.825, -0.3], "rotation": [0, 0, 10], "uv": [71, 34]},
						{"origin": [1.32283, 19.475, -1.8], "size": [2, 2, 3], "pivot": [-0.00217, 23.825, -0.3], "rotation": [0, 0, -10], "uv": [71, 34], "mirror": true},
						{"origin": [-2.20927, 19.41455, -1.79], "size": [2, 1, 4.125], "pivot": [-0.98427, 20.11455, -0.3], "rotation": [0, 0, 20], "uv": [65, 45]},
						{"origin": [0.20927, 19.41455, -1.79], "size": [2, 1, 4.125], "pivot": [0.98427, 20.11455, -0.3], "rotation": [0, 0, -20], "uv": [65, 45], "mirror": true},
						{"origin": [-3.55, 19.325, -1.425], "size": [7.1, 1.2, 3.55], "uv": [42, 27]},
						{"origin": [-2.5, 20.125, -1.825], "size": [5, 2, 3.05], "uv": [40, 53]},
						{"origin": [2.3261, 19.36834, 0.5], "size": [1.075, 2.7, 1.35], "pivot": [0, 23.26174, 0.35], "rotation": [12.3159, 2.1539, -9.7676], "uv": [82, 24]},
						{"origin": [-3.4011, 19.36834, 0.5], "size": [1.075, 2.7, 1.35], "pivot": [0, 23.26174, 0.35], "rotation": [12.3159, -2.1539, 9.7676], "uv": [82, 24], "mirror": true}
					]
				},
				{
					"name": "LeftLeg",
					"parent": "DownBody",
					"pivot": [2.32, 19.55, 0],
					"cubes": [
						{
							"origin": [0.295, 10.55, -1.7],
							"size": [3.65, 10, 4.1],
							"uv": {
								"north": {"uv": [31, 29], "uv_size": [3, 10]},
								"east": {"uv": [37, 29], "uv_size": [3, 10]},
								"south": {"uv": [31, 29], "uv_size": [3, 10]},
								"west": {"uv": [34, 29], "uv_size": [3, 10]},
								"up": {"uv": [31, 25], "uv_size": [3, 4]},
								"down": {"uv": [34, 29], "uv_size": [3, -4]}
							}
						},
						{"origin": [0.245, 13.55, -1.65], "size": [1, 7, 4], "pivot": [0.32, 14.55, 1.3], "rotation": [0, 0, -3], "uv": [27, 25]},
						{"origin": [0.195, 19.13513, -0.19811], "size": [3.65, 2, 3], "pivot": [2.12, 19.93513, 1.70189], "rotation": [14.5, 0, 0], "uv": [63, 28]},
						{"origin": [0.24, 17.83513, 0.05189], "size": [3.6, 2, 3], "pivot": [2.12, 19.93513, 1.70189], "rotation": [-17.5, 0, 0], "uv": [63, 0]}
					]
				},
				{
					"name": "LeftLowerLeg",
					"parent": "LeftLeg",
					"pivot": [2.12, 11.1, 0.25],
					"cubes": [
						{"origin": [0.37, 9.6, -1.325], "size": [3.5, 2.8, 2.8], "pivot": [-0.08, 11.25, 0.325], "rotation": [45, 0, 0], "uv": [63, 12]},
						{
							"origin": [0.32, 1.9, -1.65],
							"size": [3.6, 9, 4],
							"uv": {
								"north": {"uv": [19, 40], "uv_size": [3, 9]},
								"east": {"uv": [22, 40], "uv_size": [3, 9]},
								"south": {"uv": [19, 40], "uv_size": [3, 9]},
								"west": {"uv": [22, 40], "uv_size": [3, 9]},
								"up": {"uv": [19, 36], "uv_size": [3, 4]},
								"down": {"uv": [22, 40], "uv_size": [3, -4]}
							}
						}
					]
				},
				{
					"name": "LeftFoot",
					"parent": "LeftLowerLeg",
					"pivot": [2.1075, 2.75, 0.4375],
					"cubes": [
						{"origin": [0.295, 0, -1.79], "size": [3.65, 3.3, 4.15], "uv": [43, 45]}
					]
				},
				{
					"name": "LeftSole",
					"parent": "LeftFoot",
					"pivot": [2.1575, 1.64523, -1.45569],
					"cubes": [
						{"origin": [0.325, 0.575, -3.725], "size": [3.565, 2, 3], "pivot": [2.6075, 1.4, -2.725], "rotation": [30.25, 0, 0], "uv": [62, 11]},
						{"origin": [0.32, 0.01, -4.175], "size": [3.575, 1.9, 3], "uv": [62, 11]}
					]
				},
				{
					"name": "bone26",
					"parent": "LeftFoot",
					"pivot": [2.1075, 0.15, -2.3625],
					"rotation": [-49, 0, 0],
					"cubes": [
						{
							"origin": [1.05231, 0.23579, -4.99],
							"size": [1.05, 1.1, 3.125],
							"pivot": [2.10231, 1.08579, -2.865],
							"rotation": [-10, 0, 0],
							"uv": {
								"north": {"uv": [196, 36], "uv_size": [-1, 1]},
								"east": {"uv": [199, 36], "uv_size": [-3, 1]},
								"south": {"uv": [200, 36], "uv_size": [-1, 1]},
								"west": {"uv": [195, 36], "uv_size": [-3, 1]},
								"up": {"uv": [196, 33], "uv_size": [-1, 3]},
								"down": {"uv": [197, 36], "uv_size": [-1, -3]}
							}
						},
						{
							"origin": [0.12731, 3.52774, -4.15894],
							"size": [3.95, 0.9, 4.5],
							"pivot": [2.10231, 3.35274, -1.90894],
							"rotation": [-100, 0, 0],
							"uv": {
								"north": {"uv": [10, 109], "uv_size": [-3, 1]},
								"east": {"uv": [6, 109], "uv_size": [-4, 1]},
								"south": {"uv": [18, 110], "uv_size": [-3, -4]},
								"west": {"uv": [6, 109], "uv_size": [-4, 1]},
								"up": {"uv": [11, 101], "uv_size": [-3, 4]},
								"down": {"uv": [14, 110], "uv_size": [-3, -4]}
							}
						},
						{
							"origin": [1.25231, 0.43579, -5.015],
							"size": [0.65, 0.7, 3.6],
							"pivot": [2.10231, 1.08579, -2.865],
							"rotation": [-10, 0, 0],
							"uv": {
								"north": {"uv": [46, 122], "uv_size": [0, 0]},
								"east": {"uv": [49, 122], "uv_size": [-3, 0]},
								"south": {"uv": [49, 122], "uv_size": [0, 0]},
								"west": {"uv": [46, 122], "uv_size": [-3, 0]},
								"up": {"uv": [46, 119], "uv_size": [0, 3]},
								"down": {"uv": [46, 122], "uv_size": [0, -3]}
							}
						},
						{
							"origin": [0.12731, 0.33579, -4.84],
							"size": [3.95, 0.9, 3.6],
							"pivot": [2.10231, 1.08579, -2.865],
							"rotation": [-10, 0, 0],
							"uv": {
								"north": {"uv": [32, 107], "uv_size": [-4, 1]},
								"east": {"uv": [37, 108], "uv_size": [-4, -1]},
								"south": {"uv": [30, 110], "uv_size": [-3, 4]},
								"west": {"uv": [37, 107], "uv_size": [-4, 1]},
								"up": {"uv": [28, 104], "uv_size": [-4, 4]},
								"down": {"uv": [28, 108], "uv_size": [-4, -4]}
							}
						},
						{
							"origin": [0.59, 1.16079, -4.84],
							"size": [1.725, 0.9, 2.575],
							"pivot": [2.10231, 1.08579, -2.865],
							"rotation": [0, -10, -90],
							"uv": {
								"north": {"uv": [27, 119], "uv_size": [-3, 4]},
								"east": {"uv": [31, 115], "uv_size": [-4, 4]},
								"south": {"uv": [39, 123], "uv_size": [-3, -4]},
								"west": {"uv": [24, 119], "uv_size": [-4, 4]},
								"up": {"uv": [27, 115], "uv_size": [-3, 4]},
								"down": {"uv": [30, 123], "uv_size": [-3, -4]}
							}
						},
						{
							"origin": [0.41481, 0.20633, -4.373],
							"size": [1.725, 0.9, 2.13],
							"pivot": [1.57731, 0.65633, -4.12283],
							"rotation": [0, -41, -90],
							"uv": {
								"north": {"uv": [27, 119], "uv_size": [-3, 4]},
								"east": {"uv": [31, 115], "uv_size": [-4, 4]},
								"south": {"uv": [39, 123], "uv_size": [-3, -4]},
								"west": {"uv": [24, 119], "uv_size": [-4, 4]},
								"up": {"uv": [27, 115], "uv_size": [-3, 4]},
								"down": {"uv": [30, 123], "uv_size": [-3, -4]}
							}
						}
					]
				},
				{
					"name": "bone27",
					"parent": "LeftFoot",
					"pivot": [2.1075, -7.25, 0.4375],
					"cubes": [
						{
							"origin": [0.13149, -0.16511, -4.39],
							"size": [3.9, 1.2, 7],
							"uv": {
								"north": {"uv": [13, 161], "uv_size": [-3, 1]},
								"east": {"uv": [20, 161], "uv_size": [-7, 1]},
								"south": {"uv": [23, 161], "uv_size": [-3, 1]},
								"west": {"uv": [10, 161], "uv_size": [-7, 1]},
								"up": {"uv": [13, 154], "uv_size": [-3, 7]},
								"down": {"uv": [16, 161], "uv_size": [-3, -7]}
							}
						}
					]
				},
				{
					"name": "bone1245",
					"parent": "LeftLowerLeg",
					"pivot": [0, 0, 0],
					"cubes": [
						{"origin": [0.13149, 10.03489, -1.89], "size": [4, 1, 4.5], "uv": [1, 118], "mirror": true}
					]
				},
				{
					"name": "bone24",
					"parent": "bone1245",
					"pivot": [3.15649, 5.75989, 0.21],
					"cubes": [
						{"origin": [-0.59351, 5.15989, -1.89], "size": [4.95, 1, 4.5], "pivot": [3.15649, 5.75989, 0.21], "rotation": [0, 0, -30], "uv": [1, 118], "mirror": true},
						{"origin": [-0.6935, 7.25989, -1.89], "size": [4.95, 1, 4.5], "pivot": [-3.10649, 5.75989, 0.21], "rotation": [0, 0, 30], "uv": [1, 118]}
					]
				},
				{
					"name": "bone25",
					"parent": "bone24",
					"pivot": [3.13149, 9.08489, 0.21],
					"cubes": [
						{"origin": [-0.56851, 8.48489, -1.89], "size": [4.9, 1, 4.5], "pivot": [3.13149, 9.08489, 0.21], "rotation": [0, 0, -30], "uv": [1, 118], "mirror": true},
						{"origin": [-0.6685, 10.58489, -1.89], "size": [4.9, 1, 4.5], "pivot": [-3.13149, 9.08489, 0.21], "rotation": [0, 0, 30], "uv": [1, 118]}
					]
				},
				{
					"name": "RightLeg",
					"parent": "DownBody",
					"pivot": [-2.32, 19.55, 0],
					"cubes": [
						{
							"origin": [-3.945, 10.55, -1.7],
							"size": [3.65, 10, 4.1],
							"uv": {
								"north": {"uv": [34, 29], "uv_size": [-3, 10]},
								"east": {"uv": [37, 29], "uv_size": [-3, 10]},
								"south": {"uv": [34, 29], "uv_size": [-3, 10]},
								"west": {"uv": [40, 29], "uv_size": [-3, 10]},
								"up": {"uv": [34, 25], "uv_size": [-3, 4]},
								"down": {"uv": [37, 29], "uv_size": [-3, -4]}
							}
						},
						{"origin": [-1.245, 13.55, -1.65], "size": [1, 7, 4], "pivot": [-0.32, 14.55, 1.3], "rotation": [0, 0, 3], "uv": [27, 25], "mirror": true},
						{"origin": [-3.845, 19.13513, -0.19811], "size": [3.65, 2, 3], "pivot": [-2.12, 19.93513, 1.70189], "rotation": [14.5, 0, 0], "uv": [63, 28], "mirror": true},
						{"origin": [-3.84, 17.83513, 0.05189], "size": [3.6, 2, 3], "pivot": [-2.12, 19.93513, 1.70189], "rotation": [-17.5, 0, 0], "uv": [63, 0], "mirror": true}
					]
				},
				{
					"name": "RightLowerLeg",
					"parent": "RightLeg",
					"pivot": [-2.12, 11.1, 0.25],
					"cubes": [
						{"origin": [-3.87, 9.6, -1.325], "size": [3.5, 2.8, 2.8], "pivot": [0.08, 11.25, 0.325], "rotation": [45, 0, 0], "uv": [63, 12], "mirror": true},
						{
							"origin": [-3.92, 1.9, -1.65],
							"size": [3.6, 9, 4],
							"uv": {
								"north": {"uv": [22, 40], "uv_size": [-3, 9]},
								"east": {"uv": [25, 40], "uv_size": [-3, 9]},
								"south": {"uv": [22, 40], "uv_size": [-3, 9]},
								"west": {"uv": [25, 40], "uv_size": [-3, 9]},
								"up": {"uv": [22, 36], "uv_size": [-3, 4]},
								"down": {"uv": [25, 40], "uv_size": [-3, -4]}
							}
						}
					]
				},
				{
					"name": "t",
					"parent": "RightLowerLeg",
					"pivot": [-2.1075, 2.75, 0.4375],
					"cubes": [
						{"origin": [-3.945, 0, -1.79], "size": [3.65, 3.3, 4.15], "uv": [43, 45], "mirror": true}
					]
				},
				{
					"name": "RightSole",
					"parent": "t",
					"pivot": [-2.1575, 1.64523, -1.45569],
					"cubes": [
						{"origin": [-3.89, 0.575, -3.725], "size": [3.565, 2, 3], "pivot": [-2.6075, 1.4, -2.725], "rotation": [30.25, 0, 0], "uv": [62, 11], "mirror": true},
						{"origin": [-3.895, 0.01, -4.175], "size": [3.575, 1.9, 3], "uv": [62, 11], "mirror": true}
					]
				},
				{
					"name": "bone22",
					"parent": "t",
					"pivot": [-2.1075, 0.15, -2.3625],
					"rotation": [-49, 0, 0],
					"cubes": [
						{
							"origin": [-2.10231, 0.23579, -4.99],
							"size": [1.05, 1.1, 3.125],
							"pivot": [-2.10231, 1.08579, -2.865],
							"rotation": [-10, 0, 0],
							"uv": {
								"north": {"uv": [195, 36], "uv_size": [1, 1]},
								"east": {"uv": [192, 36], "uv_size": [3, 1]},
								"south": {"uv": [199, 36], "uv_size": [1, 1]},
								"west": {"uv": [196, 36], "uv_size": [3, 1]},
								"up": {"uv": [195, 33], "uv_size": [1, 3]},
								"down": {"uv": [196, 36], "uv_size": [1, -3]}
							}
						},
						{
							"origin": [-4.07731, 3.52774, -4.15894],
							"size": [3.95, 0.9, 4.5],
							"pivot": [-2.10231, 3.35274, -1.90894],
							"rotation": [-100, 0, 0],
							"uv": {
								"north": {"uv": [7, 109], "uv_size": [3, 1]},
								"east": {"uv": [2, 109], "uv_size": [4, 1]},
								"south": {"uv": [15, 110], "uv_size": [3, -4]},
								"west": {"uv": [2, 109], "uv_size": [4, 1]},
								"up": {"uv": [8, 101], "uv_size": [3, 4]},
								"down": {"uv": [11, 110], "uv_size": [3, -4]}
							}
						},
						{
							"origin": [-1.90231, 0.43579, -5.015],
							"size": [0.65, 0.7, 3.6],
							"pivot": [-2.10231, 1.08579, -2.865],
							"rotation": [-10, 0, 0],
							"uv": {
								"north": {"uv": [46, 122], "uv_size": [0, 0]},
								"east": {"uv": [43, 122], "uv_size": [3, 0]},
								"south": {"uv": [49, 122], "uv_size": [0, 0]},
								"west": {"uv": [46, 122], "uv_size": [3, 0]},
								"up": {"uv": [46, 119], "uv_size": [0, 3]},
								"down": {"uv": [46, 122], "uv_size": [0, -3]}
							}
						},
						{
							"origin": [-4.07731, 0.33579, -4.84],
							"size": [3.95, 0.9, 3.6],
							"pivot": [-2.10231, 1.08579, -2.865],
							"rotation": [-10, 0, 0],
							"uv": {
								"north": {"uv": [28, 107], "uv_size": [4, 1]},
								"east": {"uv": [33, 107], "uv_size": [4, 1]},
								"south": {"uv": [27, 110], "uv_size": [3, 4]},
								"west": {"uv": [33, 108], "uv_size": [4, -1]},
								"up": {"uv": [24, 104], "uv_size": [4, 4]},
								"down": {"uv": [24, 108], "uv_size": [4, -4]}
							}
						},
						{
							"origin": [-2.315, 1.16079, -4.84],
							"size": [1.725, 0.9, 2.575],
							"pivot": [-2.10231, 1.08579, -2.865],
							"rotation": [0, 10, 90],
							"uv": {
								"north": {"uv": [24, 119], "uv_size": [3, 4]},
								"east": {"uv": [20, 119], "uv_size": [4, 4]},
								"south": {"uv": [36, 123], "uv_size": [3, -4]},
								"west": {"uv": [27, 115], "uv_size": [4, 4]},
								"up": {"uv": [24, 115], "uv_size": [3, 4]},
								"down": {"uv": [27, 123], "uv_size": [3, -4]}
							}
						},
						{
							"origin": [-2.13981, 0.20633, -4.373],
							"size": [1.725, 0.9, 2.13],
							"pivot": [-1.57731, 0.65633, -4.12283],
							"rotation": [0, 41, 90],
							"uv": {
								"north": {"uv": [24, 119], "uv_size": [3, 4]},
								"east": {"uv": [20, 119], "uv_size": [4, 4]},
								"south": {"uv": [36, 123], "uv_size": [3, -4]},
								"west": {"uv": [27, 115], "uv_size": [4, 4]},
								"up": {"uv": [24, 115], "uv_size": [3, 4]},
								"down": {"uv": [27, 123], "uv_size": [3, -4]}
							}
						}
					]
				},
				{
					"name": "bone23",
					"parent": "t",
					"pivot": [-2.1075, -7.25, 0.4375],
					"cubes": [
						{
							"origin": [-4.03149, -0.16511, -4.39],
							"size": [3.9, 1.2, 7],
							"pivot": [-2.08149, 0.43489, -0.89],
							"rotation": [0, 0, -180],
							"uv": {
								"north": {"uv": [10, 161], "uv_size": [3, 1]},
								"east": {"uv": [3, 161], "uv_size": [7, 1]},
								"south": {"uv": [20, 161], "uv_size": [3, 1]},
								"west": {"uv": [13, 161], "uv_size": [7, 1]},
								"up": {"uv": [10, 154], "uv_size": [3, 7]},
								"down": {"uv": [13, 161], "uv_size": [3, -7]}
							}
						}
					]
				},
				{
					"name": "bone21",
					"parent": "RightLowerLeg",
					"pivot": [-2.32, 19.55, 0],
					"cubes": [
						{"origin": [-4.13149, 10.03489, -1.89], "size": [4, 1, 4.5], "uv": [1, 118]}
					]
				},
				{
					"name": "bone20",
					"parent": "bone21",
					"pivot": [-3.15649, 5.75989, 0.21],
					"cubes": [
						{"origin": [-4.35649, 5.15989, -1.89], "size": [4.95, 1, 4.5], "pivot": [-3.15649, 5.75989, 0.21], "rotation": [0, 0, 30], "uv": [1, 118]},
						{"origin": [-4.2565, 7.25989, -1.89], "size": [4.95, 1, 4.5], "pivot": [3.10649, 5.75989, 0.21], "rotation": [0, 0, -30], "uv": [1, 118], "mirror": true}
					]
				},
				{
					"name": "bone19",
					"parent": "bone20",
					"pivot": [-3.13149, 9.08489, 0.21],
					"cubes": [
						{"origin": [-4.33149, 8.48489, -1.89], "size": [4.9, 1, 4.5], "pivot": [-3.13149, 9.08489, 0.21], "rotation": [0, 0, 30], "uv": [1, 118]},
						{"origin": [-4.2315, 10.58489, -1.89], "size": [4.9, 1, 4.5], "pivot": [3.13149, 9.08489, 0.21], "rotation": [0, 0, -30], "uv": [1, 118], "mirror": true}
					]
				},
				{
					"name": "bone9",
					"parent": "DownBody",
					"pivot": [0, 22.1491, 0],
					"cubes": [
						{"origin": [-3.90456, 20.70103, -2.09], "size": [1.4, 1, 4.6], "pivot": [-1.30456, 21.00103, -1.94], "rotation": [0, 0, 11], "uv": [124, 227]},
						{"origin": [2.50456, 20.70103, -2.09], "size": [1.4, 1, 4.6], "pivot": [1.30456, 21.00103, -1.94], "rotation": [0, 0, -11], "uv": [136, 232], "mirror": true}
					]
				},
				{
					"name": "bone14",
					"parent": "DownBody",
					"pivot": [0, 22.1491, 0],
					"cubes": [
						{
							"origin": [-2.04544, 19.15103, -2.49],
							"size": [1.9, 3.3, 0.6],
							"pivot": [-1.49544, 20.65103, -1.94],
							"rotation": [0, -15, -90],
							"uv": {
								"north": {"uv": [121, 234], "uv_size": [-1, 3]},
								"east": {"uv": [121, 234], "uv_size": [0, 3]},
								"south": {"uv": [122, 234], "uv_size": [-1, 3]},
								"west": {"uv": [120, 234], "uv_size": [2, 3]},
								"up": {"uv": [129, 245], "uv_size": [-2, -4]},
								"down": {"uv": [122, 234], "uv_size": [-1, 0]}
							}
						},
						{
							"origin": [-5.04544, 19.15103, -2.49],
							"size": [3, 4.5, 0.6],
							"pivot": [-1.49544, 20.65103, -1.94],
							"rotation": [0, -15, -90],
							"uv": {
								"north": {"uv": [123, 234], "uv_size": [-3, 4]},
								"east": {"uv": [123, 234], "uv_size": [0, 4]},
								"south": {"uv": [126, 234], "uv_size": [-3, 4]},
								"west": {"uv": [132, 234], "uv_size": [-3, 4]},
								"up": {"uv": [129, 238], "uv_size": [-3, -4]},
								"down": {"uv": [135, 234], "uv_size": [-3, 4]}
							}
						},
						{"origin": [-3.20456, 19.70103, -2.69], "size": [6.3, 2.7, 0.9], "pivot": [-1.30456, 21.00103, -1.94], "rotation": [0, 15, 90], "uv": [230, 105]}
					]
				},
				{
					"name": "bone13",
					"parent": "DownBody",
					"pivot": [0, 22.1491, 0],
					"cubes": [
						{
							"origin": [2.04544, 19.15103, -2.49],
							"size": [3, 4.5, 0.6],
							"pivot": [1.49544, 20.65103, -1.94],
							"rotation": [0, 15, 90],
							"uv": {
								"north": {"uv": [120, 234], "uv_size": [3, 4]},
								"east": {"uv": [129, 234], "uv_size": [3, 4]},
								"south": {"uv": [123, 234], "uv_size": [3, 4]},
								"west": {"uv": [123, 234], "uv_size": [0, 4]},
								"up": {"uv": [126, 238], "uv_size": [3, -4]},
								"down": {"uv": [132, 234], "uv_size": [3, 4]}
							}
						},
						{
							"origin": [0.14544, 19.15103, -2.49],
							"size": [1.9, 3.3, 0.6],
							"pivot": [1.49544, 20.65103, -1.94],
							"rotation": [0, 15, 90],
							"uv": {
								"north": {"uv": [120, 234], "uv_size": [1, 3]},
								"east": {"uv": [122, 234], "uv_size": [-2, 3]},
								"south": {"uv": [121, 234], "uv_size": [1, 3]},
								"west": {"uv": [121, 234], "uv_size": [0, 3]},
								"up": {"uv": [127, 245], "uv_size": [2, -4]},
								"down": {"uv": [121, 234], "uv_size": [1, 0]}
							}
						},
						{"origin": [-3.09544, 19.70103, -2.69], "size": [6.3, 2.7, 0.9], "pivot": [1.30456, 21.00103, -1.94], "rotation": [0, -15, -90], "uv": [230, 105], "mirror": true}
					]
				},
				{
					"name": "bone15",
					"parent": "DownBody",
					"pivot": [0, 22.1491, 0],
					"cubes": [
						{
							"origin": [-5.04544, 19.15103, 2.29],
							"size": [3, 4.5, 0.6],
							"pivot": [-1.49544, 20.65103, 1.94],
							"rotation": [0, 15, -90],
							"uv": {
								"north": {"uv": [123, 234], "uv_size": [3, 4]},
								"east": {"uv": [123, 234], "uv_size": [0, 4]},
								"south": {"uv": [120, 234], "uv_size": [3, 4]},
								"west": {"uv": [129, 234], "uv_size": [3, 4]},
								"up": {"uv": [129, 234], "uv_size": [-3, 4]},
								"down": {"uv": [135, 238], "uv_size": [-3, -4]}
							}
						},
						{
							"origin": [-2.04544, 19.15103, 2.29],
							"size": [1.9, 3.3, 0.6],
							"pivot": [-1.49544, 20.65103, 1.94],
							"rotation": [0, 15, -90],
							"uv": {
								"north": {"uv": [121, 234], "uv_size": [1, 3]},
								"east": {"uv": [121, 234], "uv_size": [0, 3]},
								"south": {"uv": [120, 234], "uv_size": [1, 3]},
								"west": {"uv": [122, 234], "uv_size": [-2, 3]},
								"up": {"uv": [129, 241], "uv_size": [-2, 4]},
								"down": {"uv": [122, 234], "uv_size": [-1, 0]}
							}
						},
						{"origin": [-3.20456, 19.70103, 2.19], "size": [6.3, 2.7, 0.9], "pivot": [-1.30456, 21.00103, 1.94], "rotation": [0, -15, 90], "uv": [230, 105]}
					]
				},
				{
					"name": "bone16",
					"parent": "DownBody",
					"pivot": [0, 22.1491, 0],
					"cubes": [
						{
							"origin": [2.04544, 19.15103, 2.29],
							"size": [3, 4.5, 0.6],
							"pivot": [1.49544, 20.65103, 1.94],
							"rotation": [0, -15, 90],
							"uv": {
								"north": {"uv": [126, 234], "uv_size": [-3, 4]},
								"east": {"uv": [132, 234], "uv_size": [-3, 4]},
								"south": {"uv": [123, 234], "uv_size": [-3, 4]},
								"west": {"uv": [123, 234], "uv_size": [0, 4]},
								"up": {"uv": [126, 234], "uv_size": [3, 4]},
								"down": {"uv": [132, 238], "uv_size": [3, -4]}
							}
						},
						{
							"origin": [0.14544, 19.15103, 2.29],
							"size": [1.9, 3.3, 0.6],
							"pivot": [1.49544, 20.65103, 1.94],
							"rotation": [0, -15, 90],
							"uv": {
								"north": {"uv": [122, 234], "uv_size": [-1, 3]},
								"east": {"uv": [120, 234], "uv_size": [2, 3]},
								"south": {"uv": [121, 234], "uv_size": [-1, 3]},
								"west": {"uv": [121, 234], "uv_size": [0, 3]},
								"up": {"uv": [127, 241], "uv_size": [2, 4]},
								"down": {"uv": [121, 234], "uv_size": [1, 0]}
							}
						},
						{"origin": [-3.09544, 19.70103, 2.19], "size": [6.3, 2.7, 0.9], "pivot": [1.30456, 21.00103, 1.94], "rotation": [0, 15, -90], "uv": [230, 105], "mirror": true}
					]
				},
				{
					"name": "bone17",
					"parent": "DownBody",
					"pivot": [0, 22.1491, 0],
					"cubes": [
						{
							"origin": [5.45, 16.39347, -0.92405],
							"size": [2, 4, 0.6],
							"pivot": [4.55456, 19.39347, -0.72405],
							"rotation": [90, 0, -109],
							"uv": {
								"north": {"uv": [150, 216], "uv_size": [-2, 4]},
								"east": {"uv": [150, 216], "uv_size": [0, 4]},
								"south": {"uv": [152, 216], "uv_size": [-2, 4]},
								"west": {"uv": [140, 216], "uv_size": [-2, 4]},
								"up": {"uv": [144, 220], "uv_size": [-2, -4]},
								"down": {"uv": [144, 220], "uv_size": [-2, -4]}
							}
						},
						{
							"origin": [2.45, 15.64347, -0.92405],
							"size": [3, 5.65, 0.6],
							"pivot": [4.55456, 19.39347, -0.72405],
							"rotation": [90, 0, -109],
							"uv": {
								"north": {"uv": [153, 225], "uv_size": [-3, 5]},
								"east": {"uv": [138, 225], "uv_size": [3, 5]},
								"south": {"uv": [156, 225], "uv_size": [-3, 5]},
								"west": {"uv": [146, 225], "uv_size": [-3, 5]},
								"up": {"uv": [149, 230], "uv_size": [-3, -5]},
								"down": {"uv": [149, 230], "uv_size": [-3, -5]}
							}
						}
					]
				},
				{
					"name": "bone18",
					"parent": "DownBody",
					"pivot": [0, 22.1491, 0],
					"cubes": [
						{
							"origin": [-5.45, 15.64347, -0.92405],
							"size": [3, 5.65, 0.6],
							"pivot": [-4.55456, 19.39347, -0.72405],
							"rotation": [90, 0, 109],
							"uv": {
								"north": {"uv": [150, 225], "uv_size": [3, 5]},
								"east": {"uv": [143, 225], "uv_size": [3, 5]},
								"south": {"uv": [153, 225], "uv_size": [3, 5]},
								"west": {"uv": [141, 225], "uv_size": [-3, 5]},
								"up": {"uv": [146, 230], "uv_size": [3, -5]},
								"down": {"uv": [146, 230], "uv_size": [3, -5]}
							}
						},
						{
							"origin": [-7.45, 16.39347, -0.92405],
							"size": [2, 4, 0.6],
							"pivot": [-4.55456, 19.39347, -0.72405],
							"rotation": [90, 0, 109],
							"uv": {
								"north": {"uv": [148, 216], "uv_size": [2, 4]},
								"east": {"uv": [138, 216], "uv_size": [2, 4]},
								"south": {"uv": [150, 216], "uv_size": [2, 4]},
								"west": {"uv": [150, 216], "uv_size": [0, 4]},
								"up": {"uv": [142, 220], "uv_size": [2, -4]},
								"down": {"uv": [142, 220], "uv_size": [2, -4]}
							}
						}
					]
				}
			]
		}
	]
}